category,strategy,solver,n_iters,converged,wall_time,final_pos_err_mm,final_orient_err_deg
general,cold,DLS,10,True,0.10833144187927246,3.6384661,0.04763409122824669
general,cold,DLS,300,False,0.9503190517425537,177.02362,8.378471374511719
general,cold,DLS,43,True,0.13344287872314453,3.873943,0.12166354060173035
general,cold,DLS,22,True,0.06440258026123047,4.956758,0.06147589534521103
general,cold,DLS,26,True,0.08758401870727539,4.5764256,0.032361507415771484
general,cold,DLS,10,True,0.04249095916748047,4.4417033,0.0
general,cold,DLS,6,True,0.02591562271118164,3.724508,0.0
general,cold,DLS,35,True,0.12666535377502441,4.414006,0.053626544773578644
general,cold,DLS,43,True,0.15876436233520508,4.8042207,0.04566171020269394
general,cold,DLS,300,False,0.9320673942565918,146.37999,0.9940382242202759
general,cold,DLS,29,True,0.08600211143493652,4.977284,0.07865499705076218
general,cold,DLS,17,True,0.05306220054626465,4.82398,0.025582751259207726
general,cold,DLS,300,False,0.9464595317840576,11.092821,9.340219497680664
general,cold,DLS,23,True,0.07088661193847656,4.71911,0.031380392611026764
general,cold,DLS,31,True,0.09571051597595215,4.4781065,0.0
general,cold,DLS,13,True,0.042610883712768555,3.8280632,0.09470196813344955
general,cold,DLS,99,True,0.3137376308441162,4.9471374,0.047588929533958435
general,cold,DLS,18,True,0.05782604217529297,4.0173173,0.06459087133407593
general,cold,DLS,300,False,0.9902386665344238,10.503894,1.9300838708877563
general,cold,DLS,32,True,0.09519076347351074,4.680499,0.08434329181909561
general,cold,DLS,300,False,0.9610037803649902,286.64438,0.2048475295305252
general,cold,DLS,5,True,0.017472028732299805,4.052828,0.1127505674958229
general,cold,DLS,73,True,0.21153903007507324,4.8714266,0.08515062183141708
general,cold,DLS,45,True,0.13815808296203613,4.9765105,0.0
general,cold,DLS,17,True,0.050290584564208984,4.8675632,0.02501014992594719
general,cold,DLS,300,False,0.952042818069458,80.6244,0.6649754643440247
general,cold,DLS,16,True,0.04769611358642578,4.715731,0.11016145348548889
general,cold,DLS,17,True,0.0482330322265625,4.602871,0.050648633390665054
general,cold,DLS,21,True,0.06057167053222656,4.999221,0.09857994318008423
general,cold,DLS,300,False,0.9147863388061523,33.968994,20.212244033813477
general,cold,DLS,22,True,0.06616950035095215,3.94792,0.05070622265338898
general,cold,DLS,27,True,0.08051729202270508,4.579124,0.038401734083890915
general,cold,DLS,12,True,0.043027400970458984,4.1220417,0.0
general,cold,DLS,29,True,0.09058785438537598,4.5595717,0.0
general,cold,DLS,49,True,0.15030860900878906,4.851974,0.05538969486951828
general,cold,DLS,22,True,0.06980109214782715,4.6956143,0.0
general,cold,DLS,20,True,0.06681632995605469,4.0900254,0.018768366426229477
general,cold,DLS,15,True,0.04767441749572754,4.1977544,0.08527886867523193
general,cold,DLS,40,True,0.11845827102661133,4.723626,0.03699713572859764
general,cold,DLS,12,True,0.035919904708862305,4.7064276,0.0
general,cold,DLS,112,True,0.3365309238433838,4.895623,0.06113499775528908
general,cold,DLS,10,True,0.044881343841552734,4.8995185,0.07212866842746735
general,cold,DLS,300,False,0.93843674659729,59.976505,0.4265243113040924
general,cold,DLS,14,True,0.042894601821899414,4.1999373,0.04290993884205818
general,cold,DLS,300,False,0.9577012062072754,51.349216,18.56315040588379
general,cold,DLS,25,True,0.07762289047241211,4.5486407,0.0
general,cold,DLS,49,True,0.1476132869720459,4.9871025,0.048238907009363174
general,cold,DLS,300,False,1.0173933506011963,191.71646,0.5262683033943176
general,cold,DLS,71,True,0.23217368125915527,4.722696,0.03827285021543503
general,cold,DLS,18,True,0.06077837944030762,4.781585,0.053215011954307556
general,cold,DLS,300,False,0.9370737075805664,222.31133,9.437070846557617
general,cold,DLS,20,True,0.06441926956176758,4.910007,0.08962739259004593
general,cold,DLS,19,True,0.07253623008728027,4.648756,0.0
general,cold,DLS,18,True,0.05941581726074219,4.5539603,0.05534699931740761
general,cold,DLS,9,True,0.03833413124084473,4.4176908,0.0506550669670105
general,cold,DLS,300,False,0.9748725891113281,33.566845,0.15019533038139343
general,cold,DLS,14,True,0.04288601875305176,4.7259436,0.0
general,cold,DLS,14,True,0.04320120811462402,4.5904646,0.0
general,cold,DLS,29,True,0.08636999130249023,4.760663,0.03459399938583374
general,cold,DLS,30,True,0.0888679027557373,4.867849,0.03796772286295891
general,cold,DLS,18,True,0.055634498596191406,4.590842,0.1268567442893982
general,cold,DLS,21,True,0.07219672203063965,4.858555,0.026570575311779976
general,cold,DLS,34,True,0.11607003211975098,4.7771916,0.1194940060377121
general,cold,DLS,300,False,0.9275808334350586,33.94834,6.436854362487793
general,cold,DLS,24,True,0.07374715805053711,4.959846,0.026827041059732437
general,cold,DLS,300,False,0.9067792892456055,9.053948,0.07473701238632202
general,cold,DLS,11,True,0.04457402229309082,4.895002,0.04250624030828476
general,cold,DLS,300,False,0.9682517051696777,143.70059,1.083247423171997
general,cold,DLS,300,False,0.9278333187103271,14.697786,0.06246895343065262
general,cold,DLS,15,True,0.04904961585998535,4.2453556,0.0
general,cold,DLS,35,True,0.11252093315124512,4.642313,0.0401485450565815
general,cold,DLS,89,True,0.27254271507263184,4.7925653,0.07502137124538422
general,cold,DLS,300,False,0.9550173282623291,47.21251,2.8553850650787354
general,cold,DLS,11,True,0.03399014472961426,3.7698662,0.05347495526075363
general,cold,DLS,115,True,0.3598062992095947,4.8549037,0.044797055423259735
general,cold,DLS,10,True,0.028552770614624023,3.1089604,0.026835590600967407
general,cold,DLS,19,True,0.06275439262390137,4.880755,0.06474228203296661
general,cold,DLS,16,True,0.04896140098571777,4.0708556,0.0
general,cold,DLS,11,True,0.03487133979797363,3.5088158,0.0
general,cold,DLS,21,True,0.07033467292785645,4.903755,0.0
general,cold,DLS,56,True,0.17701029777526855,4.64575,0.08542618155479431
general,cold,DLS,300,False,0.9127750396728516,22.012655,3.2765586376190186
general,cold,DLS,300,False,0.9185070991516113,150.34662,0.5198853611946106
general,cold,DLS,61,True,0.21861743927001953,4.909601,0.027415849268436432
general,cold,DLS,13,True,0.04567456245422363,4.6583576,0.027530040591955185
general,cold,DLS,22,True,0.06418633460998535,4.876081,0.08497151732444763
general,cold,DLS,17,True,0.049866437911987305,4.8196044,0.09839963167905807
general,cold,DLS,52,True,0.17092561721801758,4.72116,0.06671846657991409
general,cold,DLS,26,True,0.08613419532775879,4.021093,0.0
general,cold,DLS,300,False,0.9326348304748535,123.01377,66.2411880493164
general,cold,DLS,25,True,0.0737147331237793,4.86851,0.12668828666210175
general,cold,DLS,20,True,0.05966019630432129,4.877503,0.04186856374144554
general,cold,DLS,93,True,0.3407323360443115,4.9620676,0.16390615701675415
general,cold,DLS,300,False,0.8801524639129639,14.043873,0.0433388352394104
general,cold,DLS,300,False,0.9657516479492188,144.8911,0.8813390731811523
general,cold,DLS,52,True,0.16051602363586426,4.8883176,0.0
general,cold,DLS,300,False,0.959092378616333,22.77366,1.629058837890625
general,cold,DLS,16,True,0.06400799751281738,4.851887,0.05469997227191925
general,cold,DLS,61,True,0.19494152069091797,4.9987416,0.0
general,cold,DLS,21,True,0.0657649040222168,3.8633754,0.09312345087528229
general,cold,DLS,31,True,0.09329009056091309,4.5063233,0.03810427710413933
general,cold,DLS,300,False,0.8914206027984619,25.055477,1.8530234098434448
general,cold,DLS,300,False,0.917473316192627,7.641636,0.051697541028261185
general,cold,DLS,11,True,0.03853011131286621,3.1958382,0.0
general,cold,DLS,19,True,0.061620473861694336,4.3498297,0.03715919703245163
general,cold,DLS,9,True,0.03984570503234863,4.429478,0.06238881126046181
general,cold,DLS,61,True,0.20131683349609375,4.7893553,0.03967691957950592
general,cold,DLS,13,True,0.0441131591796875,3.685389,0.025443369522690773
general,cold,DLS,58,True,0.21555185317993164,4.8946443,0.04246186465024948
general,cold,DLS,25,True,0.08188414573669434,4.7329235,0.03243907541036606
general,cold,DLS,33,True,0.10552287101745605,4.9962635,0.14287540316581726
general,cold,DLS,300,False,0.8831825256347656,37.281033,0.07879593968391418
general,cold,DLS,70,True,0.22454571723937988,4.9563465,0.043552033603191376
general,cold,DLS,193,True,0.5877094268798828,4.79771,0.0
general,cold,DLS,29,True,0.08896112442016602,4.28783,0.0
general,cold,DLS,300,False,0.8919074535369873,71.876915,0.9312334060668945
general,cold,DLS,34,True,0.09949636459350586,4.918465,0.06812267005443573
general,cold,DLS,35,True,0.10915493965148926,4.8410287,0.0
general,cold,DLS,29,True,0.08799576759338379,4.5872273,0.03990941494703293
general,cold,DLS,7,True,0.030337810516357422,3.2613726,0.1234893724322319
general,cold,DLS,29,True,0.08936905860900879,4.630055,0.05949508771300316
general,cold,DLS,22,True,0.07136940956115723,3.8510625,0.03093758039176464
general,cold,DLS,300,False,0.9416143894195557,38.71263,11.363330841064453
general,cold,DLS,23,True,0.07189130783081055,4.3831744,0.0
general,cold,DLS,43,True,0.13461780548095703,4.9974194,0.05859552323818207
general,cold,DLS,15,True,0.04441952705383301,4.2888083,0.0501071996986866
general,cold,DLS,25,True,0.0712120532989502,4.384301,0.04247177764773369
general,cold,DLS,40,True,0.11915445327758789,4.893706,0.03943625092506409
general,cold,DLS,300,False,0.9193227291107178,12.487106,5.021320819854736
general,cold,DLS,18,True,0.05346274375915527,4.536954,0.0
general,cold,DLS,51,True,0.15292596817016602,4.203228,0.044828493148088455
general,cold,DLS,13,True,0.03900551795959473,4.080121,0.0
general,cold,DLS,33,True,0.09808588027954102,4.6485076,0.0
general,cold,DLS,20,True,0.062456607818603516,3.7929835,0.04997989162802696
general,cold,DLS,300,False,0.9121541976928711,81.459076,38.44632339477539
general,cold,DLS,300,False,0.9062116146087646,10.991428,0.9450710415840149
general,cold,DLS,300,False,0.9610204696655273,80.38564,8.24506950378418
general,cold,DLS,35,True,0.11046218872070312,4.86732,0.051139842718839645
general,cold,DLS,22,True,0.06571674346923828,4.2459154,0.05935169756412506
general,cold,DLS,76,True,0.24950003623962402,4.708969,0.05049348995089531
general,cold,DLS,15,True,0.04494166374206543,4.605791,0.038519181311130524
general,cold,DLS,30,True,0.09287643432617188,4.9343257,0.03934914618730545
general,cold,DLS,16,True,0.047832489013671875,4.1931357,0.055342767387628555
general,cold,DLS,300,False,0.9034388065338135,26.208138,0.0
general,cold,DLS,300,False,0.9170205593109131,99.18067,9.670672416687012
general,cold,DLS,300,False,0.9919545650482178,578.7517,10.719781875610352
general,cold,DLS,37,True,0.1136312484741211,4.9968724,0.041546329855918884
general,cold,DLS,300,False,0.9598309993743896,429.5025,8.195232391357422
general,cold,DLS,29,True,0.08564496040344238,4.5438905,0.0501256100833416
general,cold,DLS,16,True,0.04941511154174805,4.435622,0.0
general,cold,DLS,300,False,0.9043478965759277,135.09857,0.803966760635376
general,cold,DLS,300,False,0.8981080055236816,78.196785,7.465290546417236
general,cold,DLS,43,True,0.1417067050933838,4.8415594,0.037911560386419296
general,cold,DLS,29,True,0.08421945571899414,4.4594707,0.05933507904410362
general,cold,DLS,300,False,0.9072539806365967,79.942726,9.606572151184082
general,cold,DLS,12,True,0.0381474494934082,3.3258452,0.05025213211774826
general,cold,DLS,300,False,0.9390256404876709,46.879745,5.309155464172363
general,cold,DLS,300,False,0.9150035381317139,29.07494,0.08798576146364212
general,cold,DLS,24,True,0.07997488975524902,4.053517,0.014945648610591888
general,cold,DLS,54,True,0.15793752670288086,4.679392,0.06979086250066757
general,cold,DLS,47,True,0.14076638221740723,4.941824,0.04809221997857094
general,cold,DLS,30,True,0.09292912483215332,4.372717,0.0
general,cold,DLS,14,True,0.04902815818786621,4.2287326,0.050435055047273636
general,cold,DLS,43,True,0.1395258903503418,4.2127476,0.07033555209636688
general,cold,DLS,11,True,0.033182621002197266,4.815277,0.027894921600818634
general,cold,DLS,13,True,0.038840532302856445,3.4832962,0.06056457757949829
general,cold,DLS,11,True,0.03497672080993652,4.2144413,0.04875357076525688
general,cold,DLS,37,True,0.13302350044250488,4.977435,0.033873628824949265
general,cold,DLS,18,True,0.05617046356201172,4.8568535,0.0
general,cold,DLS,15,True,0.0475156307220459,3.928225,0.028816966339945793
general,cold,DLS,300,False,0.923729658126831,258.551,19.63055992126465
general,cold,DLS,25,True,0.07659125328063965,4.091879,0.0
general,cold,DLS,65,True,0.19686532020568848,4.7852635,0.07164892554283142
general,cold,DLS,84,True,0.2540438175201416,4.8001323,0.06905616074800491
general,cold,DLS,20,True,0.05736732482910156,3.6783125,0.053490132093429565
general,cold,DLS,22,True,0.0691826343536377,4.06059,0.03418127819895744
general,cold,DLS,27,True,0.10470867156982422,4.624814,0.05862773209810257
general,cold,DLS,300,False,0.9667394161224365,314.70923,90.90400695800781
general,cold,DLS,300,False,0.9457802772521973,82.17458,1.961931586265564
general,cold,DLS,15,True,0.04722881317138672,3.7905078,0.0
general,cold,DLS,37,True,0.11490130424499512,4.6627316,0.17931737005710602
general,cold,DLS,300,False,0.9129354953765869,121.93796,21.89682960510254
general,cold,DLS,300,False,0.9366848468780518,120.09125,0.7653858065605164
general,cold,DLS,108,True,0.3341825008392334,4.8089004,0.08252836018800735
general,cold,DLS,15,True,0.05152702331542969,3.4039662,0.0
general,cold,DLS,9,True,0.03901243209838867,4.591773,0.0
general,cold,DLS,15,True,0.061025142669677734,4.912028,0.3496387004852295
general,cold,DLS,22,True,0.06803774833679199,4.5081143,0.043678514659404755
general,cold,DLS,40,True,0.13740754127502441,4.8573446,0.12922878563404083
general,cold,DLS,300,False,0.9636800289154053,145.70798,0.6594363451004028
general,cold,DLS,17,True,0.05046844482421875,4.99122,0.0523451492190361
general,cold,DLS,68,True,0.22434115409851074,4.867253,0.0589151605963707
general,cold,DLS,15,True,0.04595041275024414,4.110409,0.05851837620139122
general,cold,DLS,21,True,0.06891012191772461,3.4886723,0.018483219668269157
general,cold,DLS,17,True,0.05058717727661133,4.911865,0.04670682176947594
general,cold,DLS,29,True,0.08931970596313477,4.663036,0.09540843218564987
general,cold,DLS,300,False,0.9176480770111084,101.75074,23.23297882080078
general,cold,DLS,59,True,0.18544554710388184,4.999067,0.05038819834589958
general,cold,DLS,21,True,0.06580424308776855,4.951086,0.0467330701649189
general,cold,DLS,14,True,0.04665780067443848,4.080562,0.03832150623202324
general,cold,DLS,22,True,0.06970596313476562,4.1714115,0.049307990819215775
general,cold,DLS,300,False,0.947317361831665,29.015596,6.549817085266113
general,cold,DLS,300,False,0.9936435222625732,41.88159,9.369226455688477
general,cold,DLS,33,True,0.11832380294799805,4.290344,0.14569103717803955
general,cold,DLS,17,True,0.0598599910736084,3.855108,0.0
general,cold,DLS,7,True,0.02306056022644043,3.8727229,0.069206103682518
general,cold,DLS,300,False,0.9329450130462646,82.39854,0.24838422238826752
general,cold,DLS,18,True,0.05650663375854492,4.238794,0.04877858981490135
general,cold,DLS,36,True,0.1108083724975586,4.9678144,0.0
general,cold,DLS,300,False,0.9387466907501221,69.74837,1.5594500303268433
general,cold,DLS,101,True,0.30983471870422363,4.464756,0.05347822979092598
general,cold,DLS,12,True,0.038106679916381836,4.0255766,0.0487750768661499
general,cold,DLS,30,True,0.0896604061126709,4.5148234,0.1466694474220276
general,cold,DLS,34,True,0.11649012565612793,4.9751015,0.04909142479300499
general,cold,DLS,49,True,0.16604924201965332,4.7192497,0.036945655941963196
general,cold,DLS,21,True,0.09807491302490234,4.349845,0.2279382050037384
general,cold,DLS,24,True,0.07680177688598633,3.0300605,0.09746147692203522
general,cold,DLS,300,False,0.9633305072784424,114.55744,39.256778717041016
general,cold,DLS,300,False,0.9806010723114014,169.94992,16.12201690673828
general,cold,DLS,300,False,0.9352355003356934,76.503136,0.3528295159339905
general,cold,DLS,14,True,0.04380297660827637,3.5472686,0.05198227986693382
general,cold,DLS,19,True,0.05644536018371582,4.285544,0.016313761472702026
general,cold,DLS,29,True,0.08846640586853027,4.7158723,0.0
general,cold,DLS,12,True,0.0370638370513916,3.887486,0.06284938007593155
general,cold,DLS,45,True,0.13846039772033691,4.9837008,0.06124657019972801
general,cold,DLS,300,False,0.9608664512634277,194.84007,2.4136550426483154
general,cold,DLS,53,True,0.1665341854095459,4.543957,0.048566460609436035
general,cold,DLS,71,True,0.2203371524810791,4.8638425,0.03434845060110092
general,cold,DLS,30,True,0.10389471054077148,3.7998145,0.043974265456199646
general,cold,DLS,300,False,0.9798731803894043,252.39989,19.15838623046875
general,cold,DLS,15,True,0.053940773010253906,4.055481,0.029131092131137848
general,cold,DLS,31,True,0.09554243087768555,4.5283394,0.11146437376737595
general,cold,DLS,16,True,0.051889657974243164,3.871082,0.0
general,cold,DLS,38,True,0.11567449569702148,4.740027,0.07397206872701645
general,cold,DLS,30,True,0.09094667434692383,4.7509947,0.04323570057749748
general,cold,DLS,300,False,0.939633846282959,43.378433,0.3689942955970764
general,cold,DLS,11,True,0.0352022647857666,3.6248333,0.05971966311335564
general,cold,DLS,16,True,0.0482640266418457,4.3893986,0.07494083791971207
general,cold,DLS,38,True,0.13611435890197754,4.862374,0.0
general,cold,DLS,65,True,0.19543123245239258,4.7840004,0.05753667652606964
general,cold,DLS,30,True,0.08896017074584961,4.7862277,0.037317633628845215
general,cold,DLS,28,True,0.08457565307617188,4.449185,0.04139609634876251
general,cold,DLS,26,True,0.08110570907592773,4.3739777,0.092155821621418
general,cold,DLS,41,True,0.13831233978271484,4.801122,0.0
general,cold,DLS,14,True,0.04596376419067383,3.8228757,0.05041748285293579
general,cold,DLS,9,True,0.031225919723510742,4.863213,0.05195605754852295
general,cold,DLS,35,True,0.10588526725769043,4.9479914,0.0
general,cold,DLS,113,True,0.3531980514526367,4.97635,0.05733541399240494
general,cold,DLS,17,True,0.0586855411529541,4.4803114,0.05229191854596138
general,cold,DLS,96,True,0.2991464138031006,4.892986,0.2542535662651062
general,cold,DLS,300,False,1.0629844665527344,50.067688,0.5127457976341248
general,cold,DLS,47,True,0.14434456825256348,4.861167,0.0568980947136879
general,cold,DLS,24,True,0.07797670364379883,4.66602,0.19876320660114288
general,cold,DLS,300,False,0.9096426963806152,203.62259,17.368078231811523
general,cold,DLS,300,False,0.9336864948272705,184.16232,5.159397602081299
general,cold,DLS,25,True,0.08043813705444336,4.626919,0.08098236471414566
general,cold,DLS,12,True,0.036788225173950195,4.271536,0.08588030934333801
general,cold,DLS,17,True,0.05486297607421875,4.808042,0.06488962471485138
general,cold,DLS,184,True,0.5710346698760986,4.5557575,0.08293654024600983
general,cold,DLS,300,False,0.9480326175689697,336.0853,42.1250114440918
general,cold,DLS,18,True,0.055806875228881836,3.5785685,0.07116501033306122
general,cold,DLS,31,True,0.09448671340942383,4.7672205,0.0
general,cold,DLS,34,True,0.10947394371032715,4.658716,0.040460359305143356
general,cold,DLS,300,False,1.0290372371673584,147.44691,2.6956429481506348
general,cold,DLS,18,True,0.0603785514831543,4.9807,0.08793534338474274
general,cold,DLS,35,True,0.1025228500366211,4.76456,0.053973861038684845
general,cold,DLS,11,True,0.03253507614135742,3.3588047,0.03508610278367996
general,cold,DLS,300,False,1.0189592838287354,23.154638,0.23697932064533234
general,cold,DLS,300,False,1.0141754150390625,11.7011595,2.7805516719818115
general,cold,DLS,62,True,0.2055339813232422,4.932483,0.24198710918426514
general,cold,DLS,21,True,0.07047319412231445,4.977556,0.0
general,cold,DLS,9,True,0.027936220169067383,2.9857485,0.0626339390873909
general,cold,DLS,130,True,0.4218723773956299,4.906557,0.0
general,cold,DLS,47,True,0.15705657005310059,4.6615877,0.05562061071395874
general,cold,DLS,60,True,0.17940402030944824,4.695283,0.0
general,cold,DLS,56,True,0.16777396202087402,4.8237343,0.0
general,cold,DLS,22,True,0.08766531944274902,4.5834517,0.06460366398096085
general,cold,DLS,300,False,0.9250783920288086,143.40157,0.3708156645298004
general,cold,DLS,300,False,1.1117863655090332,65.82026,6.811636447906494
general,cold,DLS,19,True,0.06253385543823242,3.5197022,0.031700342893600464
general,cold,DLS,19,True,0.0708763599395752,4.991411,0.0
general,cold,DLS,19,True,0.09161520004272461,4.8497376,0.0864940956234932
general,cold,DLS,16,True,0.056941986083984375,3.8877144,0.0249371025711298
general,cold,DLS,6,True,0.017804622650146484,4.2629404,0.10117388516664505
general,cold,DLS,41,True,0.12866806983947754,4.8769755,0.03461683541536331
general,cold,DLS,12,True,0.04536032676696777,4.415278,0.06216205656528473
general,cold,DLS,18,True,0.05124926567077637,4.641916,0.0
general,cold,DLS,300,False,0.8667128086090088,105.72164,4.8441386222839355
general,cold,DLS,300,False,0.9890305995941162,61.010193,0.6135243773460388
general,cold,DLS,23,True,0.06685328483581543,4.8244576,0.04111161828041077
general,cold,DLS,34,True,0.10228943824768066,4.479243,0.05931814759969711
general,cold,DLS,17,True,0.050421714782714844,3.6764162,0.0
general,cold,DLS,27,True,0.08194136619567871,4.4345636,0.04219530150294304
general,cold,DLS,300,False,0.9619829654693604,77.88843,7.372733116149902
general,cold,DLS,300,False,0.928635835647583,22.653038,0.24209687113761902
general,cold,DLS,300,False,0.9092848300933838,139.07942,13.332510948181152
general,cold,DLS,24,True,0.07257270812988281,4.9631658,0.03692416474223137
general,cold,DLS,81,True,0.2731029987335205,4.9136705,0.0
general,cold,DLS,10,True,0.03419208526611328,4.8313937,0.07890210300683975
general,cold,DLS,34,True,0.11854386329650879,4.5551004,0.05610586702823639
general,cold,CCD,7,True,0.12100934982299805,4.8515186,36.21809387207031
general,cold,CCD,8,True,0.10437178611755371,3.147391,172.57215881347656
general,cold,CCD,7,True,0.12180829048156738,2.26873,159.28231811523438
general,cold,CCD,13,True,0.18015074729919434,4.2532825,125.88265991210938
general,cold,CCD,7,True,0.0921468734741211,1.3987157,169.0741729736328
general,cold,CCD,9,True,0.11132192611694336,2.916248,135.27734375
general,cold,CCD,7,True,0.09564089775085449,0.2768268,40.364051818847656
general,cold,CCD,12,True,0.15529561042785645,4.086195,82.17971801757812
general,cold,CCD,9,True,0.11667346954345703,2.7576513,147.48008728027344
general,cold,CCD,42,True,0.5424964427947998,4.7895536,146.09915161132812
general,cold,CCD,6,True,0.07747554779052734,4.144923,104.7258071899414
general,cold,CCD,5,True,0.062455177307128906,2.5892942,165.4622344970703
general,cold,CCD,28,True,0.36742591857910156,4.702604,138.3017578125
general,cold,CCD,8,True,0.09907865524291992,1.2323648,171.24856567382812
general,cold,CCD,6,True,0.08755373954772949,1.0772353,99.16069030761719
general,cold,CCD,15,True,0.1986839771270752,3.807349,173.77081298828125
general,cold,CCD,7,True,0.08585286140441895,2.6520567,89.78426361083984
general,cold,CCD,7,True,0.09619355201721191,1.6467785,45.21867370605469
general,cold,CCD,6,True,0.0740959644317627,1.6210879,161.47015380859375
general,cold,CCD,6,True,0.07915782928466797,2.674401,144.7885284423828
general,cold,CCD,7,True,0.08625030517578125,0.95550245,155.35523986816406
general,cold,CCD,7,True,0.12326931953430176,1.681718,115.91561126708984
general,cold,CCD,7,True,0.10426592826843262,1.5310405,167.71539306640625
general,cold,CCD,6,True,0.07454586029052734,3.6867373,66.8049545288086
general,cold,CCD,8,True,0.1102604866027832,3.7462635,108.17466735839844
general,cold,CCD,11,True,0.13754868507385254,4.1767783,102.51338195800781
general,cold,CCD,8,True,0.1025245189666748,2.467963,123.88739776611328
general,cold,CCD,10,True,0.13079833984375,4.724575,67.9720458984375
general,cold,CCD,10,True,0.11994218826293945,3.4763725,133.87686157226562
general,cold,CCD,7,True,0.08324098587036133,0.07176394,75.89277648925781
general,cold,CCD,37,True,0.557788610458374,4.8752007,159.7465057373047
general,cold,CCD,8,True,0.1333160400390625,3.2423608,86.8277816772461
general,cold,CCD,8,True,0.12759709358215332,1.3141931,49.808837890625
general,cold,CCD,12,True,0.14954328536987305,4.691571,59.41946029663086
general,cold,CCD,18,True,0.22203564643859863,4.8764796,78.69554138183594
general,cold,CCD,7,True,0.09302735328674316,4.898238,159.44000244140625
general,cold,CCD,10,True,0.15406203269958496,3.2128778,60.746742248535156
general,cold,CCD,7,True,0.09592890739440918,3.5858955,111.47444915771484
general,cold,CCD,9,True,0.11049818992614746,0.5285125,163.9574432373047
general,cold,CCD,10,True,0.12402153015136719,4.7115817,54.216434478759766
general,cold,CCD,9,True,0.1126105785369873,4.67478,171.51776123046875
general,cold,CCD,8,True,0.09907317161560059,0.8662014,159.8387451171875
general,cold,CCD,5,True,0.0612027645111084,3.5753846,131.90353393554688
general,cold,CCD,7,True,0.08407855033874512,4.070169,166.0716094970703
general,cold,CCD,7,True,0.09316182136535645,0.94447714,142.72845458984375
general,cold,CCD,9,True,0.1153712272644043,0.6468883,114.58570098876953
general,cold,CCD,8,True,0.12068819999694824,2.0278997,154.68663024902344
general,cold,CCD,8,True,0.10284852981567383,1.462289,73.06909942626953
general,cold,CCD,6,True,0.07590579986572266,2.7748477,100.52595520019531
general,cold,CCD,6,True,0.08398556709289551,3.8481324,133.27630615234375
general,cold,CCD,9,True,0.10882377624511719,1.3528792,140.86277770996094
general,cold,CCD,6,True,0.07350826263427734,1.741143,71.81412506103516
general,cold,CCD,7,True,0.08908653259277344,1.4917923,119.495849609375
general,cold,CCD,11,True,0.13192248344421387,4.4261065,118.01224517822266
general,cold,CCD,9,True,0.11052250862121582,2.39494,127.93685150146484
general,cold,CCD,9,True,0.1087045669555664,3.684323,134.72882080078125
general,cold,CCD,9,True,0.13126230239868164,2.8910449,110.20369720458984
general,cold,CCD,9,True,0.11697697639465332,3.620836,43.839012145996094
general,cold,CCD,8,True,0.09829998016357422,0.20253588,167.14756774902344
general,cold,CCD,8,True,0.09694409370422363,4.94742,64.6280746459961
general,cold,CCD,8,True,0.09894990921020508,4.7783127,124.4328842163086
general,cold,CCD,10,True,0.12109231948852539,3.386894,46.88967514038086
general,cold,CCD,9,True,0.11330270767211914,1.0201849,153.40811157226562
general,cold,CCD,8,True,0.09977602958679199,2.9008675,151.99948120117188
general,cold,CCD,6,True,0.07277703285217285,4.9430265,122.8758773803711
general,cold,CCD,5,True,0.0632627010345459,2.7434406,129.29934692382812
general,cold,CCD,7,True,0.10333013534545898,4.5433197,98.8266830444336
general,cold,CCD,8,True,0.11127161979675293,4.217555,129.52627563476562
general,cold,CCD,13,True,0.15814614295959473,3.4757817,46.16881561279297
general,cold,CCD,12,True,0.19012165069580078,4.9159274,161.07174682617188
general,cold,CCD,8,True,0.12242865562438965,1.5866953,97.54020690917969
general,cold,CCD,4,True,0.052204132080078125,3.6870823,115.14012908935547
general,cold,CCD,9,True,0.12144637107849121,0.58211285,159.75872802734375
general,cold,CCD,7,True,0.08660197257995605,4.2859583,66.92241668701172
general,cold,CCD,9,True,0.11984515190124512,4.9641404,116.76954650878906
general,cold,CCD,8,True,0.10792231559753418,2.8052783,85.70057678222656
general,cold,CCD,13,True,0.15767621994018555,4.823322,117.70587158203125
general,cold,CCD,10,True,0.14817285537719727,3.9893804,99.85775756835938
general,cold,CCD,11,True,0.1387629508972168,2.1966417,100.75171661376953
general,cold,CCD,7,True,0.08396387100219727,3.4327006,172.86856079101562
general,cold,CCD,5,True,0.06065249443054199,4.0220637,73.26826477050781
general,cold,CCD,14,True,0.17248225212097168,4.6836877,142.28492736816406
general,cold,CCD,11,True,0.14818167686462402,3.826787,167.10198974609375
general,cold,CCD,9,True,0.12188196182250977,3.978549,158.25897216796875
general,cold,CCD,4,True,0.05332827568054199,0.3328132,85.75684356689453
general,cold,CCD,5,True,0.06071829795837402,0.4937753,153.17062377929688
general,cold,CCD,7,True,0.08627033233642578,2.3662024,148.46583557128906
general,cold,CCD,7,True,0.09128761291503906,4.0979424,168.20907592773438
general,cold,CCD,8,True,0.10493016242980957,4.100647,41.51835632324219
general,cold,CCD,7,True,0.08448958396911621,1.0321565,140.4566650390625
general,cold,CCD,9,True,0.10869288444519043,2.689424,157.8926239013672
general,cold,CCD,7,True,0.0841987133026123,2.777694,114.4378433227539
general,cold,CCD,8,True,0.09954071044921875,3.1783402,69.26825714111328
general,cold,CCD,10,True,0.14091730117797852,1.2700276,137.8707275390625
general,cold,CCD,10,True,0.1351468563079834,3.7582738,106.31460571289062
general,cold,CCD,9,True,0.11418962478637695,0.7709846,145.00982666015625
general,cold,CCD,11,True,0.13370728492736816,2.1770287,40.96904373168945
general,cold,CCD,7,True,0.08904337882995605,4.1865244,134.90870666503906
general,cold,CCD,9,True,0.12600040435791016,0.96884626,101.35885620117188
general,cold,CCD,7,True,0.10233712196350098,4.954348,82.22118377685547
general,cold,CCD,8,True,0.1049339771270752,1.2061999,156.90724182128906
general,cold,CCD,13,True,0.16353368759155273,3.5797093,95.22814178466797
general,cold,CCD,9,True,0.12379288673400879,1.0536846,179.911865234375
general,cold,CCD,8,True,0.12017035484313965,1.4100571,173.27169799804688
general,cold,CCD,12,True,0.14795684814453125,4.7935,99.39305114746094
general,cold,CCD,9,True,0.11136078834533691,0.59198487,56.970802307128906
general,cold,CCD,5,True,0.06288361549377441,2.9151952,98.05474853515625
general,cold,CCD,9,True,0.11163711547851562,3.846371,177.30804443359375
general,cold,CCD,8,True,0.10373830795288086,1.3166333,176.32615661621094
general,cold,CCD,25,True,0.36807847023010254,4.6896424,118.39511108398438
general,cold,CCD,13,True,0.1573488712310791,4.2868867,155.85142517089844
general,cold,CCD,10,True,0.12073540687561035,4.9674897,123.19210052490234
general,cold,CCD,4,True,0.04995250701904297,2.71806,124.47745513916016
general,cold,CCD,9,True,0.11081194877624512,3.1743956,131.09381103515625
general,cold,CCD,12,True,0.17745280265808105,3.6409364,41.04668045043945
general,cold,CCD,12,True,0.1465129852294922,3.7253723,89.04215240478516
general,cold,CCD,9,True,0.12549829483032227,3.2866857,136.37452697753906
general,cold,CCD,11,True,0.14672088623046875,4.409401,118.94630432128906
general,cold,CCD,7,True,0.09142684936523438,1.9549359,169.17002868652344
general,cold,CCD,3,True,0.03725910186767578,3.330877,79.303955078125
general,cold,CCD,7,True,0.0982811450958252,3.2134447,172.38731384277344
general,cold,CCD,8,True,0.09468412399291992,1.0970397,151.1219940185547
general,cold,CCD,7,True,0.08378362655639648,2.7323825,40.208011627197266
general,cold,CCD,8,True,0.09352850914001465,0.47808245,152.7738037109375
general,cold,CCD,9,True,0.11213874816894531,0.48981288,103.20001983642578
general,cold,CCD,8,True,0.09873461723327637,3.0191798,139.30072021484375
general,cold,CCD,8,True,0.10748887062072754,1.5910223,88.88438415527344
general,cold,CCD,5,True,0.06489849090576172,4.1167464,84.64373779296875
general,cold,CCD,13,True,0.17274713516235352,4.382601,105.1697006225586
general,cold,CCD,8,True,0.09696054458618164,4.4145947,178.57614135742188
general,cold,CCD,8,True,0.1000823974609375,0.6439862,86.5297622680664
general,cold,CCD,8,True,0.09979081153869629,3.0593822,169.5663604736328
general,cold,CCD,4,True,0.0533754825592041,2.8015873,45.80181884765625
general,cold,CCD,8,True,0.09539461135864258,2.905518,41.58979797363281
general,cold,CCD,10,True,0.11986422538757324,2.8817217,136.87774658203125
general,cold,CCD,9,True,0.1301288604736328,0.25417313,107.7427749633789
general,cold,CCD,10,True,0.13652801513671875,0.61238056,126.30610656738281
general,cold,CCD,4,True,0.05385851860046387,0.4232605,136.23802185058594
general,cold,CCD,8,True,0.0944664478302002,2.0722852,89.23340606689453
general,cold,CCD,8,True,0.09741544723510742,4.4057875,81.16046905517578
general,cold,CCD,7,True,0.0791938304901123,1.6895773,160.4718475341797
general,cold,CCD,8,True,0.09767818450927734,0.5457863,153.2199249267578
general,cold,CCD,8,True,0.09442996978759766,4.1282926,131.3382568359375
general,cold,CCD,11,True,0.14171552658081055,4.1751695,164.37782287597656
general,cold,CCD,7,True,0.09572339057922363,4.0822864,110.75994873046875
general,cold,CCD,10,True,0.13139557838439941,1.7633352,150.2789764404297
general,cold,CCD,9,True,0.11732864379882812,3.1255693,78.15727233886719
general,cold,CCD,10,True,0.15625596046447754,3.6258209,174.15652465820312
general,cold,CCD,5,True,0.06303048133850098,0.9832196,116.82701873779297
general,cold,CCD,8,True,0.11171722412109375,0.51446,152.73089599609375
general,cold,CCD,16,True,0.22835969924926758,4.6982093,102.29570770263672
general,cold,CCD,8,True,0.09671306610107422,0.653884,87.7908706665039
general,cold,CCD,8,True,0.10153031349182129,2.65044,164.1142120361328
general,cold,CCD,8,True,0.10006833076477051,1.2624859,137.3650665283203
general,cold,CCD,9,True,0.1225283145904541,0.35338044,116.55553436279297
general,cold,CCD,7,True,0.10754060745239258,3.5039496,165.8456268310547
general,cold,CCD,9,True,0.11519885063171387,4.1331644,53.130638122558594
general,cold,CCD,3,True,0.03713083267211914,0.71891886,101.15681457519531
general,cold,CCD,4,True,0.04871487617492676,1.1546979,174.11549377441406
general,cold,CCD,7,True,0.08679771423339844,4.9026484,154.05841064453125
general,cold,CCD,6,True,0.08151841163635254,3.324222,112.9882583618164
general,cold,CCD,6,True,0.07669234275817871,2.0229616,143.76080322265625
general,cold,CCD,8,True,0.10097241401672363,2.4875994,88.53124237060547
general,cold,CCD,21,True,0.27185487747192383,4.8368154,106.83070373535156
general,cold,CCD,4,True,0.05335712432861328,4.0928006,142.16989135742188
general,cold,CCD,6,True,0.07932114601135254,4.2061267,142.85629272460938
general,cold,CCD,7,True,0.0885770320892334,3.7641072,116.40718078613281
general,cold,CCD,7,True,0.09381747245788574,3.179634,129.81016540527344
general,cold,CCD,3,True,0.03743267059326172,4.2158694,94.26770782470703
general,cold,CCD,7,True,0.08314037322998047,1.4283504,169.32662963867188
general,cold,CCD,9,True,0.11213517189025879,4.9025493,104.57844543457031
general,cold,CCD,10,True,0.12259817123413086,3.5906181,167.14662170410156
general,cold,CCD,8,True,0.09619617462158203,0.8453512,120.29051208496094
general,cold,CCD,7,True,0.0879676342010498,2.741018,134.11843872070312
general,cold,CCD,8,True,0.09773755073547363,3.1976752,134.21400451660156
general,cold,CCD,37,True,0.48783040046691895,4.34144,129.56585693359375
general,cold,CCD,4,True,0.0481114387512207,1.4072446,138.3917999267578
general,cold,CCD,21,True,0.25844860076904297,3.5378153,125.79347229003906
general,cold,CCD,4,True,0.049327850341796875,3.568069,22.49773597717285
general,cold,CCD,11,True,0.13576841354370117,2.0096045,54.105567932128906
general,cold,CCD,8,True,0.11309814453125,3.8994677,85.33863067626953
general,cold,CCD,8,True,0.10491037368774414,2.950232,142.67684936523438
general,cold,CCD,8,True,0.0980992317199707,2.2619374,163.03573608398438
general,cold,CCD,7,True,0.0897974967956543,2.3723695,142.73269653320312
general,cold,CCD,7,True,0.08761262893676758,3.2084322,102.703857421875
general,cold,CCD,6,True,0.0749504566192627,3.1180952,80.91012573242188
general,cold,CCD,20,True,0.24267053604125977,4.029307,119.92616271972656
general,cold,CCD,8,True,0.09808492660522461,3.4944046,137.5799560546875
general,cold,CCD,8,True,0.0982968807220459,2.9129093,149.07704162597656
general,cold,CCD,12,True,0.16501569747924805,3.3108456,142.63345336914062
general,cold,CCD,4,True,0.052806854248046875,3.1052694,146.91262817382812
general,cold,CCD,9,True,0.11311912536621094,1.5653907,149.92881774902344
general,cold,CCD,8,True,0.10364174842834473,4.1823015,153.27359008789062
general,cold,CCD,7,True,0.08326053619384766,2.9938903,113.31437683105469
general,cold,CCD,9,True,0.11711835861206055,2.686638,92.35321807861328
general,cold,CCD,4,True,0.05482339859008789,4.677632,149.58282470703125
general,cold,CCD,8,True,0.12106442451477051,0.4216575,85.53345489501953
general,cold,CCD,7,True,0.0825657844543457,1.3902754,125.03871154785156
general,cold,CCD,5,True,0.0625772476196289,1.07256,127.7329330444336
general,cold,CCD,7,True,0.09502911567687988,2.6417603,122.91633605957031
general,cold,CCD,7,True,0.08989262580871582,3.3070781,138.47756958007812
general,cold,CCD,7,True,0.09694290161132812,1.8510097,122.68575286865234
general,cold,CCD,9,True,0.11260080337524414,3.8411853,150.85292053222656
general,cold,CCD,11,True,0.1376020908355713,4.195667,134.11402893066406
general,cold,CCD,7,True,0.08440804481506348,3.9362252,77.55307006835938
general,cold,CCD,8,True,0.09912562370300293,0.26732966,173.93112182617188
general,cold,CCD,6,True,0.07508015632629395,0.5690033,125.63619995117188
general,cold,CCD,9,True,0.11114144325256348,2.2205222,160.20079040527344
general,cold,CCD,6,True,0.07319307327270508,1.6078709,100.05122375488281
general,cold,CCD,7,True,0.08690524101257324,1.8855449,141.50701904296875
general,cold,CCD,8,True,0.11741113662719727,2.1748927,100.41765594482422
general,cold,CCD,11,True,0.13428974151611328,4.8536415,153.88099670410156
general,cold,CCD,10,True,0.1237635612487793,4.3911905,132.57655334472656
general,cold,CCD,8,True,0.0964665412902832,0.7772749,130.29502868652344
general,cold,CCD,8,True,0.09891557693481445,0.72244,166.36605834960938
general,cold,CCD,7,True,0.08688759803771973,0.7142571,153.5912322998047
general,cold,CCD,20,True,0.24665093421936035,3.9982414,177.755615234375
general,cold,CCD,14,True,0.20914649963378906,4.9385157,118.5449447631836
general,cold,CCD,9,True,0.11958050727844238,2.9078898,115.4821548461914
general,cold,CCD,9,True,0.12815022468566895,4.4155054,127.09874725341797
general,cold,CCD,7,True,0.11264610290527344,1.5930411,152.18502807617188
general,cold,CCD,8,True,0.10345172882080078,1.0971183,125.05123901367188
general,cold,CCD,9,True,0.11428022384643555,3.8703437,15.87768268585205
general,cold,CCD,7,True,0.09226131439208984,3.0257685,159.08364868164062
general,cold,CCD,9,True,0.10743951797485352,1.9477788,104.82624053955078
general,cold,CCD,18,True,0.2350478172302246,4.7079163,41.6214714050293
general,cold,CCD,8,True,0.10704374313354492,1.3096781,125.19579315185547
general,cold,CCD,8,True,0.09917712211608887,1.8628004,114.7422103881836
general,cold,CCD,9,True,0.1139383316040039,2.9592738,139.1079864501953
general,cold,CCD,8,True,0.10238432884216309,3.9773095,102.4229507446289
general,cold,CCD,5,True,0.0619053840637207,1.8057133,130.4250030517578
general,cold,CCD,3,True,0.038062334060668945,2.4355717,179.23455810546875
general,cold,CCD,5,True,0.06053781509399414,3.6015873,144.8037567138672
general,cold,CCD,7,True,0.08647036552429199,4.314418,106.16069793701172
general,cold,CCD,9,True,0.14498090744018555,4.3819027,88.38347625732422
general,cold,CCD,9,True,0.11603331565856934,2.839223,32.86308670043945
general,cold,CCD,19,True,0.24436426162719727,4.8922358,130.21859741210938
general,cold,CCD,12,True,0.15001773834228516,4.8289366,172.2136993408203
general,cold,CCD,8,True,0.09590697288513184,1.9447224,179.42286682128906
general,cold,CCD,8,True,0.09954476356506348,0.65438384,160.49143981933594
general,cold,CCD,7,True,0.0879673957824707,2.0364127,170.110107421875
general,cold,CCD,8,True,0.10097479820251465,0.7383097,108.55715942382812
general,cold,CCD,9,True,0.10823798179626465,4.739584,103.59013366699219
general,cold,CCD,7,True,0.09876084327697754,4.042416,144.82379150390625
general,cold,CCD,7,True,0.08644795417785645,2.592403,117.6529769897461
general,cold,CCD,9,True,0.13055896759033203,4.243089,118.12811279296875
general,cold,CCD,5,True,0.07316756248474121,1.4716703,152.0078582763672
general,cold,CCD,9,True,0.11195802688598633,2.2870655,158.59425354003906
general,cold,CCD,22,True,0.28212904930114746,4.6655946,84.01670837402344
general,cold,CCD,10,True,0.14371871948242188,3.6465743,119.6705093383789
general,cold,CCD,9,True,0.10931515693664551,0.5254522,68.55377197265625
general,cold,CCD,13,True,0.16921305656433105,3.3726578,129.10084533691406
general,cold,CCD,9,True,0.12027335166931152,3.5281181,152.3285369873047
general,cold,CCD,10,True,0.12256455421447754,2.442481,165.46287536621094
general,cold,CCD,8,True,0.10309553146362305,0.33998013,125.51126098632812
general,cold,CCD,6,True,0.09584617614746094,1.4738761,133.11083984375
general,cold,CCD,7,True,0.09322643280029297,1.949114,144.58827209472656
general,cold,CCD,7,True,0.09978914260864258,2.285415,145.06739807128906
general,cold,CCD,9,True,0.12064146995544434,0.80323404,129.23251342773438
general,cold,CCD,8,True,0.10572314262390137,4.9523773,173.421142578125
general,cold,CCD,8,True,0.10172176361083984,2.8898437,135.30072021484375
general,cold,CCD,10,True,0.13144993782043457,0.732386,107.29203796386719
general,cold,CCD,7,True,0.09776663780212402,3.4244676,114.30123901367188
general,cold,CCD,8,True,0.09920096397399902,3.2552888,137.381591796875
general,cold,CCD,4,True,0.06807136535644531,1.4825572,108.0849609375
general,cold,CCD,10,True,0.11853480339050293,2.6262417,144.1344451904297
general,cold,CCD,8,True,0.10166049003601074,2.5309052,147.26536560058594
general,cold,CCD,5,True,0.11658620834350586,1.9156902,60.40524673461914
general,cold,CCD,7,True,0.08512544631958008,1.812107,127.80632781982422
general,cold,CCD,3,True,0.04253101348876953,0.5017681,177.27052307128906
general,cold,CCD,7,True,0.08756542205810547,1.1365112,129.2001953125
general,cold,CCD,16,True,0.20785093307495117,4.5633726,116.90633392333984
general,cold,CCD,7,True,0.08728551864624023,2.9261603,175.27508544921875
general,cold,CCD,9,True,0.10718846321105957,4.303827,179.19268798828125
general,cold,CCD,15,True,0.18893742561340332,4.2421913,37.89094543457031
general,cold,CCD,10,True,0.13524365425109863,3.4610884,136.8926239013672
general,cold,CCD,12,True,0.162278413772583,4.511388,165.03872680664062
general,cold,CCD,9,True,0.13467001914978027,0.84297395,98.11000061035156
general,cold,CCD,8,True,0.10297250747680664,4.743877,88.98045349121094
general,cold,CCD,10,True,0.12508606910705566,2.9593036,106.4338150024414
general,cold,CCD,9,True,0.1118781566619873,3.8346345,121.71053314208984
general,cold,CCD,5,True,0.06144142150878906,1.5196736,158.36825561523438
general,cold,CCD,8,True,0.10396933555603027,4.1927814,94.01629638671875
general,cold,CCD,8,True,0.0982367992401123,2.969026,114.37592315673828
general,cold,CCD,11,True,0.13674330711364746,2.376503,178.32315063476562
general,cold,CCD,7,True,0.08587193489074707,4.7012143,172.22265625
general,cold,CCD,7,True,0.09858822822570801,2.3094018,138.543212890625
general,cold,CCD,14,True,0.18210291862487793,4.319357,99.05628967285156
general,cold,CCD,8,True,0.09713149070739746,1.6561037,116.37496948242188
general,cold,CCD,5,True,0.0633401870727539,3.5232434,132.2007293701172
general,cold,CCD,10,True,0.12028074264526367,2.7760923,62.14425277709961
general,cold,CCD,6,True,0.0956110954284668,4.0083895,153.83419799804688
general,cold,CCD,7,True,0.08610820770263672,2.2075999,117.5631103515625
general,cold,CCD,8,True,0.10928630828857422,3.8080888,61.47054672241211
general,cold,CCD,8,True,0.09431743621826172,0.4009382,144.7401580810547
general,cold,CCD,7,True,0.08602309226989746,2.5110521,88.20108795166016
general,cold,CCD,8,True,0.1088113784790039,0.122243,129.8279571533203
general,cold,CCD,8,True,0.11085724830627441,3.665573,125.91302490234375
general,cold,CCD,7,True,0.08635234832763672,3.2549887,164.40499877929688
general,cold,CCD,7,True,0.09492135047912598,2.3256814,67.84232330322266
general,pinn,DLS,2,True,0.0079345703125,4.788279,0.03591739758849144
general,pinn,DLS,300,False,0.935636043548584,177.02362,8.378471374511719
general,pinn,DLS,61,True,0.1774454116821289,3.873943,0.12166354060173035
general,pinn,DLS,2,True,0.007357358932495117,4.059261,0.09844143688678741
general,pinn,DLS,61,True,0.18209004402160645,4.5764256,0.032361507415771484
general,pinn,DLS,2,True,0.007362842559814453,4.060859,0.040902186185121536
general,pinn,DLS,1,True,0.004883527755737305,1.803173,0.06058403477072716
general,pinn,DLS,1,True,0.003996610641479492,3.6951416,0.05610932037234306
general,pinn,DLS,1,True,0.00439763069152832,4.6986504,0.04385903850197792
general,pinn,DLS,300,False,0.9192426204681396,146.37991,0.9940539598464966
general,pinn,DLS,12,True,0.0415034294128418,4.88822,0.0774058848619461
general,pinn,DLS,44,True,0.13976693153381348,4.82398,0.025582751259207726
general,pinn,DLS,300,False,0.9061226844787598,11.093146,9.340210914611816
general,pinn,DLS,4,True,0.012268543243408203,4.6181393,0.052712734788656235
general,pinn,DLS,11,True,0.03312277793884277,4.82004,0.036021631211042404
general,pinn,DLS,3,True,0.010606765747070312,4.4591694,0.12807150185108185
general,pinn,DLS,75,True,0.22140145301818848,4.9219017,0.06899844855070114
general,pinn,DLS,6,True,0.018533706665039062,4.312253,0.06256991624832153
general,pinn,DLS,300,False,0.9672677516937256,10.503776,1.9300768375396729
general,pinn,DLS,3,True,0.012372493743896484,4.306933,0.0
general,pinn,DLS,10,True,0.03173398971557617,4.9630666,0.0
general,pinn,DLS,99,True,0.30550646781921387,4.052828,0.1127505674958229
general,pinn,DLS,141,True,0.4129214286804199,4.8714266,0.08515062183141708
general,pinn,DLS,66,True,0.19917821884155273,4.9765105,0.0
general,pinn,DLS,23,True,0.06941056251525879,4.741833,0.0
general,pinn,DLS,300,False,0.9323697090148926,80.624214,0.6649942994117737
general,pinn,DLS,11,True,0.03312349319458008,4.31478,0.10649783909320831
general,pinn,DLS,13,True,0.042305946350097656,4.9109163,0.1224152222275734
general,pinn,DLS,6,True,0.02763199806213379,4.92621,0.08738678693771362
general,pinn,DLS,6,True,0.02059149742126465,4.402904,0.10340593010187149
general,pinn,DLS,41,True,0.12688112258911133,3.94792,0.05070622265338898
general,pinn,DLS,17,True,0.0557403564453125,4.4481525,0.0759706124663353
general,pinn,DLS,3,True,0.009315729141235352,3.8058913,0.0
general,pinn,DLS,57,True,0.16416311264038086,4.5595717,0.0
general,pinn,DLS,10,True,0.034407615661621094,4.5911074,0.23715341091156006
general,pinn,DLS,48,True,0.15680193901062012,4.6956143,0.0
general,pinn,DLS,1,True,0.004800319671630859,3.7452338,0.08329524099826813
general,pinn,DLS,7,True,0.021331787109375,4.0253153,0.08564118295907974
general,pinn,DLS,63,True,0.18789458274841309,4.6662416,0.0
general,pinn,DLS,54,True,0.19256019592285156,4.7064276,0.0
general,pinn,DLS,132,True,0.40036582946777344,4.895623,0.06113499775528908
general,pinn,DLS,69,True,0.21577906608581543,4.8995185,0.07212866842746735
general,pinn,DLS,300,False,0.9476652145385742,59.976498,0.42652755975723267
general,pinn,DLS,34,True,0.0996088981628418,4.1999373,0.04290993884205818
general,pinn,DLS,300,False,0.9011874198913574,51.349216,18.56315040588379
general,pinn,DLS,10,True,0.028809070587158203,4.7025847,0.06992527097463608
general,pinn,DLS,112,True,0.3570990562438965,4.9710155,0.06363368034362793
general,pinn,DLS,9,True,0.027873754501342773,4.2686915,0.056300725787878036
general,pinn,DLS,3,True,0.009535551071166992,4.61559,0.045141369104385376
general,pinn,DLS,6,True,0.019112348556518555,4.633613,0.05877675116062164
general,pinn,DLS,36,True,0.11731290817260742,4.9287,0.0450400672852993
general,pinn,DLS,6,True,0.01917290687561035,4.538056,0.07825126498937607
general,pinn,DLS,13,True,0.04365420341491699,4.7643895,0.0
general,pinn,DLS,55,True,0.16448497772216797,4.5539603,0.05534699931740761
general,pinn,DLS,3,True,0.01024937629699707,4.4504957,0.08891051262617111
general,pinn,DLS,300,False,0.9015858173370361,34.58622,0.15392084419727325
general,pinn,DLS,54,True,0.159637451171875,4.7259436,0.0
general,pinn,DLS,8,True,0.024753332138061523,4.697226,0.021372148767113686
general,pinn,DLS,2,True,0.010548591613769531,2.840923,0.0
general,pinn,DLS,14,True,0.05938553810119629,4.912507,0.04493222385644913
general,pinn,DLS,2,True,0.006840944290161133,4.99025,0.18284159898757935
general,pinn,DLS,21,True,0.0579681396484375,4.979294,0.041625481098890305
general,pinn,DLS,300,False,0.9303948879241943,28.961777,0.2710915803909302
general,pinn,DLS,300,False,0.9046049118041992,33.948353,6.43686056137085
general,pinn,DLS,2,True,0.0065555572509765625,4.4749336,0.0
general,pinn,DLS,300,False,0.9553306102752686,8.968889,0.07428387552499771
general,pinn,DLS,2,True,0.006894826889038086,3.163975,0.03188605606555939
general,pinn,DLS,300,False,0.905174732208252,143.70058,1.0832489728927612
general,pinn,DLS,300,False,0.9579603672027588,14.623033,0.06101667135953903
general,pinn,DLS,2,True,0.009319782257080078,3.468258,0.039882220327854156
general,pinn,DLS,15,True,0.04773664474487305,4.8035216,0.04562554880976677
general,pinn,DLS,156,True,0.46225714683532715,4.7925653,0.07502137124538422
general,pinn,DLS,300,False,0.9515774250030518,49.983284,3.5994555950164795
general,pinn,DLS,3,True,0.011260986328125,3.195989,0.0660032108426094
general,pinn,DLS,13,True,0.03926491737365723,4.883733,0.0
general,pinn,DLS,4,True,0.01606464385986328,3.3233318,0.005205200519412756
general,pinn,DLS,11,True,0.035416364669799805,4.1402116,0.03620968386530876
general,pinn,DLS,5,True,0.015424966812133789,4.6270237,0.03851902857422829
general,pinn,DLS,6,True,0.01825714111328125,4.38652,0.0
general,pinn,DLS,2,True,0.007893800735473633,4.213188,0.0
general,pinn,DLS,83,True,0.2682764530181885,4.4947915,0.0412948802113533
general,pinn,DLS,138,True,0.41338181495666504,4.9949107,0.03539784997701645
general,pinn,DLS,25,True,0.07392668724060059,4.9258833,0.04647060111165047
general,pinn,DLS,107,True,0.31537795066833496,4.909601,0.027415849268436432
general,pinn,DLS,7,True,0.02131199836730957,4.428494,0.06940016150474548
general,pinn,DLS,21,True,0.08237266540527344,4.8018074,0.08180411905050278
general,pinn,DLS,165,True,0.527874231338501,4.8216286,0.08259258419275284
general,pinn,DLS,97,True,0.2848472595214844,4.72116,0.06671846657991409
general,pinn,DLS,4,True,0.014000654220581055,4.9428988,0.0376775749027729
general,pinn,DLS,300,False,0.9680814743041992,123.01277,66.24137115478516
general,pinn,DLS,6,True,0.01950550079345703,4.6597395,0.11689095944166183
general,pinn,DLS,15,True,0.0466463565826416,4.6764627,0.04317476600408554
general,pinn,DLS,39,True,0.13437247276306152,4.4816747,1.0802067518234253
general,pinn,DLS,85,True,0.2644038200378418,4.9875135,0.026584282517433167
general,pinn,DLS,300,False,0.9720742702484131,144.89113,0.8813381791114807
general,pinn,DLS,29,True,0.08873319625854492,4.8720675,0.0
general,pinn,DLS,35,True,0.10448908805847168,4.9395494,0.010433890856802464
general,pinn,DLS,43,True,0.12578082084655762,4.851887,0.05469997227191925
general,pinn,DLS,250,True,0.7616910934448242,4.9987416,0.0
general,pinn,DLS,3,True,0.011992454528808594,4.056515,0.07858827710151672
general,pinn,DLS,79,True,0.24531912803649902,4.5063233,0.03810427710413933
general,pinn,DLS,30,True,0.09878158569335938,4.7693367,0.06537186354398727
general,pinn,DLS,56,True,0.20884966850280762,4.8944197,0.0
general,pinn,DLS,39,True,0.12173962593078613,3.1958382,0.0
general,pinn,DLS,48,True,0.15406370162963867,4.3498297,0.03715919703245163
general,pinn,DLS,20,True,0.059211015701293945,4.9655356,0.05158981680870056
general,pinn,DLS,4,True,0.01328897476196289,4.7931004,0.04148427024483681
general,pinn,DLS,4,True,0.014281988143920898,4.493312,0.05115259811282158
general,pinn,DLS,72,True,0.21021080017089844,4.981177,0.05779745802283287
general,pinn,DLS,1,True,0.005281209945678711,4.6713195,0.14895185828208923
general,pinn,DLS,61,True,0.22852063179016113,4.9962635,0.14287540316581726
general,pinn,DLS,4,True,0.013764619827270508,4.9103336,0.052042677998542786
general,pinn,DLS,243,True,0.7716341018676758,4.9563465,0.043552033603191376
general,pinn,DLS,63,True,0.18828201293945312,4.9517336,0.0
general,pinn,DLS,5,True,0.016166210174560547,3.965802,0.051424045115709305
general,pinn,DLS,300,False,0.9887049198150635,71.87693,0.9312263131141663
general,pinn,DLS,6,True,0.018349647521972656,4.9684386,0.06594044715166092
general,pinn,DLS,4,True,0.012548208236694336,4.973603,0.08756347745656967
general,pinn,DLS,300,False,0.9757668972015381,72.44889,0.21262510120868683
general,pinn,DLS,7,True,0.022705793380737305,4.134738,0.0
general,pinn,DLS,70,True,0.20518898963928223,4.630055,0.05949508771300316
general,pinn,DLS,3,True,0.012298583984375,4.008123,0.0
general,pinn,DLS,300,False,0.9401843547821045,38.71263,11.363329887390137
general,pinn,DLS,7,True,0.03249931335449219,4.2190485,0.0
general,pinn,DLS,18,True,0.07773470878601074,4.7220216,0.0
general,pinn,DLS,1,True,0.003911018371582031,4.954923,0.1518605649471283
general,pinn,DLS,11,True,0.04497718811035156,4.3866277,0.08213191479444504
general,pinn,DLS,68,True,0.23694419860839844,4.893706,0.03943625092506409
general,pinn,DLS,300,False,0.9302198886871338,12.486999,5.021344184875488
general,pinn,DLS,115,True,0.35125112533569336,4.536954,0.0
general,pinn,DLS,2,True,0.006711006164550781,4.377678,0.04269786924123764
general,pinn,DLS,0,True,0.0014216899871826172,3.0261946,2.1097195148468018
general,pinn,DLS,6,True,0.020193815231323242,4.965835,0.11502252519130707
general,pinn,DLS,6,True,0.0200192928314209,4.2054667,0.024320602416992188
general,pinn,DLS,300,False,0.9420723915100098,81.459114,38.44633102416992
general,pinn,DLS,300,False,0.9693458080291748,10.98958,0.9455774426460266
general,pinn,DLS,300,False,0.9771113395690918,80.385635,8.245073318481445
general,pinn,DLS,9,True,0.033911705017089844,4.4546413,0.0468691810965538
general,pinn,DLS,5,True,0.015938997268676758,4.0993156,0.0
general,pinn,DLS,9,True,0.025770187377929688,4.732707,0.09263557940721512
general,pinn,DLS,5,True,0.016786813735961914,4.531847,0.03439660370349884
general,pinn,DLS,13,True,0.04076337814331055,4.808731,0.03853880241513252
general,pinn,DLS,4,True,0.01769423484802246,4.511978,0.06304944306612015
general,pinn,DLS,5,True,0.017816543579101562,4.0214624,0.057017020881175995
general,pinn,DLS,6,True,0.017002582550048828,4.7513366,0.05029934644699097
general,pinn,DLS,3,True,0.009748220443725586,4.631063,0.05031514912843704
general,pinn,DLS,1,True,0.004047393798828125,4.4587297,0.028726419433951378
general,pinn,DLS,4,True,0.012221813201904297,4.117486,0.06629820913076401
general,pinn,DLS,8,True,0.02732682228088379,4.7566814,0.05088016018271446
general,pinn,DLS,3,True,0.010123014450073242,3.7069385,0.05678058788180351
general,pinn,DLS,300,False,0.9215788841247559,135.09863,0.8041271567344666
general,pinn,DLS,4,True,0.013290166854858398,4.389886,0.0
general,pinn,DLS,145,True,0.44342923164367676,4.991177,0.029017943888902664
general,pinn,DLS,11,True,0.042418479919433594,4.44821,0.05916782468557358
general,pinn,DLS,300,False,0.9354925155639648,79.94271,9.606573104858398
general,pinn,DLS,4,True,0.013614892959594727,4.885897,0.0
general,pinn,DLS,30,True,0.09511852264404297,4.7578325,0.0
general,pinn,DLS,300,False,0.9567599296569824,29.07494,0.08798576146364212
general,pinn,DLS,2,True,0.010457277297973633,2.4877067,0.04730742797255516
general,pinn,DLS,10,True,0.04144644737243652,4.9566226,0.07413478195667267
general,pinn,DLS,29,True,0.10166168212890625,4.7593594,0.0
general,pinn,DLS,80,True,0.24174094200134277,4.372717,0.0
general,pinn,DLS,50,True,0.15926527976989746,4.2287326,0.050435055047273636
general,pinn,DLS,2,True,0.010096549987792969,3.3736136,0.13014452159404755
general,pinn,DLS,6,True,0.02842426300048828,3.6929104,0.04722478240728378
general,pinn,DLS,4,True,0.018346786499023438,4.0039415,0.12875063717365265
general,pinn,DLS,4,True,0.018504858016967773,4.0718336,0.057740580290555954
general,pinn,DLS,57,True,0.22056078910827637,4.977435,0.033873628824949265
general,pinn,DLS,9,True,0.02839493751525879,4.2283187,0.1274549663066864
general,pinn,DLS,2,True,0.006836652755737305,4.2486134,0.052231620997190475
general,pinn,DLS,28,True,0.08296728134155273,4.766978,0.06436457484960556
general,pinn,DLS,58,True,0.18992328643798828,4.091879,0.0
general,pinn,DLS,5,True,0.021205425262451172,4.9431496,0.0
general,pinn,DLS,14,True,0.05145573616027832,4.7655487,0.03854520618915558
general,pinn,DLS,42,True,0.1357736587524414,4.838213,0.03645189478993416
general,pinn,DLS,2,True,0.01019906997680664,4.1990843,0.050123222172260284
general,pinn,DLS,5,True,0.022498369216918945,3.9928937,0.05245881900191307
general,pinn,DLS,2,True,0.010154485702514648,2.9087937,0.10757528245449066
general,pinn,DLS,48,True,0.1445910930633545,4.8722744,0.18685407936573029
general,pinn,DLS,2,True,0.0070037841796875,3.033411,0.03955341503024101
general,pinn,DLS,16,True,0.05481266975402832,4.9058046,0.18996526300907135
general,pinn,DLS,10,True,0.04374885559082031,4.5823007,0.02950187958776951
general,pinn,DLS,12,True,0.041168212890625,4.7100024,0.02593497559428215
general,pinn,DLS,107,True,0.3410685062408447,4.8513465,0.08321917802095413
general,pinn,DLS,3,True,0.009276866912841797,4.806217,0.016021080315113068
general,pinn,DLS,1,True,0.004909992218017578,3.9658728,0.055109601467847824
general,pinn,DLS,34,True,0.09793257713317871,4.912028,0.3496387004852295
general,pinn,DLS,17,True,0.05501246452331543,4.5906606,0.04757150635123253
general,pinn,DLS,4,True,0.013824939727783203,3.8480797,0.14358116686344147
general,pinn,DLS,300,False,0.9716141223907471,145.70792,0.6594439744949341
general,pinn,DLS,8,True,0.026047945022583008,4.6012826,0.07899972796440125
general,pinn,DLS,127,True,0.38446855545043945,4.988478,0.029892342165112495
general,pinn,DLS,35,True,0.10266470909118652,4.110409,0.05851837620139122
general,pinn,DLS,2,True,0.006514549255371094,3.445819,0.03215976804494858
general,pinn,DLS,38,True,0.11467862129211426,4.911865,0.04670682176947594
general,pinn,DLS,74,True,0.23922371864318848,4.663036,0.09540843218564987
general,pinn,DLS,25,True,0.07592320442199707,4.662031,0.0
general,pinn,DLS,29,True,0.08840537071228027,4.916348,0.0
general,pinn,DLS,2,True,0.009077072143554688,2.743384,0.024676039814949036
general,pinn,DLS,3,True,0.009254217147827148,3.875561,0.023138584569096565
general,pinn,DLS,49,True,0.1473381519317627,4.1714115,0.049307990819215775
general,pinn,DLS,2,True,0.008291482925415039,4.7654805,0.04997892305254936
general,pinn,DLS,22,True,0.06675601005554199,4.9407988,0.049219097942113876
general,pinn,DLS,22,True,0.06671571731567383,4.870177,0.21934445202350616
general,pinn,DLS,2,True,0.006624937057495117,4.888572,0.034712355583906174
general,pinn,DLS,1,True,0.004563808441162109,3.184749,0.07260303199291229
general,pinn,DLS,300,False,0.9808456897735596,82.39854,0.2483794093132019
general,pinn,DLS,8,True,0.026891469955444336,4.4390793,0.0
general,pinn,DLS,23,True,0.0694427490234375,4.868871,0.0
general,pinn,DLS,300,False,0.9136590957641602,69.74841,1.5594451427459717
general,pinn,DLS,5,True,0.015924453735351562,4.5002446,0.050064194947481155
general,pinn,DLS,36,True,0.10571670532226562,4.0255766,0.0487750768661499
general,pinn,DLS,10,True,0.030897855758666992,4.915531,0.15719085931777954
general,pinn,DLS,10,True,0.03155398368835449,4.9245415,0.04701346158981323
general,pinn,DLS,72,True,0.24501276016235352,4.7192497,0.036945655941963196
general,pinn,DLS,37,True,0.12027883529663086,4.349845,0.2279382050037384
general,pinn,DLS,88,True,0.2739732265472412,3.0300605,0.09746147692203522
general,pinn,DLS,300,False,0.9461662769317627,114.55732,39.25679016113281
general,pinn,DLS,25,True,0.0787820816040039,4.849444,0.07770886272192001
general,pinn,DLS,300,False,0.9403750896453857,76.50313,0.3528306782245636
general,pinn,DLS,38,True,0.11565685272216797,3.5472686,0.05198227986693382
general,pinn,DLS,3,True,0.011507034301757812,3.9361966,0.05276491865515709
general,pinn,DLS,18,True,0.054708242416381836,4.75179,0.02176489494740963
general,pinn,DLS,42,True,0.1255347728729248,3.887486,0.06284938007593155
general,pinn,DLS,108,True,0.3432788848876953,4.9837008,0.06124657019972801
general,pinn,DLS,300,False,1.0130069255828857,194.84007,2.4136552810668945
general,pinn,DLS,3,True,0.013592720031738281,4.4708557,0.05052280053496361
general,pinn,DLS,54,True,0.16687417030334473,4.838899,0.06884407997131348
general,pinn,DLS,8,True,0.02397298812866211,4.529785,0.1010880097746849
general,pinn,DLS,300,False,1.0119915008544922,252.39983,19.158384323120117
general,pinn,DLS,2,True,0.0071604251861572266,4.581212,0.021441929042339325
general,pinn,DLS,56,True,0.16484332084655762,4.5283394,0.11146437376737595
general,pinn,DLS,5,True,0.016622066497802734,3.786236,0.038030967116355896
general,pinn,DLS,2,True,0.008655548095703125,3.5295107,0.01716655120253563
general,pinn,DLS,25,True,0.07528185844421387,4.6080236,0.0
general,pinn,DLS,74,True,0.22234821319580078,4.975688,0.0669187381863594
general,pinn,DLS,1,True,0.00401759147644043,4.723402,0.16304245591163635
general,pinn,DLS,4,True,0.013981342315673828,3.594817,0.03431790694594383
general,pinn,DLS,91,True,0.3231933116912842,4.862374,0.0
general,pinn,DLS,24,True,0.08545780181884766,4.9264727,0.0592927485704422
general,pinn,DLS,69,True,0.23884940147399902,4.7862277,0.037317633628845215
general,pinn,DLS,6,True,0.022539854049682617,4.988011,0.047010648995637894
general,pinn,DLS,11,True,0.03337907791137695,4.006855,0.08449853956699371
general,pinn,DLS,21,True,0.06682443618774414,4.984528,0.01072845421731472
general,pinn,DLS,7,True,0.03145289421081543,4.1286087,0.09756314754486084
general,pinn,DLS,54,True,0.16525626182556152,4.863213,0.05195605754852295
general,pinn,DLS,3,True,0.009258508682250977,4.4487786,0.0
general,pinn,DLS,7,True,0.023032188415527344,4.685866,0.0
general,pinn,DLS,60,True,0.19161248207092285,4.4803114,0.05229191854596138
general,pinn,DLS,52,True,0.16768932342529297,4.9621773,0.33492347598075867
general,pinn,DLS,300,False,0.9579293727874756,50.125435,0.5236728191375732
general,pinn,DLS,22,True,0.09681892395019531,4.982988,0.05841449648141861
general,pinn,DLS,10,True,0.03936457633972168,4.8792644,0.07338372617959976
general,pinn,DLS,2,True,0.006769418716430664,3.5847363,0.09134800732135773
general,pinn,DLS,300,False,0.9405605792999268,172.31337,0.47850680351257324
general,pinn,DLS,86,True,0.26424694061279297,4.713219,0.07658226042985916
general,pinn,DLS,6,True,0.018958091735839844,3.8088403,0.07994351536035538
general,pinn,DLS,33,True,0.10200810432434082,4.808042,0.06488962471485138
general,pinn,DLS,19,True,0.0626373291015625,4.973441,0.03357943147420883
general,pinn,DLS,6,True,0.022182941436767578,3.5750878,0.044857922941446304
general,pinn,DLS,3,True,0.01106715202331543,4.5362325,0.04648908972740173
general,pinn,DLS,151,True,0.4978649616241455,4.7672205,0.0
general,pinn,DLS,15,True,0.044234514236450195,4.560881,0.039943017065525055
general,pinn,DLS,4,True,0.013840913772583008,4.2365146,0.0
general,pinn,DLS,3,True,0.010484457015991211,3.8064787,0.05968290939927101
general,pinn,DLS,51,True,0.14975643157958984,4.76456,0.053973861038684845
general,pinn,DLS,34,True,0.14095354080200195,3.3588047,0.03508610278367996
general,pinn,DLS,300,False,1.05192232131958,23.154547,0.23700085282325745
general,pinn,DLS,3,True,0.01270914077758789,4.8118634,0.1516556739807129
general,pinn,DLS,160,True,0.634521484375,4.932483,0.24198710918426514
general,pinn,DLS,3,True,0.014922142028808594,4.973364,0.038350917398929596
general,pinn,DLS,49,True,0.14709782600402832,2.9857485,0.0626339390873909
general,pinn,DLS,42,True,0.13582348823547363,4.852585,0.0380508191883564
general,pinn,DLS,50,True,0.18931913375854492,4.863802,0.03771648928523064
general,pinn,DLS,28,True,0.10005617141723633,4.9819856,0.0
general,pinn,DLS,2,True,0.007448911666870117,2.075625,0.043538354337215424
general,pinn,DLS,11,True,0.03570413589477539,4.4463396,0.16276495158672333
general,pinn,DLS,27,True,0.08737516403198242,4.958385,0.0
general,pinn,DLS,48,True,0.18673086166381836,4.963219,0.02913842163980007
general,pinn,DLS,4,True,0.02417159080505371,4.4899664,0.05373871326446533
general,pinn,DLS,36,True,0.1311635971069336,4.991411,0.0
general,pinn,DLS,41,True,0.12926292419433594,4.9998894,0.05050762742757797
general,pinn,DLS,1,True,0.004851579666137695,2.94442,0.060259394347667694
general,pinn,DLS,15,True,0.044239044189453125,4.7358656,0.07649243623018265
general,pinn,DLS,18,True,0.05410599708557129,4.593692,0.09757011383771896
general,pinn,DLS,34,True,0.10360240936279297,4.415278,0.06216205656528473
general,pinn,DLS,5,True,0.01708531379699707,4.164402,0.045274168252944946
general,pinn,DLS,300,False,0.9411334991455078,105.721634,4.844135284423828
general,pinn,DLS,300,False,0.9808251857757568,61.01022,0.6135174036026001
general,pinn,DLS,5,True,0.01645207405090332,4.4296155,0.08481896668672562
general,pinn,DLS,4,True,0.012934684753417969,4.407763,0.0
general,pinn,DLS,15,True,0.04951596260070801,4.4086676,0.050101567059755325
general,pinn,DLS,74,True,0.21919870376586914,4.4345636,0.04219530150294304
general,pinn,DLS,4,True,0.013866662979125977,4.5923214,0.11451059579849243
general,pinn,DLS,7,True,0.022598981857299805,4.2089934,0.0484529547393322
general,pinn,DLS,6,True,0.028407573699951172,4.935509,0.07009810209274292
general,pinn,DLS,1,True,0.004133701324462891,4.67073,0.03184650465846062
general,pinn,DLS,97,True,0.313753604888916,4.9136705,0.0
general,pinn,DLS,42,True,0.13117098808288574,4.8313937,0.07890210300683975
general,pinn,DLS,2,True,0.0066375732421875,4.25966,0.03907594829797745
general,pinn,CCD,1,True,0.013677358627319336,4.8183403,15.328866004943848
general,pinn,CCD,5,True,0.06847643852233887,1.6949986,90.90157318115234
general,pinn,CCD,3,True,0.04050016403198242,2.2864726,33.5248908996582
general,pinn,CCD,1,True,0.012952566146850586,4.8545413,20.60181999206543
general,pinn,CCD,6,True,0.077880859375,2.155917,61.078792572021484
general,pinn,CCD,1,True,0.01405477523803711,0.657851,17.049957275390625
general,pinn,CCD,1,True,0.015303850173950195,4.427171,18.66781997680664
general,pinn,CCD,1,True,0.016195297241210938,0.42639154,16.642911911010742
general,pinn,CCD,1,True,0.013655900955200195,2.2585304,17.387371063232422
general,pinn,CCD,300,False,3.9417831897735596,18.166515,123.80416870117188
general,pinn,CCD,1,True,0.013780593872070312,4.5193176,20.166982650756836
general,pinn,CCD,12,True,0.15464496612548828,3.6455748,170.18577575683594
general,pinn,CCD,2,True,0.025619983673095703,1.1008239,34.894142150878906
general,pinn,CCD,1,True,0.013236284255981445,1.9938477,9.969314575195312
general,pinn,CCD,1,True,0.012655258178710938,4.6904693,33.761016845703125
general,pinn,CCD,1,True,0.013296127319335938,0.13915798,18.941736221313477
general,pinn,CCD,2,True,0.028467416763305664,2.3196716,51.26736068725586
general,pinn,CCD,1,True,0.015020370483398438,0.7992268,26.76503562927246
general,pinn,CCD,5,True,0.07488155364990234,3.8933115,23.80139923095703
general,pinn,CCD,1,True,0.014611482620239258,4.511717,23.094402313232422
general,pinn,CCD,2,True,0.02935314178466797,2.628521,17.277053833007812
general,pinn,CCD,6,True,0.07833361625671387,3.2176547,49.439449310302734
general,pinn,CCD,4,True,0.0497128963470459,3.9574835,23.081052780151367
general,pinn,CCD,6,True,0.0743246078491211,2.6909373,138.8849334716797
general,pinn,CCD,4,True,0.05078387260437012,0.46542338,58.81414031982422
general,pinn,CCD,38,True,0.46691298484802246,4.837705,69.1609115600586
general,pinn,CCD,2,True,0.02948451042175293,4.8690286,10.910658836364746
general,pinn,CCD,2,True,0.0251467227935791,0.2421627,46.84056854248047
general,pinn,CCD,2,True,0.02725958824157715,3.5296407,40.76350021362305
general,pinn,CCD,1,True,0.013805389404296875,0.5663621,18.999767303466797
general,pinn,CCD,1,True,0.013403654098510742,2.5770848,25.98100471496582
general,pinn,CCD,2,True,0.0261838436126709,1.511726,16.350788116455078
general,pinn,CCD,2,True,0.029244422912597656,0.4252243,26.4444637298584
general,pinn,CCD,2,True,0.035888671875,0.67319983,43.229984283447266
general,pinn,CCD,1,True,0.01440739631652832,4.1822295,15.050996780395508
general,pinn,CCD,2,True,0.026347875595092773,0.6452327,23.157684326171875
general,pinn,CCD,1,True,0.012758016586303711,1.0768865,18.19351577758789
general,pinn,CCD,1,True,0.014618635177612305,1.3151292,15.876218795776367
general,pinn,CCD,18,True,0.2548668384552002,4.7516036,102.99238586425781
general,pinn,CCD,4,True,0.04856586456298828,4.0540066,48.40047073364258
general,pinn,CCD,3,True,0.03867769241333008,2.771747,38.24606704711914
general,pinn,CCD,4,True,0.05454587936401367,4.733843,48.522586822509766
general,pinn,CCD,4,True,0.06853175163269043,3.0036836,30.125144958496094
general,pinn,CCD,5,True,0.06363987922668457,2.8654358,45.771873474121094
general,pinn,CCD,3,True,0.03729414939880371,2.3071752,53.02141571044922
general,pinn,CCD,1,True,0.01519155502319336,4.054377,21.737308502197266
general,pinn,CCD,1,True,0.014532089233398438,3.5280917,17.816247940063477
general,pinn,CCD,1,True,0.013744592666625977,0.53111786,21.705835342407227
general,pinn,CCD,1,True,0.013723373413085938,1.5755869,17.670177459716797
general,pinn,CCD,1,True,0.012585878372192383,2.5595567,20.800580978393555
general,pinn,CCD,3,True,0.038063764572143555,3.6006083,37.93632888793945
general,pinn,CCD,2,True,0.025033235549926758,1.8164387,20.6580810546875
general,pinn,CCD,1,True,0.013410806655883789,0.1448085,17.342554092407227
general,pinn,CCD,7,True,0.09422183036804199,3.1589093,105.55811309814453
general,pinn,CCD,3,True,0.037702322006225586,2.7350214,19.446210861206055
general,pinn,CCD,5,True,0.06948328018188477,3.2386687,59.48875045776367
general,pinn,CCD,3,True,0.05265069007873535,3.2070558,40.37498474121094
general,pinn,CCD,4,True,0.04991555213928223,3.7924538,37.1942024230957
general,pinn,CCD,1,True,0.013823509216308594,2.8119283,18.544620513916016
general,pinn,CCD,2,True,0.025807857513427734,1.1288259,43.29512405395508
general,pinn,CCD,1,True,0.012557744979858398,1.3047843,14.482919692993164
general,pinn,CCD,5,True,0.08692598342895508,2.702546,111.5696029663086
general,pinn,CCD,2,True,0.03516578674316406,1.2993021,18.482837677001953
general,pinn,CCD,5,True,0.06653833389282227,3.8265924,40.54246139526367
general,pinn,CCD,1,True,0.01239013671875,4.3445473,17.20796775817871
general,pinn,CCD,1,True,0.013828039169311523,1.459034,22.3300724029541
general,pinn,CCD,1,True,0.014333724975585938,0.95269006,20.097387313842773
general,pinn,CCD,300,False,3.8912293910980225,19.633846,98.5948715209961
general,pinn,CCD,3,True,0.03876924514770508,3.2632155,22.162546157836914
general,pinn,CCD,1,True,0.013519048690795898,0.22280653,20.080608367919922
general,pinn,CCD,2,True,0.02613043785095215,2.6225326,39.460693359375
general,pinn,CCD,2,True,0.0251009464263916,2.4410665,39.99129104614258
general,pinn,CCD,5,True,0.0606532096862793,2.7004232,52.494285583496094
general,pinn,CCD,2,True,0.026778697967529297,1.9255404,34.20695495605469
general,pinn,CCD,1,True,0.013742923736572266,0.76296103,20.71247673034668
general,pinn,CCD,2,True,0.024672269821166992,0.6688985,13.530698776245117
general,pinn,CCD,3,True,0.050726890563964844,4.3563743,51.859500885009766
general,pinn,CCD,1,True,0.013606071472167969,3.4186456,27.340118408203125
general,pinn,CCD,1,True,0.01423192024230957,2.9555418,24.257287979125977
general,pinn,CCD,1,True,0.013767480850219727,0.844298,18.776159286499023
general,pinn,CCD,7,True,0.08521509170532227,3.4111023,60.35331726074219
general,pinn,CCD,9,True,0.10987138748168945,2.7902796,62.59629821777344
general,pinn,CCD,3,True,0.04427194595336914,4.930652,22.5124454498291
general,pinn,CCD,3,True,0.04217958450317383,0.13019508,50.53765106201172
general,pinn,CCD,1,True,0.013004064559936523,1.9285806,23.722280502319336
general,pinn,CCD,3,True,0.035855770111083984,3.6818614,35.054630279541016
general,pinn,CCD,16,True,0.25496339797973633,4.816446,126.09664916992188
general,pinn,CCD,1,True,0.01993417739868164,3.0886238,20.62465476989746
general,pinn,CCD,2,True,0.036101341247558594,1.7740405,32.19159698486328
general,pinn,CCD,300,False,4.130308151245117,139.73312,145.3808135986328
general,pinn,CCD,1,True,0.01977372169494629,0.7292865,24.510822296142578
general,pinn,CCD,3,True,0.043181419372558594,0.60980093,25.053773880004883
general,pinn,CCD,2,True,0.02768850326538086,1.5536183,35.476139068603516
general,pinn,CCD,1,True,0.012962102890014648,3.8960083,16.423250198364258
general,pinn,CCD,6,True,0.07584190368652344,3.2808807,84.9050521850586
general,pinn,CCD,1,True,0.015339374542236328,3.7494943,24.54259490966797
general,pinn,CCD,2,True,0.025299549102783203,3.6704996,28.80647087097168
general,pinn,CCD,6,True,0.07516241073608398,4.0735297,117.93465423583984
general,pinn,CCD,5,True,0.06254696846008301,3.3016455,114.9844970703125
general,pinn,CCD,1,True,0.012639999389648438,0.73661435,17.749666213989258
general,pinn,CCD,4,True,0.0546574592590332,1.2895056,38.4320068359375
general,pinn,CCD,2,True,0.025136232376098633,0.5322627,24.814332962036133
general,pinn,CCD,4,True,0.051056861877441406,4.8420057,31.0748291015625
general,pinn,CCD,300,False,3.8934402465820312,142.76382,129.0121612548828
general,pinn,CCD,5,True,0.06299996376037598,2.421227,99.02540588378906
general,pinn,CCD,5,True,0.0599515438079834,4.0652647,85.80933380126953
general,pinn,CCD,1,True,0.013834714889526367,0.09011441,16.98326873779297
general,pinn,CCD,2,True,0.026545286178588867,2.9183671,39.4964714050293
general,pinn,CCD,5,True,0.06278133392333984,3.7811334,66.09453582763672
general,pinn,CCD,2,True,0.03682565689086914,1.6982967,6.359592437744141
general,pinn,CCD,2,True,0.02557229995727539,4.7544136,26.391496658325195
general,pinn,CCD,2,True,0.027451276779174805,1.2036227,37.46100616455078
general,pinn,CCD,2,True,0.03184795379638672,2.6927974,14.03774642944336
general,pinn,CCD,4,True,0.058576345443725586,4.8807917,45.81599807739258
general,pinn,CCD,1,True,0.015070676803588867,2.005629,14.141497611999512
general,pinn,CCD,4,True,0.05148935317993164,2.2956944,42.75808334350586
general,pinn,CCD,3,True,0.04305601119995117,3.3322642,10.988887786865234
general,pinn,CCD,1,True,0.014465808868408203,1.6590396,24.103282928466797
general,pinn,CCD,18,True,0.22337079048156738,4.4670005,76.53597259521484
general,pinn,CCD,5,True,0.06085968017578125,3.6617963,46.32752227783203
general,pinn,CCD,6,True,0.0918729305267334,3.871432,67.57376861572266
general,pinn,CCD,1,True,0.013700246810913086,1.4179175,18.042354583740234
general,pinn,CCD,2,True,0.025072097778320312,1.599683,24.73430061340332
general,pinn,CCD,1,True,0.012177228927612305,3.7012262,21.280683517456055
general,pinn,CCD,1,True,0.013609886169433594,1.1523017,23.076555252075195
general,pinn,CCD,1,True,0.014249563217163086,3.9144428,21.397512435913086
general,pinn,CCD,5,True,0.06982660293579102,3.5441318,23.712772369384766
general,pinn,CCD,6,True,0.08039355278015137,2.6934958,60.143226623535156
general,pinn,CCD,3,True,0.038936614990234375,2.8259776,30.259265899658203
general,pinn,CCD,3,True,0.040863037109375,2.0158408,82.40496826171875
general,pinn,CCD,1,True,0.014757394790649414,1.0181757,18.490442276000977
general,pinn,CCD,0,True,0.0014221668243408203,3.0261946,2.1097195148468018
general,pinn,CCD,2,True,0.035649776458740234,0.6841705,2.4183366298675537
general,pinn,CCD,2,True,0.027638912200927734,3.1506243,31.40203285217285
general,pinn,CCD,3,True,0.03935861587524414,0.40321398,47.47263717651367
general,pinn,CCD,2,True,0.030541658401489258,0.46179575,43.60845184326172
general,pinn,CCD,8,True,0.12690186500549316,4.7086644,117.19408416748047
general,pinn,CCD,1,True,0.013272285461425781,0.85238546,18.64659881591797
general,pinn,CCD,2,True,0.028091907501220703,0.44999745,13.168111801147461
general,pinn,CCD,2,True,0.0365910530090332,0.5533516,43.391300201416016
general,pinn,CCD,2,True,0.026488780975341797,2.8461924,34.66513442993164
general,pinn,CCD,2,True,0.02552056312561035,3.1499858,7.855574131011963
general,pinn,CCD,1,True,0.013451337814331055,4.483787,23.6688175201416
general,pinn,CCD,2,True,0.026622533798217773,4.1069036,6.416042327880859
general,pinn,CCD,1,True,0.015396356582641602,2.122439,19.57428741455078
general,pinn,CCD,1,True,0.012401580810546875,1.1687802,17.303478240966797
general,pinn,CCD,1,True,0.017384767532348633,1.4906709,17.85028648376465
general,pinn,CCD,2,True,0.024057865142822266,0.20437956,12.043560981750488
general,pinn,CCD,1,True,0.013586759567260742,4.6387773,21.988750457763672
general,pinn,CCD,1,True,0.011942625045776367,0.35003242,17.0220947265625
general,pinn,CCD,9,True,0.11278104782104492,4.081583,74.11560821533203
general,pinn,CCD,2,True,0.027278661727905273,1.8377304,6.242098808288574
general,pinn,CCD,14,True,0.18590092658996582,4.9214287,4.3984856605529785
general,pinn,CCD,1,True,0.013539791107177734,1.4975001,16.189786911010742
general,pinn,CCD,5,True,0.06135988235473633,1.9007515,78.08302307128906
general,pinn,CCD,1,True,0.013498306274414062,1.4179573,12.998359680175781
general,pinn,CCD,2,True,0.029236316680908203,1.4700752,33.11463928222656
general,pinn,CCD,3,True,0.037905216217041016,2.7077775,44.052734375
general,pinn,CCD,1,True,0.023934125900268555,2.893321,16.334325790405273
general,pinn,CCD,2,True,0.0257112979888916,3.3821256,3.7417469024658203
general,pinn,CCD,3,True,0.04153037071228027,3.3808718,23.60603141784668
general,pinn,CCD,2,True,0.025290966033935547,1.3746988,23.186767578125
general,pinn,CCD,8,True,0.11482405662536621,3.714128,84.73804473876953
general,pinn,CCD,1,True,0.014441728591918945,0.66961366,19.155746459960938
general,pinn,CCD,3,True,0.03822040557861328,3.4153328,18.777360916137695
general,pinn,CCD,3,True,0.04033184051513672,4.798133,15.706527709960938
general,pinn,CCD,2,True,0.028197526931762695,1.8260801,21.02414321899414
general,pinn,CCD,2,True,0.02773118019104004,2.3990207,67.90966033935547
general,pinn,CCD,2,True,0.027531147003173828,3.8902626,21.372833251953125
general,pinn,CCD,2,True,0.025363683700561523,0.17329898,33.99053192138672
general,pinn,CCD,3,True,0.05940985679626465,3.3452377,22.587488174438477
general,pinn,CCD,3,True,0.03908944129943848,4.9315233,54.58673095703125
general,pinn,CCD,1,True,0.013640165328979492,2.5972164,19.601951599121094
general,pinn,CCD,1,True,0.013995170593261719,4.547614,22.885528564453125
general,pinn,CCD,9,True,0.11821246147155762,4.2803974,86.23991394042969
general,pinn,CCD,1,True,0.021872282028198242,1.983689,19.93934440612793
general,pinn,CCD,2,True,0.029790878295898438,1.6957204,11.141560554504395
general,pinn,CCD,2,True,0.027728557586669922,0.07322171,6.901909351348877
general,pinn,CCD,5,True,0.061170101165771484,4.0439177,66.99874114990234
general,pinn,CCD,1,True,0.01390528678894043,2.585227,15.1796236038208
general,pinn,CCD,1,True,0.014527082443237305,1.8057854,16.603792190551758
general,pinn,CCD,1,True,0.014667034149169922,0.7717287,21.15172004699707
general,pinn,CCD,4,True,0.04974865913391113,4.4280787,40.972068786621094
general,pinn,CCD,4,True,0.052817583084106445,3.661776,14.343901634216309
general,pinn,CCD,2,True,0.026569843292236328,3.510396,6.245465278625488
general,pinn,CCD,1,True,0.012615442276000977,1.0566021,17.99428367614746
general,pinn,CCD,2,True,0.154099702835083,3.1340873,16.770736694335938
general,pinn,CCD,3,True,0.050170183181762695,1.0595547,48.202430725097656
general,pinn,CCD,2,True,0.024095773696899414,3.5519073,11.278422355651855
general,pinn,CCD,5,True,0.06323909759521484,0.9695678,81.47998046875
general,pinn,CCD,1,True,0.013403892517089844,4.3956366,18.36800193786621
general,pinn,CCD,7,True,0.09079360961914062,4.434168,46.17843246459961
general,pinn,CCD,1,True,0.014217376708984375,4.7950244,38.375511169433594
general,pinn,CCD,1,True,0.015207290649414062,0.7876846,19.438146591186523
general,pinn,CCD,2,True,0.025905609130859375,3.3622286,28.170085906982422
general,pinn,CCD,2,True,0.025905370712280273,1.2501625,32.136146545410156
general,pinn,CCD,2,True,0.025575637817382812,0.41923225,25.514028549194336
general,pinn,CCD,1,True,0.012771844863891602,2.5222564,23.18951416015625
general,pinn,CCD,1,True,0.013562440872192383,0.58487123,18.63201332092285
general,pinn,CCD,1,True,0.013738155364990234,2.7027717,16.925029754638672
general,pinn,CCD,4,True,0.06665825843811035,2.4928942,50.950565338134766
general,pinn,CCD,1,True,0.020522594451904297,4.0026155,15.119244575500488
general,pinn,CCD,21,True,0.28307151794433594,4.8966403,33.708553314208984
general,pinn,CCD,3,True,0.04515862464904785,2.5395372,28.5462589263916
general,pinn,CCD,1,True,0.013936519622802734,2.9128954,16.36069679260254
general,pinn,CCD,1,True,0.012600898742675781,0.8814133,17.95416259765625
general,pinn,CCD,3,True,0.04011082649230957,3.7878263,91.31007385253906
general,pinn,CCD,1,True,0.012784957885742188,0.7763821,23.47692108154297
general,pinn,CCD,2,True,0.024789094924926758,3.1208107,38.42045211791992
general,pinn,CCD,300,False,3.8679096698760986,125.60208,162.9384765625
general,pinn,CCD,1,True,0.014504194259643555,4.7274804,20.894023895263672
general,pinn,CCD,2,True,0.04604506492614746,2.648265,33.35231018066406
general,pinn,CCD,1,True,0.02858877182006836,1.232531,21.851768493652344
general,pinn,CCD,2,True,0.02801990509033203,2.098872,27.19235610961914
general,pinn,CCD,2,True,0.02771139144897461,4.210805,35.77276611328125
general,pinn,CCD,300,False,3.9170429706573486,85.506294,121.33028411865234
general,pinn,CCD,5,True,0.0734853744506836,2.911401,48.102508544921875
general,pinn,CCD,3,True,0.03955817222595215,3.6997266,38.71885681152344
general,pinn,CCD,1,True,0.013919591903686523,3.5907485,17.286314010620117
general,pinn,CCD,3,True,0.04142045974731445,2.9891233,55.239383697509766
general,pinn,CCD,3,True,0.04045891761779785,2.962759,34.209232330322266
general,pinn,CCD,1,True,0.014803409576416016,0.78019536,19.264690399169922
general,pinn,CCD,6,True,0.0785372257232666,4.2721705,31.49152183532715
general,pinn,CCD,3,True,0.04323935508728027,2.365519,36.10038757324219
general,pinn,CCD,3,True,0.03828763961791992,4.3845763,67.18140411376953
general,pinn,CCD,2,True,0.039948463439941406,0.10339651,26.478057861328125
general,pinn,CCD,3,True,0.046575069427490234,3.1530597,16.627498626708984
general,pinn,CCD,3,True,0.04523968696594238,4.2396193,61.76790237426758
general,pinn,CCD,1,True,0.014910697937011719,0.94685453,23.79290771484375
general,pinn,CCD,4,True,0.07017302513122559,3.7200828,38.29207229614258
general,pinn,CCD,1,True,0.018555164337158203,3.3644087,19.13311767578125
general,pinn,CCD,9,True,0.10468101501464844,3.4267614,56.5432243347168
general,pinn,CCD,3,True,0.043415069580078125,3.0682445,49.093162536621094
general,pinn,CCD,1,True,0.01940131187438965,4.5651913,16.17051887512207
general,pinn,CCD,4,True,0.06008267402648926,2.231303,57.004371643066406
general,pinn,CCD,2,True,0.027172327041625977,1.6150998,47.00115966796875
general,pinn,CCD,2,True,0.026638031005859375,2.8958468,1.7415928840637207
general,pinn,CCD,2,True,0.024877071380615234,1.7247297,8.923532485961914
general,pinn,CCD,6,True,0.0745244026184082,2.5008404,69.71753692626953
general,pinn,CCD,1,True,0.01673722267150879,2.7096183,11.167682647705078
general,pinn,CCD,7,True,0.08819699287414551,4.3040056,73.87406158447266
general,pinn,CCD,1,True,0.01355886459350586,2.4339204,21.621185302734375
general,pinn,CCD,1,True,0.015135765075683594,0.5226607,21.31259536743164
general,pinn,CCD,3,True,0.039940595626831055,2.8235488,16.9099063873291
general,pinn,CCD,1,True,0.015001058578491211,0.58710253,16.62321662902832
general,pinn,CCD,4,True,0.051104068756103516,1.9726081,68.08887481689453
general,pinn,CCD,1,True,0.013922691345214844,2.365342,17.579381942749023
general,pinn,CCD,1,True,0.013565540313720703,0.7070695,15.548125267028809
general,pinn,CCD,8,True,0.10454106330871582,4.497892,87.65943908691406
general,pinn,CCD,1,True,0.014861822128295898,3.476877,13.621960639953613
general,pinn,CCD,3,True,0.03874516487121582,0.8433284,68.7994155883789
general,pinn,CCD,1,True,0.013732433319091797,1.3602718,15.8275146484375
general,pinn,CCD,12,True,0.15017175674438477,4.8150315,57.30819320678711
general,pinn,CCD,1,True,0.01387166976928711,2.4117634,15.059536933898926
general,pinn,CCD,300,False,3.8185486793518066,59.743286,169.12815856933594
general,pinn,CCD,15,True,0.18726730346679688,4.191932,77.86038970947266
general,pinn,CCD,2,True,0.028063058853149414,0.9059472,31.024240493774414
general,pinn,CCD,4,True,0.050409555435180664,3.7415915,19.984933853149414
general,pinn,CCD,2,True,0.028295278549194336,0.52182454,48.55036544799805
general,pinn,CCD,4,True,0.050676822662353516,2.8910985,31.88262367248535
general,pinn,CCD,1,True,0.013601064682006836,3.689402,26.43743896484375
general,pinn,CCD,3,True,0.04385828971862793,0.65402406,65.05712890625
general,pinn,CCD,2,True,0.026250123977661133,3.5120146,42.25350570678711
general,pinn,CCD,1,True,0.013305425643920898,1.7973912,14.61329174041748
general,pinn,CCD,1,True,0.014085531234741211,4.4538183,21.493629455566406
general,pinn,CCD,4,True,0.05029296875,4.8985634,13.927377700805664
general,pinn,CCD,2,True,0.025221586227416992,2.987076,47.55290222167969
general,pinn,CCD,1,True,0.017969369888305664,2.2039006,24.69874382019043
general,pinn,CCD,1,True,0.015063047409057617,1.4835911,15.955860137939453
general,pinn,CCD,2,True,0.03586268424987793,2.978065,71.49614715576172
general,pinn,CCD,1,True,0.014328718185424805,1.2667553,17.991361618041992
general,pinn,CCD,9,True,0.11904144287109375,4.7756166,77.31404876708984
general,pinn,CCD,1,True,0.0146026611328125,3.4319453,28.603944778442383
general,pinn,CCD,2,True,0.027982234954833984,4.6263337,43.601783752441406
general,pinn,CCD,2,True,0.03987383842468262,3.343444,17.644006729125977
general,pinn,CCD,1,True,0.014730453491210938,1.8269632,16.59325408935547
general,pinn,CCD,7,True,0.08599066734313965,3.8368187,54.49155807495117
general,pinn,CCD,2,True,0.027942657470703125,2.4359376,33.86066818237305
general,pinn,CCD,2,True,0.02486705780029297,2.0607407,38.07756805419922
general,pinn,CCD,1,True,0.015052318572998047,3.4686317,23.511682510375977
general,pinn,CCD,300,False,3.845301389694214,49.99534,40.386600494384766
general,pinn,CCD,2,True,0.02589273452758789,0.27688026,42.69493103027344
general,pinn,CCD,1,True,0.012880802154541016,0.6084167,17.875823974609375
general,pinn,CCD,1,True,0.01512908935546875,1.0595325,13.888781547546387
general,pinn,CCD,4,True,0.050473928451538086,2.7969398,31.547630310058594
general,pinn,CCD,1,True,0.013553619384765625,2.4429448,24.568979263305664
general,pinn,CCD,1,True,0.01449728012084961,2.3976521,17.14633560180664
general,pinn,CCD,1,True,0.013906478881835938,4.0641365,43.62080383300781
general,pinn,CCD,1,True,0.013759374618530273,2.7283075,39.471458435058594
general,pinn,CCD,1,True,0.012521982192993164,4.1099625,26.22354507446289
general,pinn,CCD,1,True,0.014105081558227539,4.5139194,20.569250106811523
general,pinn,CCD,5,True,0.06505894660949707,2.8647838,76.45767974853516
general,pinn,CCD,3,True,0.03692340850830078,1.6859746,40.41203308105469
general,pinn,CCD,2,True,0.026594877243041992,1.2953523,4.25961446762085
general,pinn,CCD,1,True,0.01443934440612793,4.3634624,24.306060791015625
general,pinn,CCD,1,True,0.013870477676391602,1.3314545,19.017484664916992
general,pinn,CCD,1,True,0.015591144561767578,0.774074,20.02626609802246
general,pinn,CCD,300,False,3.812554359436035,10.135012,58.00343322753906
general,pinn,CCD,3,True,0.03802132606506348,3.0424407,31.29784393310547
general,pinn,CCD,1,True,0.01263737678527832,3.3563623,16.795347213745117
general,gated,DLS,2,True,0.00811767578125,4.788279,0.03591739758849144
general,gated,DLS,300,False,0.9253854751586914,177.02362,8.378471374511719
general,gated,DLS,61,True,0.19839096069335938,3.873943,0.12166354060173035
general,gated,DLS,2,True,0.008150815963745117,4.059261,0.09844143688678741
general,gated,DLS,61,True,0.19039344787597656,4.5764256,0.032361507415771484
general,gated,DLS,2,True,0.00826406478881836,4.060859,0.040902186185121536
general,gated,DLS,1,True,0.004840850830078125,1.803173,0.06058403477072716
general,gated,DLS,1,True,0.005522489547729492,3.6951416,0.05610932037234306
general,gated,DLS,1,True,0.007295370101928711,4.6986504,0.04385903850197792
general,gated,DLS,300,False,0.9339778423309326,146.37991,0.9940539598464966
general,gated,DLS,12,True,0.035669565200805664,4.88822,0.0774058848619461
general,gated,DLS,44,True,0.13052797317504883,4.82398,0.025582751259207726
general,gated,DLS,300,False,0.9626851081848145,11.093146,9.340210914611816
general,gated,DLS,4,True,0.012221336364746094,4.6181393,0.052712734788656235
general,gated,DLS,11,True,0.03481888771057129,4.82004,0.036021631211042404
general,gated,DLS,3,True,0.01207590103149414,4.4591694,0.12807150185108185
general,gated,DLS,75,True,0.24424004554748535,4.9219017,0.06899844855070114
general,gated,DLS,6,True,0.02123570442199707,4.312253,0.06256991624832153
general,gated,DLS,300,False,0.9130887985229492,10.503776,1.9300768375396729
general,gated,DLS,3,True,0.009740829467773438,4.306933,0.0
general,gated,DLS,10,True,0.033334970474243164,4.9630666,0.0
general,gated,DLS,99,True,0.32506775856018066,4.052828,0.1127505674958229
general,gated,DLS,141,True,0.41513729095458984,4.8714266,0.08515062183141708
general,gated,DLS,66,True,0.2069535255432129,4.9765105,0.0
general,gated,DLS,23,True,0.07819485664367676,4.741833,0.0
general,gated,DLS,300,False,0.9329073429107666,80.624214,0.6649942994117737
general,gated,DLS,11,True,0.03812384605407715,4.31478,0.10649783909320831
general,gated,DLS,13,True,0.04015851020812988,4.9109163,0.1224152222275734
general,gated,DLS,6,True,0.018762826919555664,4.92621,0.08738678693771362
general,gated,DLS,6,True,0.018221378326416016,4.402904,0.10340593010187149
general,gated,DLS,41,True,0.11416888236999512,3.94792,0.05070622265338898
general,gated,DLS,17,True,0.05221128463745117,4.4481525,0.0759706124663353
general,gated,DLS,48,True,0.1464989185333252,4.1220417,0.0
general,gated,DLS,57,True,0.17551827430725098,4.5595717,0.0
general,gated,DLS,10,True,0.033600568771362305,4.5911074,0.23715341091156006
general,gated,DLS,48,True,0.14508056640625,4.6956143,0.0
general,gated,DLS,1,True,0.0041468143463134766,3.7452338,0.08329524099826813
general,gated,DLS,7,True,0.026807308197021484,4.0253153,0.08564118295907974
general,gated,DLS,63,True,0.19019746780395508,4.6662416,0.0
general,gated,DLS,54,True,0.16647052764892578,4.7064276,0.0
general,gated,DLS,132,True,0.394681453704834,4.895623,0.06113499775528908
general,gated,DLS,69,True,0.20731568336486816,4.8995185,0.07212866842746735
general,gated,DLS,300,False,0.9458751678466797,59.976498,0.42652755975723267
general,gated,DLS,34,True,0.09830546379089355,4.1999373,0.04290993884205818
general,gated,DLS,300,False,0.964461088180542,51.349216,18.56315040588379
general,gated,DLS,10,True,0.031122684478759766,4.7025847,0.06992527097463608
general,gated,DLS,112,True,0.428236722946167,4.9710155,0.06363368034362793
general,gated,DLS,9,True,0.0294952392578125,4.2686915,0.056300725787878036
general,gated,DLS,3,True,0.011092901229858398,4.61559,0.045141369104385376
general,gated,DLS,6,True,0.018320560455322266,4.633613,0.05877675116062164
general,gated,DLS,36,True,0.12236690521240234,4.9287,0.0450400672852993
general,gated,DLS,6,True,0.01856851577758789,4.538056,0.07825126498937607
general,gated,DLS,13,True,0.04008293151855469,4.7643895,0.0
general,gated,DLS,55,True,0.16681337356567383,4.5539603,0.05534699931740761
general,gated,DLS,3,True,0.009870052337646484,4.4504957,0.08891051262617111
general,gated,DLS,300,False,0.9432241916656494,34.58622,0.15392084419727325
general,gated,DLS,54,True,0.16392946243286133,4.7259436,0.0
general,gated,DLS,8,True,0.024672269821166992,4.697226,0.021372148767113686
general,gated,DLS,2,True,0.007917165756225586,2.840923,0.0
general,gated,DLS,14,True,0.04291701316833496,4.912507,0.04493222385644913
general,gated,DLS,2,True,0.008270025253295898,4.99025,0.18284159898757935
general,gated,DLS,21,True,0.07618474960327148,4.979294,0.041625481098890305
general,gated,DLS,300,False,0.8980841636657715,28.961777,0.2710915803909302
general,gated,DLS,300,False,0.9314384460449219,33.948353,6.43686056137085
general,gated,DLS,2,True,0.00821995735168457,4.4749336,0.0
general,gated,DLS,300,False,0.8986949920654297,8.968889,0.07428387552499771
general,gated,DLS,2,True,0.007039070129394531,3.163975,0.03188605606555939
general,gated,DLS,300,False,0.9644911289215088,143.70058,1.0832489728927612
general,gated,DLS,300,False,0.9149246215820312,14.623033,0.06101667135953903
general,gated,DLS,2,True,0.006533145904541016,3.468258,0.039882220327854156
general,gated,DLS,15,True,0.04484438896179199,4.8035216,0.04562554880976677
general,gated,DLS,156,True,0.48919057846069336,4.7925653,0.07502137124538422
general,gated,DLS,300,False,0.9149720668792725,49.983284,3.5994555950164795
general,gated,DLS,3,True,0.019969940185546875,3.195989,0.0660032108426094
general,gated,DLS,13,True,0.05710792541503906,4.883733,0.0
general,gated,DLS,4,True,0.012434244155883789,3.3233318,0.005205200519412756
general,gated,DLS,11,True,0.031099796295166016,4.1402116,0.03620968386530876
general,gated,DLS,5,True,0.015650272369384766,4.6270237,0.03851902857422829
general,gated,DLS,6,True,0.01860952377319336,4.38652,0.0
general,gated,DLS,2,True,0.007853031158447266,4.213188,0.0
general,gated,DLS,83,True,0.3037683963775635,4.4947915,0.0412948802113533
general,gated,DLS,138,True,0.45204639434814453,4.9949107,0.03539784997701645
general,gated,DLS,25,True,0.07454037666320801,4.9258833,0.04647060111165047
general,gated,DLS,107,True,0.3208200931549072,4.909601,0.027415849268436432
general,gated,DLS,7,True,0.024326801300048828,4.428494,0.06940016150474548
general,gated,DLS,21,True,0.09315228462219238,4.8018074,0.08180411905050278
general,gated,DLS,165,True,0.5167455673217773,4.8216286,0.08259258419275284
general,gated,DLS,97,True,0.2964177131652832,4.72116,0.06671846657991409
general,gated,DLS,4,True,0.012466907501220703,4.9428988,0.0376775749027729
general,gated,DLS,300,False,0.9183545112609863,123.01277,66.24137115478516
general,gated,DLS,6,True,0.0186769962310791,4.6597395,0.11689095944166183
general,gated,DLS,15,True,0.04314994812011719,4.6764627,0.04317476600408554
general,gated,DLS,39,True,0.11671853065490723,4.4816747,1.0802067518234253
general,gated,DLS,85,True,0.28525590896606445,4.9875135,0.026584282517433167
general,gated,DLS,300,False,0.930884599685669,144.89113,0.8813381791114807
general,gated,DLS,29,True,0.08503556251525879,4.8720675,0.0
general,gated,DLS,35,True,0.11020565032958984,4.9395494,0.010433890856802464
general,gated,DLS,43,True,0.14723920822143555,4.851887,0.05469997227191925
general,gated,DLS,250,True,0.8707380294799805,4.9987416,0.0
general,gated,DLS,3,True,0.010492324829101562,4.056515,0.07858827710151672
general,gated,DLS,79,True,0.2519989013671875,4.5063233,0.03810427710413933
general,gated,DLS,30,True,0.11805510520935059,4.7693367,0.06537186354398727
general,gated,DLS,56,True,0.19761347770690918,4.8944197,0.0
general,gated,DLS,39,True,0.1307544708251953,3.1958382,0.0
general,gated,DLS,48,True,0.15990972518920898,4.3498297,0.03715919703245163
general,gated,DLS,20,True,0.059129953384399414,4.9655356,0.05158981680870056
general,gated,DLS,4,True,0.012302875518798828,4.7931004,0.04148427024483681
general,gated,DLS,4,True,0.012666940689086914,4.493312,0.05115259811282158
general,gated,DLS,72,True,0.22231554985046387,4.981177,0.05779745802283287
general,gated,DLS,1,True,0.004242897033691406,4.6713195,0.14895185828208923
general,gated,DLS,61,True,0.18443036079406738,4.9962635,0.14287540316581726
general,gated,DLS,4,True,0.014246463775634766,4.9103336,0.052042677998542786
general,gated,DLS,243,True,0.7298288345336914,4.9563465,0.043552033603191376
general,gated,DLS,63,True,0.19391703605651855,4.9517336,0.0
general,gated,DLS,5,True,0.016353130340576172,3.965802,0.051424045115709305
general,gated,DLS,300,False,0.9453177452087402,71.87693,0.9312263131141663
general,gated,DLS,6,True,0.01844644546508789,4.9684386,0.06594044715166092
general,gated,DLS,4,True,0.012143135070800781,4.973603,0.08756347745656967
general,gated,DLS,300,False,0.9043643474578857,72.44889,0.21262510120868683
general,gated,DLS,7,True,0.022887468338012695,4.134738,0.0
general,gated,DLS,70,True,0.2106914520263672,4.630055,0.05949508771300316
general,gated,DLS,3,True,0.011526823043823242,4.008123,0.0
general,gated,DLS,300,False,0.9340353012084961,38.71263,11.363329887390137
general,gated,DLS,7,True,0.02164912223815918,4.2190485,0.0
general,gated,DLS,18,True,0.054274559020996094,4.7220216,0.0
general,gated,DLS,1,True,0.005425453186035156,4.954923,0.1518605649471283
general,gated,DLS,11,True,0.033835411071777344,4.3866277,0.08213191479444504
general,gated,DLS,68,True,0.2104039192199707,4.893706,0.03943625092506409
general,gated,DLS,300,False,0.9278531074523926,12.486999,5.021344184875488
general,gated,DLS,115,True,0.3276381492614746,4.536954,0.0
general,gated,DLS,2,True,0.0069849491119384766,4.377678,0.04269786924123764
general,gated,DLS,0,True,0.0013997554779052734,3.0261946,2.1097195148468018
general,gated,DLS,6,True,0.018410205841064453,4.965835,0.11502252519130707
general,gated,DLS,6,True,0.01981973648071289,2.3398066,0.0
general,gated,DLS,300,False,0.9109594821929932,81.459114,38.44633102416992
general,gated,DLS,300,False,0.9724748134613037,10.98958,0.9455774426460266
general,gated,DLS,300,False,0.896202802658081,80.385635,8.245073318481445
general,gated,DLS,9,True,0.03153228759765625,4.4546413,0.0468691810965538
general,gated,DLS,5,True,0.016011953353881836,4.0993156,0.0
general,gated,DLS,9,True,0.028029441833496094,4.732707,0.09263557940721512
general,gated,DLS,5,True,0.016237974166870117,4.531847,0.03439660370349884
general,gated,DLS,13,True,0.040544986724853516,4.808731,0.03853880241513252
general,gated,DLS,4,True,0.013269424438476562,4.511978,0.06304944306612015
general,gated,DLS,5,True,0.018180131912231445,4.0214624,0.057017020881175995
general,gated,DLS,6,True,0.01829218864440918,4.7513366,0.05029934644699097
general,gated,DLS,3,True,0.011451482772827148,4.631063,0.05031514912843704
general,gated,DLS,1,True,0.0040531158447265625,4.4587297,0.028726419433951378
general,gated,DLS,4,True,0.013910770416259766,4.117486,0.06629820913076401
general,gated,DLS,8,True,0.02457594871520996,4.7566814,0.05088016018271446
general,gated,DLS,3,True,0.012113809585571289,3.7069385,0.05678058788180351
general,gated,DLS,300,False,0.9529519081115723,135.09863,0.8041271567344666
general,gated,DLS,4,True,0.012935400009155273,4.389886,0.0
general,gated,DLS,145,True,0.45089197158813477,4.991177,0.029017943888902664
general,gated,DLS,11,True,0.0333247184753418,4.44821,0.05916782468557358
general,gated,DLS,300,False,0.8881866931915283,79.94271,9.606573104858398
general,gated,DLS,4,True,0.012937068939208984,4.885897,0.0
general,gated,DLS,30,True,0.09000945091247559,4.7578325,0.0
general,gated,DLS,300,False,0.9511265754699707,29.07494,0.08798576146364212
general,gated,DLS,2,True,0.00658869743347168,2.4877067,0.04730742797255516
general,gated,DLS,10,True,0.030150175094604492,4.9566226,0.07413478195667267
general,gated,DLS,29,True,0.08461570739746094,4.7593594,0.0
general,gated,DLS,80,True,0.23599505424499512,4.372717,0.0
general,gated,DLS,50,True,0.14509963989257812,4.2287326,0.050435055047273636
general,gated,DLS,2,True,0.006692409515380859,3.3736136,0.13014452159404755
general,gated,DLS,6,True,0.019867420196533203,3.6929104,0.04722478240728378
general,gated,DLS,4,True,0.012864351272583008,4.0039415,0.12875063717365265
general,gated,DLS,4,True,0.013596773147583008,4.0718336,0.057740580290555954
general,gated,DLS,57,True,0.17916655540466309,4.977435,0.033873628824949265
general,gated,DLS,9,True,0.031205415725708008,4.2283187,0.1274549663066864
general,gated,DLS,2,True,0.0067212581634521484,4.2486134,0.052231620997190475
general,gated,DLS,28,True,0.09891533851623535,4.766978,0.06436457484960556
general,gated,DLS,58,True,0.1854233741760254,4.091879,0.0
general,gated,DLS,5,True,0.017098188400268555,4.9431496,0.0
general,gated,DLS,14,True,0.05163145065307617,4.7655487,0.03854520618915558
general,gated,DLS,42,True,0.12530303001403809,4.838213,0.03645189478993416
general,gated,DLS,2,True,0.006478786468505859,4.1990843,0.050123222172260284
general,gated,DLS,5,True,0.015692949295043945,3.9928937,0.05245881900191307
general,gated,DLS,2,True,0.0070362091064453125,2.9087937,0.10757528245449066
general,gated,DLS,48,True,0.14182400703430176,4.8722744,0.18685407936573029
general,gated,DLS,2,True,0.006551504135131836,3.033411,0.03955341503024101
general,gated,DLS,16,True,0.04788923263549805,4.9058046,0.18996526300907135
general,gated,DLS,10,True,0.03204011917114258,4.5823007,0.02950187958776951
general,gated,DLS,12,True,0.037160396575927734,4.7100024,0.02593497559428215
general,gated,DLS,107,True,0.33879733085632324,4.8513465,0.08321917802095413
general,gated,DLS,3,True,0.00946664810180664,4.806217,0.016021080315113068
general,gated,DLS,1,True,0.004904985427856445,3.9658728,0.055109601467847824
general,gated,DLS,34,True,0.10786867141723633,4.912028,0.3496387004852295
general,gated,DLS,17,True,0.051596641540527344,4.5906606,0.04757150635123253
general,gated,DLS,4,True,0.012958049774169922,3.8480797,0.14358116686344147
general,gated,DLS,300,False,0.9145920276641846,145.70792,0.6594439744949341
general,gated,DLS,8,True,0.023868083953857422,4.6012826,0.07899972796440125
general,gated,DLS,127,True,0.3790113925933838,4.988478,0.029892342165112495
general,gated,DLS,35,True,0.10106968879699707,4.110409,0.05851837620139122
general,gated,DLS,2,True,0.0067005157470703125,3.445819,0.03215976804494858
general,gated,DLS,38,True,0.13642334938049316,4.911865,0.04670682176947594
general,gated,DLS,74,True,0.25055360794067383,4.663036,0.09540843218564987
general,gated,DLS,25,True,0.08478021621704102,4.662031,0.0
general,gated,DLS,29,True,0.0875084400177002,4.916348,0.0
general,gated,DLS,2,True,0.007097482681274414,2.743384,0.024676039814949036
general,gated,DLS,3,True,0.010772705078125,3.875561,0.023138584569096565
general,gated,DLS,49,True,0.14617538452148438,4.1714115,0.049307990819215775
general,gated,DLS,2,True,0.0066738128662109375,4.7654805,0.04997892305254936
general,gated,DLS,22,True,0.07381033897399902,4.9407988,0.049219097942113876
general,gated,DLS,49,True,0.13965940475463867,4.290344,0.14569103717803955
general,gated,DLS,2,True,0.006560802459716797,4.888572,0.034712355583906174
general,gated,DLS,1,True,0.006594657897949219,3.184749,0.07260303199291229
general,gated,DLS,300,False,0.9183719158172607,82.39854,0.2483794093132019
general,gated,DLS,8,True,0.037979841232299805,4.4390793,0.0
general,gated,DLS,23,True,0.0725409984588623,4.868871,0.0
general,gated,DLS,300,False,0.9389169216156006,69.74841,1.5594451427459717
general,gated,DLS,5,True,0.01601886749267578,4.5002446,0.050064194947481155
general,gated,DLS,36,True,0.105194091796875,4.0255766,0.0487750768661499
general,gated,DLS,46,True,0.14978957176208496,4.5148234,0.1466694474220276
general,gated,DLS,10,True,0.03087925910949707,4.9245415,0.04701346158981323
general,gated,DLS,72,True,0.20262622833251953,4.7192497,0.036945655941963196
general,gated,DLS,37,True,0.1054375171661377,4.349845,0.2279382050037384
general,gated,DLS,88,True,0.2763054370880127,3.0300605,0.09746147692203522
general,gated,DLS,300,False,0.9293568134307861,114.55732,39.25679016113281
general,gated,DLS,25,True,0.08064103126525879,4.849444,0.07770886272192001
general,gated,DLS,300,False,0.9071810245513916,76.50313,0.3528306782245636
general,gated,DLS,38,True,0.11290764808654785,3.5472686,0.05198227986693382
general,gated,DLS,3,True,0.010757684707641602,3.9361966,0.05276491865515709
general,gated,DLS,18,True,0.052062034606933594,4.75179,0.02176489494740963
general,gated,DLS,42,True,0.12229490280151367,3.887486,0.06284938007593155
general,gated,DLS,108,True,0.33892059326171875,4.9837008,0.06124657019972801
general,gated,DLS,300,False,0.9130828380584717,194.84007,2.4136552810668945
general,gated,DLS,3,True,0.011121749877929688,4.4708557,0.05052280053496361
general,gated,DLS,54,True,0.15948247909545898,4.838899,0.06884407997131348
general,gated,DLS,8,True,0.027840614318847656,4.529785,0.1010880097746849
general,gated,DLS,300,False,0.8928570747375488,252.39983,19.158384323120117
general,gated,DLS,2,True,0.0064809322357177734,4.581212,0.021441929042339325
general,gated,DLS,56,True,0.16430878639221191,4.5283394,0.11146437376737595
general,gated,DLS,5,True,0.01614546775817871,3.786236,0.038030967116355896
general,gated,DLS,2,True,0.006501197814941406,3.5295107,0.01716655120253563
general,gated,DLS,25,True,0.07723093032836914,4.6080236,0.0
general,gated,DLS,74,True,0.2456202507019043,4.975688,0.0669187381863594
general,gated,DLS,1,True,0.004678964614868164,4.723402,0.16304245591163635
general,gated,DLS,4,True,0.012812376022338867,3.594817,0.03431790694594383
general,gated,DLS,91,True,0.28940653800964355,4.862374,0.0
general,gated,DLS,24,True,0.08624053001403809,4.9264727,0.0592927485704422
general,gated,DLS,69,True,0.20962047576904297,4.7862277,0.037317633628845215
general,gated,DLS,6,True,0.018339157104492188,4.988011,0.047010648995637894
general,gated,DLS,11,True,0.040611982345581055,4.006855,0.08449853956699371
general,gated,DLS,21,True,0.06750965118408203,4.984528,0.01072845421731472
general,gated,DLS,7,True,0.02249908447265625,4.1286087,0.09756314754486084
general,gated,DLS,6,True,0.018557071685791016,4.763666,0.0219891220331192
general,gated,DLS,3,True,0.009833335876464844,4.4487786,0.0
general,gated,DLS,7,True,0.02325606346130371,4.685866,0.0
general,gated,DLS,60,True,0.17657876014709473,4.4803114,0.05229191854596138
general,gated,DLS,52,True,0.1507246494293213,4.9621773,0.33492347598075867
general,gated,DLS,300,False,0.9101254940032959,50.125435,0.5236728191375732
general,gated,DLS,22,True,0.06872105598449707,4.982988,0.05841449648141861
general,gated,DLS,10,True,0.029791831970214844,4.8792644,0.07338372617959976
general,gated,DLS,2,True,0.00653386116027832,3.5847363,0.09134800732135773
general,gated,DLS,300,False,1.0248792171478271,172.31337,0.47850680351257324
general,gated,DLS,86,True,0.27089786529541016,4.713219,0.07658226042985916
general,gated,DLS,6,True,0.02271556854248047,3.8088403,0.07994351536035538
general,gated,DLS,33,True,0.10792827606201172,4.808042,0.06488962471485138
general,gated,DLS,19,True,0.05482912063598633,4.973441,0.03357943147420883
general,gated,DLS,6,True,0.018222570419311523,3.5750878,0.044857922941446304
general,gated,DLS,3,True,0.010626792907714844,4.5362325,0.04648908972740173
general,gated,DLS,151,True,0.4564359188079834,4.7672205,0.0
general,gated,DLS,15,True,0.04529094696044922,4.560881,0.039943017065525055
general,gated,DLS,4,True,0.013419866561889648,4.2365146,0.0
general,gated,DLS,3,True,0.009153604507446289,3.8064787,0.05968290939927101
general,gated,DLS,51,True,0.16558432579040527,4.76456,0.053973861038684845
general,gated,DLS,34,True,0.11576724052429199,3.3588047,0.03508610278367996
general,gated,DLS,300,False,0.974902868270874,23.154547,0.23700085282325745
general,gated,DLS,3,True,0.009433507919311523,4.8118634,0.1516556739807129
general,gated,DLS,160,True,0.49512314796447754,4.932483,0.24198710918426514
general,gated,DLS,3,True,0.009853839874267578,4.973364,0.038350917398929596
general,gated,DLS,49,True,0.1389172077178955,2.9857485,0.0626339390873909
general,gated,DLS,42,True,0.1270606517791748,4.852585,0.0380508191883564
general,gated,DLS,50,True,0.16319727897644043,4.863802,0.03771648928523064
general,gated,DLS,28,True,0.08718466758728027,4.9819856,0.0
general,gated,DLS,2,True,0.007256984710693359,2.075625,0.043538354337215424
general,gated,DLS,11,True,0.037041664123535156,4.4463396,0.16276495158672333
general,gated,DLS,27,True,0.08096051216125488,4.958385,0.0
general,gated,DLS,48,True,0.14216852188110352,4.963219,0.02913842163980007
general,gated,DLS,4,True,0.011859416961669922,4.4899664,0.05373871326446533
general,gated,DLS,36,True,0.10895991325378418,4.991411,0.0
general,gated,DLS,41,True,0.12062287330627441,4.9998894,0.05050762742757797
general,gated,DLS,1,True,0.0039768218994140625,2.94442,0.060259394347667694
general,gated,DLS,15,True,0.05842137336730957,4.7358656,0.07649243623018265
general,gated,DLS,18,True,0.052109479904174805,4.593692,0.09757011383771896
general,gated,DLS,34,True,0.10235428810119629,4.415278,0.06216205656528473
general,gated,DLS,5,True,0.015527009963989258,4.164402,0.045274168252944946
general,gated,DLS,300,False,0.9036705493927002,105.721634,4.844135284423828
general,gated,DLS,300,False,0.912128210067749,61.01022,0.6135174036026001
general,gated,DLS,5,True,0.018095970153808594,4.4296155,0.08481896668672562
general,gated,DLS,4,True,0.013386011123657227,4.407763,0.0
general,gated,DLS,15,True,0.04728889465332031,4.4086676,0.050101567059755325
general,gated,DLS,74,True,0.2245023250579834,4.4345636,0.04219530150294304
general,gated,DLS,4,True,0.015459299087524414,4.5923214,0.11451059579849243
general,gated,DLS,7,True,0.02385401725769043,4.2089934,0.0484529547393322
general,gated,DLS,6,True,0.020580291748046875,4.935509,0.07009810209274292
general,gated,DLS,1,True,0.003938913345336914,4.67073,0.03184650465846062
general,gated,DLS,97,True,0.2881026268005371,4.9136705,0.0
general,gated,DLS,42,True,0.12648725509643555,4.8313937,0.07890210300683975
general,gated,DLS,2,True,0.01124882698059082,4.25966,0.03907594829797745
general,gated,CCD,1,True,0.02234959602355957,4.8183403,15.328866004943848
general,gated,CCD,5,True,0.06255960464477539,1.6949986,90.90157318115234
general,gated,CCD,3,True,0.037227630615234375,2.2864726,33.5248908996582
general,gated,CCD,1,True,0.01405954360961914,4.8545413,20.60181999206543
general,gated,CCD,6,True,0.07772994041442871,2.155917,61.078792572021484
general,gated,CCD,1,True,0.012516975402832031,0.657851,17.049957275390625
general,gated,CCD,1,True,0.014308929443359375,4.427171,18.66781997680664
general,gated,CCD,1,True,0.01434183120727539,0.42639154,16.642911911010742
general,gated,CCD,1,True,0.01383662223815918,2.2585304,17.387371063232422
general,gated,CCD,300,False,3.8623788356781006,18.166515,123.80416870117188
general,gated,CCD,1,True,0.012488603591918945,4.5193176,20.166982650756836
general,gated,CCD,12,True,0.1466507911682129,3.6455748,170.18577575683594
general,gated,CCD,2,True,0.02743363380432129,1.1008239,34.894142150878906
general,gated,CCD,1,True,0.014197826385498047,1.9938477,9.969314575195312
general,gated,CCD,1,True,0.013511419296264648,4.6904693,33.761016845703125
general,gated,CCD,1,True,0.013370275497436523,0.13915798,18.941736221313477
general,gated,CCD,2,True,0.025539398193359375,2.3196716,51.26736068725586
general,gated,CCD,1,True,0.013607263565063477,0.7992268,26.76503562927246
general,gated,CCD,5,True,0.062467336654663086,3.8933115,23.80139923095703
general,gated,CCD,1,True,0.026978254318237305,4.511717,23.094402313232422
general,gated,CCD,2,True,0.026784181594848633,2.628521,17.277053833007812
general,gated,CCD,6,True,0.0735166072845459,3.2176547,49.439449310302734
general,gated,CCD,4,True,0.056243181228637695,3.9574835,23.081052780151367
general,gated,CCD,6,True,0.07423520088195801,2.6909373,138.8849334716797
general,gated,CCD,4,True,0.053287506103515625,0.46542338,58.81414031982422
general,gated,CCD,38,True,0.5095787048339844,4.837705,69.1609115600586
general,gated,CCD,2,True,0.03541421890258789,4.8690286,10.910658836364746
general,gated,CCD,2,True,0.024270057678222656,0.2421627,46.84056854248047
general,gated,CCD,2,True,0.02495598793029785,3.5296407,40.76350021362305
general,gated,CCD,1,True,0.012825250625610352,0.5663621,18.999767303466797
general,gated,CCD,1,True,0.013160228729248047,2.5770848,25.98100471496582
general,gated,CCD,2,True,0.03146100044250488,1.511726,16.350788116455078
general,gated,CCD,1,True,0.013935089111328125,3.2322066,176.8500213623047
general,gated,CCD,2,True,0.03685712814331055,0.67319983,43.229984283447266
general,gated,CCD,1,True,0.014384746551513672,4.1822295,15.050996780395508
general,gated,CCD,2,True,0.026033878326416016,0.6452327,23.157684326171875
general,gated,CCD,1,True,0.014598369598388672,1.0768865,18.19351577758789
general,gated,CCD,1,True,0.012951850891113281,1.3151292,15.876218795776367
general,gated,CCD,18,True,0.22989273071289062,4.7516036,102.99238586425781
general,gated,CCD,4,True,0.05193758010864258,4.0540066,48.40047073364258
general,gated,CCD,3,True,0.04102492332458496,2.771747,38.24606704711914
general,gated,CCD,4,True,0.04983234405517578,4.733843,48.522586822509766
general,gated,CCD,4,True,0.050917625427246094,3.0036836,30.125144958496094
general,gated,CCD,5,True,0.06141376495361328,2.8654358,45.771873474121094
general,gated,CCD,3,True,0.039597272872924805,2.3071752,53.02141571044922
general,gated,CCD,1,True,0.013142824172973633,4.054377,21.737308502197266
general,gated,CCD,1,True,0.012977838516235352,3.5280917,17.816247940063477
general,gated,CCD,1,True,0.013345003128051758,0.53111786,21.705835342407227
general,gated,CCD,1,True,0.01386117935180664,1.5755869,17.670177459716797
general,gated,CCD,1,True,0.01325845718383789,2.5595567,20.800580978393555
general,gated,CCD,3,True,0.04064822196960449,3.6006083,37.93632888793945
general,gated,CCD,2,True,0.02623462677001953,1.8164387,20.6580810546875
general,gated,CCD,1,True,0.014456510543823242,0.1448085,17.342554092407227
general,gated,CCD,7,True,0.08673977851867676,3.1589093,105.55811309814453
general,gated,CCD,3,True,0.037181854248046875,2.7350214,19.446210861206055
general,gated,CCD,5,True,0.08831000328063965,3.2386687,59.48875045776367
general,gated,CCD,3,True,0.04946780204772949,3.2070558,40.37498474121094
general,gated,CCD,4,True,0.05399680137634277,3.7924538,37.1942024230957
general,gated,CCD,1,True,0.012966394424438477,2.8119283,18.544620513916016
general,gated,CCD,2,True,0.029360055923461914,1.1288259,43.29512405395508
general,gated,CCD,1,True,0.014251947402954102,1.3047843,14.482919692993164
general,gated,CCD,5,True,0.06949067115783691,2.702546,111.5696029663086
general,gated,CCD,2,True,0.026085853576660156,1.2993021,18.482837677001953
general,gated,CCD,5,True,0.06069231033325195,3.8265924,40.54246139526367
general,gated,CCD,1,True,0.014847040176391602,4.3445473,17.20796775817871
general,gated,CCD,1,True,0.015979766845703125,1.459034,22.3300724029541
general,gated,CCD,1,True,0.014586687088012695,0.95269006,20.097387313842773
general,gated,CCD,300,False,3.9401493072509766,19.633846,98.5948715209961
general,gated,CCD,3,True,0.03719592094421387,3.2632155,22.162546157836914
general,gated,CCD,1,True,0.013410568237304688,0.22280653,20.080608367919922
general,gated,CCD,2,True,0.026154518127441406,2.6225326,39.460693359375
general,gated,CCD,2,True,0.024902820587158203,2.4410665,39.99129104614258
general,gated,CCD,5,True,0.0663001537322998,2.7004232,52.494285583496094
general,gated,CCD,2,True,0.025236845016479492,1.9255404,34.20695495605469
general,gated,CCD,1,True,0.020544052124023438,0.76296103,20.71247673034668
general,gated,CCD,2,True,0.03897690773010254,0.6688985,13.530698776245117
general,gated,CCD,3,True,0.036179304122924805,4.3563743,51.859500885009766
general,gated,CCD,1,True,0.01507878303527832,3.4186456,27.340118408203125
general,gated,CCD,1,True,0.02491903305053711,2.9555418,24.257287979125977
general,gated,CCD,1,True,0.023156166076660156,0.844298,18.776159286499023
general,gated,CCD,7,True,0.09545373916625977,3.4111023,60.35331726074219
general,gated,CCD,9,True,0.11577558517456055,2.7902796,62.59629821777344
general,gated,CCD,3,True,0.043389320373535156,4.930652,22.5124454498291
general,gated,CCD,3,True,0.040984392166137695,0.13019508,50.53765106201172
general,gated,CCD,1,True,0.019538402557373047,1.9285806,23.722280502319336
general,gated,CCD,3,True,0.03801918029785156,3.6818614,35.054630279541016
general,gated,CCD,16,True,0.22651171684265137,4.816446,126.09664916992188
general,gated,CCD,1,True,0.013274431228637695,3.0886238,20.62465476989746
general,gated,CCD,2,True,0.025592565536499023,1.7740405,32.19159698486328
general,gated,CCD,300,False,3.6548333168029785,139.73312,145.3808135986328
general,gated,CCD,1,True,0.014258861541748047,0.7292865,24.510822296142578
general,gated,CCD,3,True,0.03893303871154785,0.60980093,25.053773880004883
general,gated,CCD,2,True,0.025922536849975586,1.5536183,35.476139068603516
general,gated,CCD,1,True,0.013387680053710938,3.8960083,16.423250198364258
general,gated,CCD,6,True,0.09451818466186523,3.2808807,84.9050521850586
general,gated,CCD,1,True,0.01459646224975586,3.7494943,24.54259490966797
general,gated,CCD,2,True,0.02893996238708496,3.6704996,28.80647087097168
general,gated,CCD,6,True,0.07897377014160156,4.0735297,117.93465423583984
general,gated,CCD,5,True,0.06075739860534668,3.3016455,114.9844970703125
general,gated,CCD,1,True,0.013830900192260742,0.73661435,17.749666213989258
general,gated,CCD,4,True,0.07060694694519043,1.2895056,38.4320068359375
general,gated,CCD,2,True,0.029051780700683594,0.5322627,24.814332962036133
general,gated,CCD,4,True,0.05419731140136719,4.8420057,31.0748291015625
general,gated,CCD,300,False,4.196818590164185,142.76382,129.0121612548828
general,gated,CCD,5,True,0.10043120384216309,2.421227,99.02540588378906
general,gated,CCD,5,True,0.07605838775634766,4.0652647,85.80933380126953
general,gated,CCD,1,True,0.019263505935668945,0.09011441,16.98326873779297
general,gated,CCD,2,True,0.025124788284301758,2.9183671,39.4964714050293
general,gated,CCD,5,True,0.06558823585510254,3.7811334,66.09453582763672
general,gated,CCD,2,True,0.03541684150695801,1.6982967,6.359592437744141
general,gated,CCD,2,True,0.025639772415161133,4.7544136,26.391496658325195
general,gated,CCD,2,True,0.03461456298828125,1.2036227,37.46100616455078
general,gated,CCD,2,True,0.02790045738220215,2.6927974,14.03774642944336
general,gated,CCD,4,True,0.05752706527709961,4.8807917,45.81599807739258
general,gated,CCD,1,True,0.01643967628479004,2.005629,14.141497611999512
general,gated,CCD,4,True,0.06019449234008789,2.2956944,42.75808334350586
general,gated,CCD,3,True,0.041249990463256836,3.3322642,10.988887786865234
general,gated,CCD,1,True,0.013031482696533203,1.6590396,24.103282928466797
general,gated,CCD,18,True,0.2414696216583252,4.4670005,76.53597259521484
general,gated,CCD,5,True,0.07788515090942383,3.6617963,46.32752227783203
general,gated,CCD,6,True,0.07880592346191406,3.871432,67.57376861572266
general,gated,CCD,1,True,0.015089988708496094,1.4179175,18.042354583740234
general,gated,CCD,2,True,0.029284000396728516,1.599683,24.73430061340332
general,gated,CCD,1,True,0.013426065444946289,3.7012262,21.280683517456055
general,gated,CCD,1,True,0.014167547225952148,1.1523017,23.076555252075195
general,gated,CCD,1,True,0.019069671630859375,3.9144428,21.397512435913086
general,gated,CCD,5,True,0.06809496879577637,3.5441318,23.712772369384766
general,gated,CCD,6,True,0.07783031463623047,2.6934958,60.143226623535156
general,gated,CCD,3,True,0.03753805160522461,2.8259776,30.259265899658203
general,gated,CCD,3,True,0.04059863090515137,2.0158408,82.40496826171875
general,gated,CCD,1,True,0.014553546905517578,1.0181757,18.490442276000977
general,gated,CCD,0,True,0.0014851093292236328,3.0261946,2.1097195148468018
general,gated,CCD,2,True,0.03155255317687988,0.6841705,2.4183366298675537
general,gated,CCD,1,True,0.01740264892578125,3.5962415,133.24505615234375
general,gated,CCD,3,True,0.03927111625671387,0.40321398,47.47263717651367
general,gated,CCD,2,True,0.030781269073486328,0.46179575,43.60845184326172
general,gated,CCD,8,True,0.09919595718383789,4.7086644,117.19408416748047
general,gated,CCD,1,True,0.013924360275268555,0.85238546,18.64659881591797
general,gated,CCD,2,True,0.024034738540649414,0.44999745,13.168111801147461
general,gated,CCD,2,True,0.02471637725830078,0.5533516,43.391300201416016
general,gated,CCD,2,True,0.027713537216186523,2.8461924,34.66513442993164
general,gated,CCD,2,True,0.026053190231323242,3.1499858,7.855574131011963
general,gated,CCD,1,True,0.013843297958374023,4.483787,23.6688175201416
general,gated,CCD,2,True,0.023992300033569336,4.1069036,6.416042327880859
general,gated,CCD,1,True,0.014794588088989258,2.122439,19.57428741455078
general,gated,CCD,1,True,0.014849185943603516,1.1687802,17.303478240966797
general,gated,CCD,1,True,0.013245820999145508,1.4906709,17.85028648376465
general,gated,CCD,2,True,0.024254798889160156,0.20437956,12.043560981750488
general,gated,CCD,1,True,0.012811660766601562,4.6387773,21.988750457763672
general,gated,CCD,1,True,0.014368057250976562,0.35003242,17.0220947265625
general,gated,CCD,9,True,0.11215090751647949,4.081583,74.11560821533203
general,gated,CCD,2,True,0.024787187576293945,1.8377304,6.242098808288574
general,gated,CCD,14,True,0.16933417320251465,4.9214287,4.3984856605529785
general,gated,CCD,1,True,0.015651464462280273,1.4975001,16.189786911010742
general,gated,CCD,5,True,0.06336402893066406,1.9007515,78.08302307128906
general,gated,CCD,1,True,0.013355255126953125,1.4179573,12.998359680175781
general,gated,CCD,2,True,0.02415752410888672,1.4700752,33.11463928222656
general,gated,CCD,3,True,0.03698468208312988,2.7077775,44.052734375
general,gated,CCD,1,True,0.013817071914672852,2.893321,16.334325790405273
general,gated,CCD,2,True,0.024771928787231445,3.3821256,3.7417469024658203
general,gated,CCD,3,True,0.039438486099243164,3.3808718,23.60603141784668
general,gated,CCD,2,True,0.02586221694946289,1.3746988,23.186767578125
general,gated,CCD,8,True,0.10413241386413574,3.714128,84.73804473876953
general,gated,CCD,1,True,0.014373540878295898,0.66961366,19.155746459960938
general,gated,CCD,3,True,0.03950810432434082,3.4153328,18.777360916137695
general,gated,CCD,3,True,0.03728222846984863,4.798133,15.706527709960938
general,gated,CCD,2,True,0.024985790252685547,1.8260801,21.02414321899414
general,gated,CCD,2,True,0.024364709854125977,2.3990207,67.90966033935547
general,gated,CCD,2,True,0.02779865264892578,3.8902626,21.372833251953125
general,gated,CCD,2,True,0.024815082550048828,0.17329898,33.99053192138672
general,gated,CCD,3,True,0.03924107551574707,3.3452377,22.587488174438477
general,gated,CCD,3,True,0.03705430030822754,4.9315233,54.58673095703125
general,gated,CCD,1,True,0.013633251190185547,2.5972164,19.601951599121094
general,gated,CCD,1,True,0.017856121063232422,4.547614,22.885528564453125
general,gated,CCD,9,True,0.11775827407836914,4.2803974,86.23991394042969
general,gated,CCD,1,True,0.014147520065307617,1.983689,19.93934440612793
general,gated,CCD,2,True,0.02413487434387207,1.6957204,11.141560554504395
general,gated,CCD,2,True,0.024952411651611328,0.07322171,6.901909351348877
general,gated,CCD,5,True,0.06137800216674805,4.0439177,66.99874114990234
general,gated,CCD,1,True,0.012380599975585938,2.585227,15.1796236038208
general,gated,CCD,1,True,0.013241291046142578,1.8057854,16.603792190551758
general,gated,CCD,1,True,0.013473749160766602,0.7717287,21.15172004699707
general,gated,CCD,4,True,0.051918745040893555,4.4280787,40.972068786621094
general,gated,CCD,4,True,0.06555700302124023,3.661776,14.343901634216309
general,gated,CCD,2,True,0.02564859390258789,3.510396,6.245465278625488
general,gated,CCD,1,True,0.014264345169067383,1.0566021,17.99428367614746
general,gated,CCD,2,True,0.025742053985595703,3.1340873,16.770736694335938
general,gated,CCD,3,True,0.03620433807373047,1.0595547,48.202430725097656
general,gated,CCD,2,True,0.0249483585357666,3.5519073,11.278422355651855
general,gated,CCD,5,True,0.06541728973388672,0.9695678,81.47998046875
general,gated,CCD,1,True,0.013330698013305664,4.3956366,18.36800193786621
general,gated,CCD,7,True,0.08570551872253418,4.434168,46.17843246459961
general,gated,CCD,1,True,0.01402592658996582,4.7950244,38.375511169433594
general,gated,CCD,1,True,0.013161182403564453,0.7876846,19.438146591186523
general,gated,CCD,2,True,0.030063629150390625,3.3622286,28.170085906982422
general,gated,CCD,2,True,0.028215408325195312,1.2501625,32.136146545410156
general,gated,CCD,2,True,0.02541804313659668,0.41923225,25.514028549194336
general,gated,CCD,1,True,0.013566970825195312,2.5222564,23.18951416015625
general,gated,CCD,1,True,0.013245820999145508,0.58487123,18.63201332092285
general,gated,CCD,1,True,0.015015363693237305,2.7027717,16.925029754638672
general,gated,CCD,4,True,0.05877280235290527,2.4928942,50.950565338134766
general,gated,CCD,1,True,0.013213872909545898,4.0026155,15.119244575500488
general,gated,CCD,21,True,0.24668526649475098,4.8966403,33.708553314208984
general,gated,CCD,5,True,0.06653070449829102,4.200185,177.74949645996094
general,gated,CCD,1,True,0.01773810386657715,2.9128954,16.36069679260254
general,gated,CCD,1,True,0.013234853744506836,0.8814133,17.95416259765625
general,gated,CCD,3,True,0.03789806365966797,3.7878263,91.31007385253906
general,gated,CCD,1,True,0.013523578643798828,0.7763821,23.47692108154297
general,gated,CCD,2,True,0.024476051330566406,3.1208107,38.42045211791992
general,gated,CCD,300,False,3.693309783935547,125.60208,162.9384765625
general,gated,CCD,1,True,0.012834310531616211,4.7274804,20.894023895263672
general,gated,CCD,2,True,0.024805068969726562,2.648265,33.35231018066406
general,gated,CCD,2,True,0.024794340133666992,0.6581023,173.17929077148438
general,gated,CCD,2,True,0.02431035041809082,2.098872,27.19235610961914
general,gated,CCD,2,True,0.025075435638427734,4.210805,35.77276611328125
general,gated,CCD,300,False,3.7259905338287354,85.506294,121.33028411865234
general,gated,CCD,5,True,0.05993962287902832,2.911401,48.102508544921875
general,gated,CCD,3,True,0.03557753562927246,3.6997266,38.71885681152344
general,gated,CCD,1,True,0.012082815170288086,3.5907485,17.286314010620117
general,gated,CCD,3,True,0.03540921211242676,2.9891233,55.239383697509766
general,gated,CCD,3,True,0.042725324630737305,2.962759,34.209232330322266
general,gated,CCD,1,True,0.012978553771972656,0.78019536,19.264690399169922
general,gated,CCD,6,True,0.08060884475708008,4.2721705,31.49152183532715
general,gated,CCD,3,True,0.03566408157348633,2.365519,36.10038757324219
general,gated,CCD,3,True,0.03554892539978027,4.3845763,67.18140411376953
general,gated,CCD,2,True,0.02438521385192871,0.10339651,26.478057861328125
general,gated,CCD,3,True,0.03588223457336426,3.1530597,16.627498626708984
general,gated,CCD,3,True,0.03585934638977051,4.2396193,61.76790237426758
general,gated,CCD,1,True,0.013243675231933594,0.94685453,23.79290771484375
general,gated,CCD,4,True,0.04806232452392578,3.7200828,38.29207229614258
general,gated,CCD,1,True,0.01287531852722168,3.3644087,19.13311767578125
general,gated,CCD,9,True,0.10624003410339355,3.4267614,56.5432243347168
general,gated,CCD,3,True,0.03519868850708008,3.0682445,49.093162536621094
general,gated,CCD,1,True,0.015533447265625,4.5651913,16.17051887512207
general,gated,CCD,4,True,0.050702810287475586,2.231303,57.004371643066406
general,gated,CCD,2,True,0.024277210235595703,1.6150998,47.00115966796875
general,gated,CCD,2,True,0.025645017623901367,2.8958468,1.7415928840637207
general,gated,CCD,2,True,0.025489330291748047,1.7247297,8.923532485961914
general,gated,CCD,6,True,0.08950376510620117,2.5008404,69.71753692626953
general,gated,CCD,1,True,0.016314029693603516,2.7096183,11.167682647705078
general,gated,CCD,7,True,0.09545516967773438,4.3040056,73.87406158447266
general,gated,CCD,1,True,0.013316631317138672,2.4339204,21.621185302734375
general,gated,CCD,1,True,0.014982461929321289,0.5226607,21.31259536743164
general,gated,CCD,3,True,0.05377674102783203,2.8235488,16.9099063873291
general,gated,CCD,1,True,0.012925148010253906,0.58710253,16.62321662902832
general,gated,CCD,6,True,0.0776982307434082,4.179383,65.50613403320312
general,gated,CCD,1,True,0.014784812927246094,2.365342,17.579381942749023
general,gated,CCD,1,True,0.015204191207885742,0.7070695,15.548125267028809
general,gated,CCD,8,True,0.10374045372009277,4.497892,87.65943908691406
general,gated,CCD,1,True,0.011802911758422852,3.476877,13.621960639953613
general,gated,CCD,3,True,0.03524136543273926,0.8433284,68.7994155883789
general,gated,CCD,1,True,0.011899948120117188,1.3602718,15.8275146484375
general,gated,CCD,12,True,0.13604116439819336,4.8150315,57.30819320678711
general,gated,CCD,1,True,0.012897968292236328,2.4117634,15.059536933898926
general,gated,CCD,300,False,3.660400152206421,59.743286,169.12815856933594
general,gated,CCD,15,True,0.21178913116455078,4.191932,77.86038970947266
general,gated,CCD,2,True,0.029288053512573242,0.9059472,31.024240493774414
general,gated,CCD,4,True,0.05032086372375488,3.7415915,19.984933853149414
general,gated,CCD,2,True,0.025217056274414062,0.52182454,48.55036544799805
general,gated,CCD,4,True,0.046952247619628906,2.8910985,31.88262367248535
general,gated,CCD,1,True,0.012700796127319336,3.689402,26.43743896484375
general,gated,CCD,3,True,0.04395866394042969,0.65402406,65.05712890625
general,gated,CCD,2,True,0.025621652603149414,3.5120146,42.25350570678711
general,gated,CCD,1,True,0.012938499450683594,1.7973912,14.61329174041748
general,gated,CCD,1,True,0.013239383697509766,4.4538183,21.493629455566406
general,gated,CCD,4,True,0.04932260513305664,4.8985634,13.927377700805664
general,gated,CCD,2,True,0.027919292449951172,2.987076,47.55290222167969
general,gated,CCD,1,True,0.013033866882324219,2.2039006,24.69874382019043
general,gated,CCD,1,True,0.014066934585571289,1.4835911,15.955860137939453
general,gated,CCD,2,True,0.026296615600585938,2.978065,71.49614715576172
general,gated,CCD,1,True,0.013438940048217773,1.2667553,17.991361618041992
general,gated,CCD,9,True,0.11797332763671875,4.7756166,77.31404876708984
general,gated,CCD,1,True,0.013860940933227539,3.4319453,28.603944778442383
general,gated,CCD,2,True,0.024031400680541992,4.6263337,43.601783752441406
general,gated,CCD,2,True,0.024999618530273438,3.343444,17.644006729125977
general,gated,CCD,1,True,0.012651443481445312,1.8269632,16.59325408935547
general,gated,CCD,7,True,0.09837937355041504,3.8368187,54.49155807495117
general,gated,CCD,2,True,0.022232532501220703,2.4359376,33.86066818237305
general,gated,CCD,2,True,0.023002147674560547,2.0607407,38.07756805419922
general,gated,CCD,1,True,0.011883974075317383,3.4686317,23.511682510375977
general,gated,CCD,300,False,3.6000938415527344,49.99534,40.386600494384766
general,gated,CCD,2,True,0.02658843994140625,0.27688026,42.69493103027344
general,gated,CCD,1,True,0.01823115348815918,0.6084167,17.875823974609375
general,gated,CCD,1,True,0.02454972267150879,1.0595325,13.888781547546387
general,gated,CCD,4,True,0.05622291564941406,2.7969398,31.547630310058594
general,gated,CCD,1,True,0.012874126434326172,2.4429448,24.568979263305664
general,gated,CCD,1,True,0.013015508651733398,2.3976521,17.14633560180664
general,gated,CCD,1,True,0.013069629669189453,4.0641365,43.62080383300781
general,gated,CCD,1,True,0.013695955276489258,2.7283075,39.471458435058594
general,gated,CCD,1,True,0.013154268264770508,4.1099625,26.22354507446289
general,gated,CCD,1,True,0.01410365104675293,4.5139194,20.569250106811523
general,gated,CCD,5,True,0.06835556030273438,2.8647838,76.45767974853516
general,gated,CCD,3,True,0.03624987602233887,1.6859746,40.41203308105469
general,gated,CCD,2,True,0.0255734920501709,1.2953523,4.25961446762085
general,gated,CCD,1,True,0.012910604476928711,4.3634624,24.306060791015625
general,gated,CCD,1,True,0.013663291931152344,1.3314545,19.017484664916992
general,gated,CCD,1,True,0.015037059783935547,0.774074,20.02626609802246
general,gated,CCD,300,False,3.5677223205566406,10.135012,58.00343322753906
general,gated,CCD,3,True,0.03727984428405762,3.0424407,31.29784393310547
general,gated,CCD,1,True,0.012500286102294922,3.3563623,16.795347213745117
near_singular,cold,DLS,300,False,0.902646541595459,164.09958,0.41548657417297363
near_singular,cold,DLS,60,True,0.16954946517944336,4.919073,0.0
near_singular,cold,DLS,194,True,0.5683870315551758,4.898504,0.1476239562034607
near_singular,cold,DLS,300,False,0.8586752414703369,37.028797,0.6932224631309509
near_singular,cold,DLS,300,False,0.8827571868896484,19.036764,1.075501799583435
near_singular,cold,DLS,300,False,0.8433771133422852,60.06201,4.8768134117126465
near_singular,cold,DLS,300,False,0.9081065654754639,51.659122,1.1055964231491089
near_singular,cold,DLS,291,True,0.8511486053466797,4.912657,0.047106411308050156
near_singular,cold,DLS,300,False,0.8503744602203369,16.271545,0.05892479419708252
near_singular,cold,DLS,300,False,0.8573217391967773,46.798363,0.23291392624378204
near_singular,cold,DLS,300,False,0.859025239944458,12.272308,0.8086145520210266
near_singular,cold,DLS,36,True,0.10312438011169434,4.582529,0.06922119855880737
near_singular,cold,DLS,44,True,0.12213301658630371,4.9555597,0.0
near_singular,cold,DLS,300,False,0.8890254497528076,179.34999,0.6483734250068665
near_singular,cold,DLS,41,True,0.11625814437866211,4.952051,0.0
near_singular,cold,DLS,300,False,0.862694501876831,9.004492,0.0649574026465416
near_singular,cold,DLS,300,False,0.8509786128997803,14.284517,7.454097747802734
near_singular,cold,DLS,49,True,0.13918828964233398,4.752386,0.0701330229640007
near_singular,cold,DLS,154,True,0.4414498805999756,4.96593,0.1285146176815033
near_singular,cold,DLS,79,True,0.2483375072479248,4.9138455,0.0
near_singular,cold,DLS,91,True,0.25516843795776367,4.963197,0.04494895786046982
near_singular,cold,DLS,175,True,0.49617910385131836,4.9933734,0.0
near_singular,cold,DLS,300,False,0.8578534126281738,2.529547,20.05265998840332
near_singular,cold,DLS,143,True,0.4084622859954834,4.951397,0.05768702179193497
near_singular,cold,DLS,26,True,0.07363247871398926,4.552311,0.09787233918905258
near_singular,cold,DLS,39,True,0.14649581909179688,4.5739985,0.13497817516326904
near_singular,cold,DLS,300,False,0.8466548919677734,85.469376,0.675225555896759
near_singular,cold,DLS,300,False,0.8455722332000732,323.63702,27.740333557128906
near_singular,cold,DLS,300,False,0.8657262325286865,58.300713,16.863300323486328
near_singular,cold,DLS,167,True,0.49715566635131836,4.941167,0.0
near_singular,cold,DLS,65,True,0.1856212615966797,4.95983,0.02917405776679516
near_singular,cold,DLS,300,False,0.8498682975769043,36.446587,2.1986021995544434
near_singular,cold,DLS,174,True,0.5034005641937256,4.9915166,0.0
near_singular,cold,DLS,25,True,0.07376456260681152,4.6247663,0.036048524081707
near_singular,cold,DLS,300,False,0.8673222064971924,185.53563,0.805061936378479
near_singular,cold,DLS,117,True,0.33893632888793945,4.9225883,0.24485093355178833
near_singular,cold,DLS,222,True,0.6664526462554932,4.9883556,0.0
near_singular,cold,DLS,13,True,0.03407478332519531,4.6395993,0.08024200797080994
near_singular,cold,DLS,300,False,0.9011402130126953,16.229033,1.9175513982772827
near_singular,cold,DLS,300,False,0.8579909801483154,20.313261,1.5632977485656738
near_singular,cold,DLS,300,False,0.8378808498382568,137.28102,0.9935278296470642
near_singular,cold,DLS,12,True,0.033928632736206055,4.682157,0.03723062202334404
near_singular,cold,DLS,27,True,0.07750749588012695,4.9965167,0.03452900052070618
near_singular,cold,DLS,222,True,0.6479644775390625,4.8466268,0.0
near_singular,cold,DLS,41,True,0.11389350891113281,4.9454784,0.04328867420554161
near_singular,cold,DLS,300,False,0.9120497703552246,113.14719,3.3221797943115234
near_singular,cold,DLS,300,False,0.9453511238098145,182.42726,1.0611755847930908
near_singular,cold,DLS,300,False,0.8653757572174072,47.75084,1.0334229469299316
near_singular,cold,DLS,300,False,0.8485260009765625,20.87854,0.5212465524673462
near_singular,cold,DLS,123,True,0.3469357490539551,4.8992486,0.0343913696706295
near_singular,cold,DLS,100,True,0.2792987823486328,4.984545,0.0
near_singular,cold,DLS,171,True,0.4972994327545166,4.9505057,0.05011255666613579
near_singular,cold,DLS,60,True,0.1705305576324463,4.7771087,0.05742936208844185
near_singular,cold,DLS,300,False,0.8740508556365967,20.224178,3.0919389724731445
near_singular,cold,DLS,183,True,0.5704083442687988,4.988827,0.0
near_singular,cold,DLS,247,True,0.713864803314209,4.98717,0.0
near_singular,cold,DLS,47,True,0.1327197551727295,4.9682603,0.04435909166932106
near_singular,cold,DLS,9,True,0.027541399002075195,3.986473,0.11622710525989532
near_singular,cold,DLS,33,True,0.09926390647888184,4.547571,0.04146638140082359
near_singular,cold,DLS,15,True,0.045355796813964844,4.8543653,0.03927139937877655
near_singular,cold,DLS,13,True,0.037698984146118164,3.7928047,0.04341394826769829
near_singular,cold,DLS,300,False,0.9771037101745605,180.99115,0.6341462135314941
near_singular,cold,DLS,300,False,0.8298828601837158,15.517972,0.06900054216384888
near_singular,cold,DLS,226,True,0.584209680557251,4.984776,0.0
near_singular,cold,DLS,199,True,0.6340930461883545,4.95885,0.051119688898324966
near_singular,cold,DLS,54,True,0.19512438774108887,4.88324,0.3067564070224762
near_singular,cold,DLS,231,True,0.7102155685424805,4.9585543,0.0
near_singular,cold,DLS,34,True,0.10150337219238281,4.8934097,0.024474970996379852
near_singular,cold,DLS,300,False,0.8957362174987793,28.23143,18.537853240966797
near_singular,cold,DLS,300,False,0.9132487773895264,74.21104,1.2320243120193481
near_singular,cold,DLS,300,False,0.8796324729919434,163.6818,0.26228249073028564
near_singular,cold,DLS,300,False,0.9472000598907471,249.7559,7.850887298583984
near_singular,cold,DLS,20,True,0.05916643142700195,4.80572,0.1427629142999649
near_singular,cold,DLS,18,True,0.05116558074951172,4.4479117,0.052998874336481094
near_singular,cold,DLS,6,True,0.018077850341796875,4.4063373,0.0882609635591507
near_singular,cold,DLS,16,True,0.05521988868713379,4.9605474,0.08765147626399994
near_singular,cold,DLS,75,True,0.25369930267333984,4.984896,0.0
near_singular,cold,DLS,31,True,0.10555744171142578,4.975287,0.09563418477773666
near_singular,cold,DLS,300,False,0.89158034324646,71.84277,14.760866165161133
near_singular,cold,DLS,211,True,0.6962971687316895,4.9718313,0.0
near_singular,cold,DLS,87,True,0.24300050735473633,4.9221754,0.38490769267082214
near_singular,cold,DLS,78,True,0.228041410446167,4.9567413,0.05812762677669525
near_singular,cold,DLS,193,True,0.5870552062988281,4.885416,0.07561245560646057
near_singular,cold,DLS,300,False,0.8915209770202637,11.835591,0.10829770565032959
near_singular,cold,DLS,38,True,0.11231231689453125,4.5751677,0.13945850729942322
near_singular,cold,DLS,179,True,0.5259675979614258,4.902143,0.03276422247290611
near_singular,cold,DLS,300,False,0.8697443008422852,111.80557,4.875195503234863
near_singular,cold,DLS,33,True,0.1023414134979248,4.955343,0.019794724881649017
near_singular,cold,DLS,300,False,0.911257266998291,192.61565,4.1408305168151855
near_singular,cold,DLS,300,False,0.9084634780883789,136.5926,0.9557372331619263
near_singular,cold,DLS,8,True,0.030030488967895508,2.5886955,0.04338167980313301
near_singular,cold,DLS,87,True,0.2690300941467285,4.9564214,0.03846626728773117
near_singular,cold,DLS,93,True,0.26811933517456055,4.934765,0.05816973000764847
near_singular,cold,DLS,91,True,0.2608215808868408,4.999642,0.011590893380343914
near_singular,cold,DLS,18,True,0.0527803897857666,4.838283,0.9063959121704102
near_singular,cold,DLS,37,True,0.10781407356262207,4.818905,0.01976906694471836
near_singular,cold,DLS,60,True,0.17521405220031738,4.942767,0.0
near_singular,cold,DLS,23,True,0.07229161262512207,4.7805605,0.025058014318346977
near_singular,cold,DLS,66,True,0.18766212463378906,4.9417367,0.0
near_singular,cold,DLS,258,True,0.7724332809448242,4.9870024,0.06072896346449852
near_singular,cold,DLS,300,False,0.922278642654419,178.37738,0.5581087470054626
near_singular,cold,DLS,300,False,0.9002304077148438,34.472298,0.22967398166656494
near_singular,cold,DLS,300,False,0.928410530090332,18.156193,0.07988876104354858
near_singular,cold,DLS,55,True,0.16030406951904297,4.9022717,0.06758233904838562
near_singular,cold,DLS,127,True,0.36994004249572754,4.9690495,0.05963154509663582
near_singular,cold,DLS,300,False,0.8581259250640869,143.4888,0.834113359451294
near_singular,cold,DLS,122,True,0.41161537170410156,4.9597015,0.0
near_singular,cold,DLS,300,False,0.8711984157562256,28.29018,0.1353815197944641
near_singular,cold,DLS,300,False,0.9040629863739014,32.24055,0.22532090544700623
near_singular,cold,DLS,123,True,0.44077444076538086,4.9550633,0.052794620394706726
near_singular,cold,DLS,3,True,0.011179447174072266,3.251027,0.09720318764448166
near_singular,cold,DLS,300,False,0.9011049270629883,172.8982,0.3915504217147827
near_singular,cold,DLS,44,True,0.13230276107788086,4.9051642,0.052005965262651443
near_singular,cold,DLS,300,False,0.8516364097595215,126.75959,0.3819323778152466
near_singular,cold,DLS,42,True,0.12149977684020996,4.4738154,0.0
near_singular,cold,DLS,86,True,0.24812793731689453,4.916245,0.025593744590878487
near_singular,cold,DLS,176,True,0.4959394931793213,4.9844675,0.0
near_singular,cold,DLS,300,False,0.8626742362976074,20.073158,8.5501127243042
near_singular,cold,DLS,300,False,0.9520459175109863,9.44397,0.33436334133148193
near_singular,cold,DLS,300,False,0.8564493656158447,58.098015,0.4641684293746948
near_singular,cold,DLS,20,True,0.07425618171691895,4.76302,0.0
near_singular,cold,DLS,300,False,0.8856666088104248,37.450073,7.3122687339782715
near_singular,cold,DLS,33,True,0.09514975547790527,4.9368253,0.0
near_singular,cold,DLS,300,False,0.8895511627197266,45.255096,4.833967685699463
near_singular,cold,DLS,15,True,0.043077945709228516,3.3964875,0.05805107578635216
near_singular,cold,DLS,300,False,0.8844947814941406,176.26097,1.0477510690689087
near_singular,cold,DLS,71,True,0.24934601783752441,4.9567056,0.08064978569746017
near_singular,cold,DLS,18,True,0.07662653923034668,3.433431,0.0
near_singular,cold,DLS,5,True,0.01996445655822754,2.7502246,0.07162044942378998
near_singular,cold,DLS,300,False,0.9213030338287354,40.652435,2.2953755855560303
near_singular,cold,DLS,300,False,0.888059139251709,41.21403,0.8476852774620056
near_singular,cold,DLS,19,True,0.062352895736694336,4.5048113,0.09814408421516418
near_singular,cold,DLS,300,False,0.9362130165100098,165.62056,23.39881134033203
near_singular,cold,DLS,300,False,0.8625979423522949,6.6412587,0.0
near_singular,cold,DLS,300,False,0.922600507736206,8.049347,0.16095834970474243
near_singular,cold,DLS,18,True,0.05247378349304199,4.761923,0.04710392653942108
near_singular,cold,DLS,33,True,0.09184813499450684,4.9824815,0.0
near_singular,cold,DLS,32,True,0.09301400184631348,4.5798526,0.08920924365520477
near_singular,cold,DLS,27,True,0.07579398155212402,4.5675917,0.0
near_singular,cold,DLS,63,True,0.19723939895629883,4.960266,0.0
near_singular,cold,DLS,206,True,0.6312036514282227,4.995112,0.0
near_singular,cold,DLS,14,True,0.03944849967956543,4.4864645,0.0
near_singular,cold,DLS,26,True,0.07921504974365234,4.9209905,0.04767866060137749
near_singular,cold,DLS,300,False,0.8610906600952148,148.59837,1.0239402055740356
near_singular,cold,DLS,31,True,0.08862686157226562,4.70523,0.0
near_singular,cold,DLS,22,True,0.06425142288208008,4.3604975,0.0828033834695816
near_singular,cold,DLS,300,False,0.8730247020721436,26.465363,1.8548991680145264
near_singular,cold,DLS,22,True,0.06371307373046875,4.830133,0.07688327878713608
near_singular,cold,DLS,300,False,0.9133167266845703,596.3216,2.297837018966675
near_singular,cold,DLS,300,False,0.9471957683563232,113.121925,6.603491306304932
near_singular,cold,DLS,20,True,0.05724143981933594,4.8605914,0.04894928261637688
near_singular,cold,DLS,54,True,0.16363787651062012,4.8231835,0.07168563455343246
near_singular,cold,DLS,79,True,0.22572827339172363,4.943289,0.04332176595926285
near_singular,cold,DLS,10,True,0.029561519622802734,4.7802997,0.04416225105524063
near_singular,cold,DLS,300,False,1.018787145614624,12.092074,0.05687699094414711
near_singular,cold,DLS,119,True,0.3645493984222412,4.817172,0.30596256256103516
near_singular,cold,DLS,21,True,0.061266422271728516,4.3283014,0.0
near_singular,cold,DLS,290,True,0.8991632461547852,4.987478,0.019323032349348068
near_singular,cold,DLS,28,True,0.10718727111816406,4.0148954,0.022986283525824547
near_singular,cold,DLS,86,True,0.2573719024658203,4.917363,0.04448376223444939
near_singular,cold,DLS,300,False,1.008514165878296,110.64895,1.8358157873153687
near_singular,cold,DLS,300,False,1.0365169048309326,97.225136,1.7142330408096313
near_singular,cold,DLS,152,True,0.4691429138183594,4.9841003,0.13879485428333282
near_singular,cold,DLS,37,True,0.12535452842712402,4.6526356,0.08266013860702515
near_singular,cold,DLS,11,True,0.04056215286254883,3.6830728,0.03110305219888687
near_singular,cold,DLS,159,True,0.4627108573913574,4.913358,0.0
near_singular,cold,DLS,300,False,0.954904317855835,10.770123,0.04227570444345474
near_singular,cold,DLS,64,True,0.20157122611999512,4.8593354,0.06709378957748413
near_singular,cold,DLS,19,True,0.05775880813598633,4.2416673,0.03993851691484451
near_singular,cold,DLS,184,True,0.5304393768310547,4.967107,0.0
near_singular,cold,DLS,271,True,0.7915849685668945,4.985597,0.024423055350780487
near_singular,cold,DLS,300,False,0.859872579574585,178.43861,1.869116187095642
near_singular,cold,DLS,65,True,0.18864798545837402,4.9452877,0.040356528013944626
near_singular,cold,DLS,63,True,0.1782054901123047,4.852434,0.07738882303237915
near_singular,cold,DLS,47,True,0.13271307945251465,4.912784,0.0
near_singular,cold,DLS,68,True,0.19640517234802246,4.969894,0.0
near_singular,cold,DLS,29,True,0.10047340393066406,4.2354712,0.057243090122938156
near_singular,cold,DLS,300,False,0.9051260948181152,19.111654,0.11171380430459976
near_singular,cold,DLS,33,True,0.13763093948364258,4.4258485,0.07120746374130249
near_singular,cold,DLS,63,True,0.21015334129333496,4.909744,0.0
near_singular,cold,DLS,54,True,0.17138433456420898,4.78857,0.056085795164108276
near_singular,cold,DLS,128,True,0.4259061813354492,4.999916,0.0
near_singular,cold,DLS,300,False,0.8588979244232178,7.55342,0.059217195957899094
near_singular,cold,DLS,16,True,0.04545760154724121,4.5834274,0.049874648451805115
near_singular,cold,DLS,13,True,0.037265777587890625,4.6562867,0.0
near_singular,cold,DLS,106,True,0.3068833351135254,3.901878,0.0
near_singular,cold,DLS,300,False,0.8506741523742676,9.665972,0.14570988714694977
near_singular,cold,DLS,300,False,0.8653252124786377,310.09998,157.69287109375
near_singular,cold,DLS,287,True,0.9453220367431641,4.978563,0.043408382683992386
near_singular,cold,DLS,300,False,0.8636279106140137,6.368234,0.0
near_singular,cold,DLS,300,False,0.8666479587554932,137.26047,1.5661165714263916
near_singular,cold,DLS,149,True,0.4171559810638428,4.971761,0.045965343713760376
near_singular,cold,DLS,17,True,0.05036354064941406,4.0470285,0.0
near_singular,cold,DLS,35,True,0.13521766662597656,4.727039,0.0
near_singular,cold,DLS,300,False,0.8925430774688721,5.8647275,0.4743046462535858
near_singular,cold,DLS,300,False,0.9861388206481934,12.066215,0.03341582790017128
near_singular,cold,DLS,19,True,0.05650782585144043,4.045118,0.04274481534957886
near_singular,cold,DLS,300,False,0.917400598526001,7.8952646,0.030736679211258888
near_singular,cold,DLS,300,False,0.8627049922943115,182.64777,0.8035743236541748
near_singular,cold,DLS,300,False,0.8595080375671387,42.775513,0.3643626868724823
near_singular,cold,DLS,275,True,0.7938964366912842,4.979258,0.0650908499956131
near_singular,cold,DLS,94,True,0.26668453216552734,4.8970423,0.0
near_singular,cold,DLS,230,True,0.7433717250823975,4.935598,0.03083581104874611
near_singular,cold,DLS,7,True,0.021654367446899414,4.5537815,0.1402602642774582
near_singular,cold,DLS,300,False,0.8774473667144775,85.40598,3.42763614654541
near_singular,cold,DLS,300,False,0.894036054611206,72.149506,0.9361605048179626
near_singular,cold,DLS,300,False,0.8858315944671631,7.1986303,5.2124409675598145
near_singular,cold,DLS,300,False,0.8628604412078857,22.541704,0.04170851409435272
near_singular,cold,DLS,10,True,0.03580927848815918,4.4560957,0.046405598521232605
near_singular,cold,DLS,300,False,0.8577864170074463,26.205479,1.185497522354126
near_singular,cold,DLS,245,True,0.725304365158081,4.9676023,0.0
near_singular,cold,DLS,29,True,0.08244943618774414,4.993622,0.0
near_singular,cold,DLS,92,True,0.2606995105743408,4.957772,0.04667956382036209
near_singular,cold,DLS,300,False,0.8698358535766602,176.19182,32.88246154785156
near_singular,cold,DLS,300,False,0.8608872890472412,114.71249,0.22992512583732605
near_singular,cold,DLS,300,False,0.8863582611083984,13.044535,0.5359968543052673
near_singular,cold,DLS,26,True,0.07653403282165527,4.225877,0.0
near_singular,cold,DLS,11,True,0.03929281234741211,4.5348954,0.07214092463254929
near_singular,cold,DLS,11,True,0.032303810119628906,4.3810453,0.06261121481657028
near_singular,cold,DLS,31,True,0.08964037895202637,4.499895,0.02036578208208084
near_singular,cold,DLS,10,True,0.029300689697265625,4.2624974,0.06812991946935654
near_singular,cold,DLS,157,True,0.45336246490478516,4.9714994,0.027097374200820923
near_singular,cold,DLS,59,True,0.1674201488494873,4.8200917,0.0681610256433487
near_singular,cold,DLS,19,True,0.05940532684326172,4.0289283,0.0
near_singular,cold,DLS,5,True,0.016057968139648438,3.6089842,0.07519898563623428
near_singular,cold,DLS,300,False,0.8627233505249023,20.841812,0.556544303894043
near_singular,cold,DLS,300,False,0.8645853996276855,4.7110286,0.0494389608502388
near_singular,cold,DLS,300,False,0.8825368881225586,50.188015,8.713383674621582
near_singular,cold,DLS,123,True,0.35254430770874023,3.6544552,0.06136505678296089
near_singular,cold,DLS,300,False,0.923473596572876,171.97433,0.9519384503364563
near_singular,cold,DLS,300,False,0.8839049339294434,235.2779,6.712160587310791
near_singular,cold,DLS,126,True,0.421367883682251,4.9620442,0.0
near_singular,cold,DLS,143,True,0.41067934036254883,4.9843,0.0
near_singular,cold,DLS,300,False,0.8710718154907227,8.610045,0.009840480983257294
near_singular,cold,DLS,300,False,0.8665120601654053,36.575157,0.0852828398346901
near_singular,cold,DLS,96,True,0.32255125045776367,4.892995,0.0
near_singular,cold,DLS,300,False,0.8721392154693604,219.67458,0.5314561128616333
near_singular,cold,DLS,169,True,0.4664337635040283,4.9808464,0.0
near_singular,cold,DLS,27,True,0.08278942108154297,4.905545,0.061889033764600754
near_singular,cold,DLS,79,True,0.2254776954650879,4.961158,0.04381738230586052
near_singular,cold,DLS,7,True,0.020474672317504883,4.595136,0.08031179755926132
near_singular,cold,DLS,37,True,0.10608363151550293,4.880223,0.0
near_singular,cold,DLS,99,True,0.29007744789123535,4.9444056,0.04993698373436928
near_singular,cold,DLS,75,True,0.2110283374786377,4.9303913,0.041584648191928864
near_singular,cold,DLS,146,True,0.42766904830932617,4.9805613,0.0976809412240982
near_singular,cold,DLS,63,True,0.18073129653930664,4.9349947,0.031116241589188576
near_singular,cold,DLS,300,False,0.8546786308288574,6.8961678,0.045515432953834534
near_singular,cold,DLS,51,True,0.14715814590454102,4.836135,0.0
near_singular,cold,DLS,14,True,0.04053950309753418,4.8672338,0.009601826779544353
near_singular,cold,DLS,85,True,0.2656865119934082,4.993105,0.0
near_singular,cold,DLS,300,False,0.8668310642242432,66.0322,0.4959160089492798
near_singular,cold,DLS,56,True,0.159926176071167,4.9901295,0.0336536280810833
near_singular,cold,DLS,55,True,0.15890026092529297,4.9736195,0.07002363353967667
near_singular,cold,DLS,131,True,0.3722574710845947,4.9699473,0.0
near_singular,cold,DLS,163,True,0.4682340621948242,4.992491,0.03932731971144676
near_singular,cold,DLS,300,False,0.8612592220306396,16.139696,0.26025697588920593
near_singular,cold,DLS,300,False,0.8485674858093262,7.8557973,0.030390450730919838
near_singular,cold,DLS,300,False,0.893582820892334,17.160194,0.05517243593931198
near_singular,cold,DLS,27,True,0.07521748542785645,4.6725287,0.040258534252643585
near_singular,cold,DLS,234,True,0.6954751014709473,4.998888,0.0
near_singular,cold,DLS,219,True,0.6281135082244873,4.9895034,0.04061071202158928
near_singular,cold,DLS,25,True,0.07114911079406738,4.805407,0.02384939044713974
near_singular,cold,DLS,131,True,0.3699326515197754,4.958167,0.026771629229187965
near_singular,cold,DLS,300,False,0.8564109802246094,12.80064,0.055474016815423965
near_singular,cold,DLS,16,True,0.04665184020996094,4.8462024,0.0652308240532875
near_singular,cold,DLS,300,False,0.8526437282562256,5.097917,0.03516547009348869
near_singular,cold,DLS,300,False,0.8988380432128906,217.74002,0.3622620105743408
near_singular,cold,DLS,300,False,0.8768332004547119,16.6336,0.16526296734809875
near_singular,cold,DLS,16,True,0.045831918716430664,3.9311326,0.29624688625335693
near_singular,cold,DLS,162,True,0.4797685146331787,4.983116,0.0
near_singular,cold,DLS,300,False,0.8767917156219482,8.491876,0.0
near_singular,cold,DLS,300,False,0.8796415328979492,14.994601,0.7410286068916321
near_singular,cold,DLS,14,True,0.05046486854553223,4.3460584,0.0
near_singular,cold,DLS,300,False,0.831566333770752,23.373703,2.3427352905273438
near_singular,cold,DLS,130,True,0.36552906036376953,4.871158,0.2433670461177826
near_singular,cold,DLS,70,True,0.21045374870300293,4.9645667,0.061502836644649506
near_singular,cold,DLS,300,False,0.8702213764190674,40.233356,0.5617055892944336
near_singular,cold,DLS,23,True,0.06949996948242188,4.800728,0.10809376835823059
near_singular,cold,DLS,300,False,0.8519363403320312,180.90337,1.0461605787277222
near_singular,cold,DLS,67,True,0.1925673484802246,4.9961457,0.0
near_singular,cold,DLS,54,True,0.17017102241516113,4.965563,0.055478744208812714
near_singular,cold,DLS,135,True,0.37859392166137695,4.9919496,0.0
near_singular,cold,DLS,279,True,0.901928186416626,4.981011,0.0
near_singular,cold,DLS,61,True,0.19514250755310059,4.9607973,0.0
near_singular,cold,DLS,84,True,0.26505398750305176,4.9141545,0.0
near_singular,cold,DLS,45,True,0.12170124053955078,4.708241,0.0
near_singular,cold,DLS,38,True,0.11488485336303711,4.940387,0.0
near_singular,cold,DLS,300,False,0.8769145011901855,126.40984,0.9051766395568848
near_singular,cold,DLS,300,False,0.8801984786987305,184.51297,0.982818603515625
near_singular,cold,DLS,97,True,0.28538990020751953,4.8651385,0.024982919916510582
near_singular,cold,DLS,300,False,0.9017055034637451,148.89558,1.3374921083450317
near_singular,cold,DLS,187,True,0.5639069080352783,4.9966474,0.0404760017991066
near_singular,cold,DLS,300,False,0.8683657646179199,14.620127,0.920940637588501
near_singular,cold,DLS,11,True,0.0377345085144043,4.428901,0.07208717614412308
near_singular,cold,DLS,300,False,0.9312710762023926,102.16264,7.265950679779053
near_singular,cold,DLS,17,True,0.04782843589782715,3.4352095,0.0
near_singular,cold,DLS,121,True,0.34601449966430664,4.9661655,0.0
near_singular,cold,DLS,116,True,0.36251211166381836,4.8691063,0.03220805898308754
near_singular,cold,DLS,300,False,0.863060712814331,7.4686923,0.14586234092712402
near_singular,cold,DLS,300,False,0.948589563369751,5.1612673,0.05499323084950447
near_singular,cold,CCD,31,True,0.4114370346069336,4.911426,163.11126708984375
near_singular,cold,CCD,8,True,0.09517621994018555,3.2687843,96.64842987060547
near_singular,cold,CCD,10,True,0.11848878860473633,3.0494285,169.5146942138672
near_singular,cold,CCD,3,True,0.035834312438964844,1.7886764,94.34829711914062
near_singular,cold,CCD,13,True,0.17516183853149414,4.2904243,109.07819366455078
near_singular,cold,CCD,8,True,0.11553168296813965,2.21095,151.52149963378906
near_singular,cold,CCD,40,True,0.4795951843261719,4.8478494,145.7393035888672
near_singular,cold,CCD,7,True,0.08150196075439453,0.9245412,168.75759887695312
near_singular,cold,CCD,34,True,0.4090402126312256,4.868455,80.77777862548828
near_singular,cold,CCD,29,True,0.35450196266174316,4.9768696,89.96763610839844
near_singular,cold,CCD,9,True,0.11060857772827148,2.4899209,134.58912658691406
near_singular,cold,CCD,7,True,0.08165431022644043,3.7756538,149.5275421142578
near_singular,cold,CCD,11,True,0.12834429740905762,2.9238584,89.70249938964844
near_singular,cold,CCD,13,True,0.14932942390441895,4.4148364,87.23418426513672
near_singular,cold,CCD,7,True,0.08563685417175293,3.2310967,38.414161682128906
near_singular,cold,CCD,7,True,0.08493828773498535,3.557539,110.29232788085938
near_singular,cold,CCD,8,True,0.10154414176940918,2.502578,161.51348876953125
near_singular,cold,CCD,8,True,0.09436678886413574,1.5741819,165.4963836669922
near_singular,cold,CCD,8,True,0.09468317031860352,2.2111437,88.01616668701172
near_singular,cold,CCD,9,True,0.1102609634399414,4.7201304,165.9297332763672
near_singular,cold,CCD,9,True,0.10529541969299316,0.9893961,127.42848205566406
near_singular,cold,CCD,5,True,0.05968666076660156,0.5476487,172.0345458984375
near_singular,cold,CCD,7,True,0.08271336555480957,0.39887464,130.44113159179688
near_singular,cold,CCD,12,True,0.13959193229675293,4.277374,77.20597076416016
near_singular,cold,CCD,9,True,0.10677003860473633,1.8111618,118.224609375
near_singular,cold,CCD,3,True,0.036246299743652344,1.3345124,130.5881805419922
near_singular,cold,CCD,10,True,0.12227439880371094,3.3890777,141.1112518310547
near_singular,cold,CCD,33,True,0.4547739028930664,4.900673,89.91675567626953
near_singular,cold,CCD,5,True,0.06285238265991211,2.053051,147.54840087890625
near_singular,cold,CCD,26,True,0.31049442291259766,4.8871536,72.85829162597656
near_singular,cold,CCD,10,True,0.12026405334472656,3.332664,76.06100463867188
near_singular,cold,CCD,10,True,0.12856006622314453,1.2604367,160.95001220703125
near_singular,cold,CCD,11,True,0.13161826133728027,3.588724,97.80426788330078
near_singular,cold,CCD,11,True,0.13455986976623535,2.414324,76.82211303710938
near_singular,cold,CCD,10,True,0.1204524040222168,4.127121,157.1377716064453
near_singular,cold,CCD,8,True,0.09400629997253418,1.3388569,175.65028381347656
near_singular,cold,CCD,15,True,0.17882728576660156,4.973254,62.454261779785156
near_singular,cold,CCD,7,True,0.10940670967102051,2.240055,151.04672241210938
near_singular,cold,CCD,5,True,0.06531453132629395,3.638785,150.75267028808594
near_singular,cold,CCD,9,True,0.13432574272155762,3.2506979,94.06685638427734
near_singular,cold,CCD,35,True,0.4181821346282959,4.928986,153.64077758789062
near_singular,cold,CCD,9,True,0.12188959121704102,0.41010782,109.78205871582031
near_singular,cold,CCD,6,True,0.07106447219848633,0.95589125,154.98574829101562
near_singular,cold,CCD,16,True,0.22150707244873047,4.7879386,37.821189880371094
near_singular,cold,CCD,8,True,0.12960457801818848,3.6207087,147.7667999267578
near_singular,cold,CCD,12,True,0.1401054859161377,3.686763,176.90151977539062
near_singular,cold,CCD,9,True,0.10658979415893555,4.779171,111.41334533691406
near_singular,cold,CCD,6,True,0.07590794563293457,4.1464086,92.22187042236328
near_singular,cold,CCD,10,True,0.12986445426940918,1.2627785,96.36266326904297
near_singular,cold,CCD,10,True,0.141845703125,2.9273362,89.069091796875
near_singular,cold,CCD,7,True,0.08948302268981934,2.631088,152.11758422851562
near_singular,cold,CCD,5,True,0.06123948097229004,4.8137445,131.8281707763672
near_singular,cold,CCD,11,True,0.13262653350830078,4.2171364,145.2254638671875
near_singular,cold,CCD,9,True,0.1141672134399414,3.4539864,153.48394775390625
near_singular,cold,CCD,9,True,0.1165456771850586,0.39607623,123.7391128540039
near_singular,cold,CCD,6,True,0.0721595287322998,3.3058856,161.36215209960938
near_singular,cold,CCD,10,True,0.13392901420593262,4.965325,175.3896484375
near_singular,cold,CCD,16,True,0.19742417335510254,3.6862974,158.34751892089844
near_singular,cold,CCD,7,True,0.08616042137145996,3.162873,170.0634002685547
near_singular,cold,CCD,24,True,0.32889223098754883,4.9243846,61.137001037597656
near_singular,cold,CCD,3,True,0.035936832427978516,1.7417445,173.07168579101562
near_singular,cold,CCD,5,True,0.05955314636230469,2.7106755,79.82344055175781
near_singular,cold,CCD,7,True,0.09455204010009766,4.1420197,154.84202575683594
near_singular,cold,CCD,7,True,0.08536648750305176,3.6749861,63.17080307006836
near_singular,cold,CCD,9,True,0.10673403739929199,0.8089538,170.7921600341797
near_singular,cold,CCD,5,True,0.06056690216064453,1.3624983,63.95761489868164
near_singular,cold,CCD,8,True,0.09966659545898438,2.0200057,146.5527801513672
near_singular,cold,CCD,21,True,0.2734386920928955,4.6692843,167.54415893554688
near_singular,cold,CCD,11,True,0.13131237030029297,3.8846636,178.8079071044922
near_singular,cold,CCD,9,True,0.10760188102722168,4.4060583,167.39920043945312
near_singular,cold,CCD,11,True,0.14295315742492676,3.3635635,112.08778381347656
near_singular,cold,CCD,8,True,0.09721517562866211,1.0480517,172.80276489257812
near_singular,cold,CCD,11,True,0.1607494354248047,4.1404,67.90946197509766
near_singular,cold,CCD,17,True,0.3405177593231201,4.0549564,122.26241302490234
near_singular,cold,CCD,8,True,0.11475849151611328,1.8407613,129.82562255859375
near_singular,cold,CCD,8,True,0.13694429397583008,0.42589623,140.00726318359375
near_singular,cold,CCD,13,True,0.1885364055633545,3.4252195,114.83148193359375
near_singular,cold,CCD,8,True,0.1134939193725586,3.366571,125.7183837890625
near_singular,cold,CCD,11,True,0.15387630462646484,2.6520875,136.72789001464844
near_singular,cold,CCD,9,True,0.1086277961730957,2.222245,105.97553253173828
near_singular,cold,CCD,5,True,0.08993411064147949,3.182605,62.58573532104492
near_singular,cold,CCD,19,True,0.2521820068359375,4.6358495,95.62227630615234
near_singular,cold,CCD,9,True,0.13298320770263672,0.9337564,94.0895004272461
near_singular,cold,CCD,6,True,0.07651376724243164,4.9942617,78.20147705078125
near_singular,cold,CCD,14,True,0.17660760879516602,4.2637362,109.67716979980469
near_singular,cold,CCD,8,True,0.09191083908081055,2.7252085,174.8645782470703
near_singular,cold,CCD,6,True,0.07939004898071289,4.137248,168.38702392578125
near_singular,cold,CCD,9,True,0.10731935501098633,0.22151016,178.06350708007812
near_singular,cold,CCD,11,True,0.1484081745147705,3.7689211,47.15523910522461
near_singular,cold,CCD,300,False,3.759456157684326,11.186967,158.8808135986328
near_singular,cold,CCD,6,True,0.07552075386047363,3.5622406,100.53398895263672
near_singular,cold,CCD,9,True,0.10813713073730469,4.917549,111.36306762695312
near_singular,cold,CCD,7,True,0.09532809257507324,1.9243867,163.68679809570312
near_singular,cold,CCD,7,True,0.08309054374694824,3.0451722,96.9832534790039
near_singular,cold,CCD,7,True,0.08631038665771484,4.0906487,115.99518585205078
near_singular,cold,CCD,8,True,0.0996713638305664,4.07966,121.69070434570312
near_singular,cold,CCD,7,True,0.08562207221984863,1.2334648,61.611629486083984
near_singular,cold,CCD,10,True,0.11875391006469727,3.0794141,71.15738677978516
near_singular,cold,CCD,49,True,0.5938341617584229,4.987513,170.04466247558594
near_singular,cold,CCD,9,True,0.11133933067321777,2.455149,164.12002563476562
near_singular,cold,CCD,5,True,0.062038421630859375,3.956546,154.27182006835938
near_singular,cold,CCD,20,True,0.24019241333007812,4.407551,92.28296661376953
near_singular,cold,CCD,8,True,0.09507155418395996,3.0359383,135.71800231933594
near_singular,cold,CCD,7,True,0.0917963981628418,2.4423473,164.11773681640625
near_singular,cold,CCD,10,True,0.12723159790039062,2.227309,130.09898376464844
near_singular,cold,CCD,29,True,0.35450243949890137,4.96445,171.54873657226562
near_singular,cold,CCD,10,True,0.1243906021118164,1.2094265,150.6234130859375
near_singular,cold,CCD,10,True,0.12927651405334473,2.0394857,179.47760009765625
near_singular,cold,CCD,9,True,0.10087943077087402,1.2018415,161.76547241210938
near_singular,cold,CCD,7,True,0.07621574401855469,3.4256666,167.4930877685547
near_singular,cold,CCD,3,True,0.03402590751647949,3.4826424,84.31388854980469
near_singular,cold,CCD,11,True,0.1318199634552002,4.6923904,127.8614730834961
near_singular,cold,CCD,31,True,0.39168500900268555,4.8656487,129.6761016845703
near_singular,cold,CCD,13,True,0.1637744903564453,4.121177,141.73756408691406
near_singular,cold,CCD,5,True,0.06111598014831543,0.83251107,40.65617752075195
near_singular,cold,CCD,5,True,0.062323570251464844,3.199556,53.409461975097656
near_singular,cold,CCD,9,True,0.1444847583770752,0.8176992,125.7674789428711
near_singular,cold,CCD,4,True,0.048384904861450195,0.655636,159.42088317871094
near_singular,cold,CCD,11,True,0.13534212112426758,4.74928,81.5973892211914
near_singular,cold,CCD,20,True,0.2994215488433838,4.5881977,52.06402587890625
near_singular,cold,CCD,8,True,0.11347007751464844,3.600794,160.03045654296875
near_singular,cold,CCD,8,True,0.10589194297790527,0.42591,144.226318359375
near_singular,cold,CCD,7,True,0.08353209495544434,2.458711,120.94866943359375
near_singular,cold,CCD,15,True,0.17737483978271484,4.4097457,160.58633422851562
near_singular,cold,CCD,8,True,0.09749126434326172,1.3275421,117.5005874633789
near_singular,cold,CCD,61,True,0.7485916614532471,4.9218535,178.6865234375
near_singular,cold,CCD,14,True,0.16516613960266113,3.8073037,129.7047882080078
near_singular,cold,CCD,3,True,0.03707003593444824,1.6595637,150.87197875976562
near_singular,cold,CCD,4,True,0.049027204513549805,2.2908819,126.94188690185547
near_singular,cold,CCD,37,True,0.4635601043701172,4.7834597,76.46719360351562
near_singular,cold,CCD,8,True,0.09927225112915039,4.1170235,107.74574279785156
near_singular,cold,CCD,16,True,0.20367646217346191,4.585707,156.81536865234375
near_singular,cold,CCD,7,True,0.08369636535644531,1.3713224,135.81723022460938
near_singular,cold,CCD,12,True,0.1432180404663086,3.6675158,74.440185546875
near_singular,cold,CCD,5,True,0.0620729923248291,2.7262447,171.29949951171875
near_singular,cold,CCD,4,True,0.05087995529174805,0.77636796,157.81373596191406
near_singular,cold,CCD,6,True,0.07029485702514648,4.3949566,37.433109283447266
near_singular,cold,CCD,4,True,0.04847311973571777,2.3620372,152.6702423095703
near_singular,cold,CCD,9,True,0.11242985725402832,1.6460695,58.087039947509766
near_singular,cold,CCD,9,True,0.11086821556091309,1.6903019,123.75936126708984
near_singular,cold,CCD,11,True,0.14510297775268555,4.9399786,97.88288116455078
near_singular,cold,CCD,12,True,0.13530826568603516,3.2835891,99.80122375488281
near_singular,cold,CCD,8,True,0.09443831443786621,3.321316,128.24432373046875
near_singular,cold,CCD,13,True,0.15230250358581543,4.5942855,125.08272552490234
near_singular,cold,CCD,9,True,0.10660576820373535,0.34523705,155.53994750976562
near_singular,cold,CCD,7,True,0.08433222770690918,4.2141175,127.83060455322266
near_singular,cold,CCD,12,True,0.14405536651611328,3.6726995,138.04762268066406
near_singular,cold,CCD,8,True,0.10256624221801758,4.09173,126.7982177734375
near_singular,cold,CCD,17,True,0.2447834014892578,3.9391649,92.41895294189453
near_singular,cold,CCD,15,True,0.1760711669921875,3.9587665,143.12173461914062
near_singular,cold,CCD,16,True,0.18530821800231934,4.994936,169.5108642578125
near_singular,cold,CCD,2,True,0.024776458740234375,1.024383,169.21084594726562
near_singular,cold,CCD,10,True,0.11903095245361328,4.2515244,170.64488220214844
near_singular,cold,CCD,9,True,0.11942052841186523,2.0322187,148.54452514648438
near_singular,cold,CCD,8,True,0.10044717788696289,2.3121824,175.9406280517578
near_singular,cold,CCD,3,True,0.042793989181518555,0.23749547,170.0768585205078
near_singular,cold,CCD,10,True,0.11393618583679199,0.73682016,131.14041137695312
near_singular,cold,CCD,9,True,0.11344075202941895,1.1169875,176.7065887451172
near_singular,cold,CCD,4,True,0.056142568588256836,0.8047273,117.24822235107422
near_singular,cold,CCD,8,True,0.09440016746520996,0.20117354,117.95137786865234
near_singular,cold,CCD,8,True,0.09617137908935547,3.672227,102.91735076904297
near_singular,cold,CCD,7,True,0.08236050605773926,3.027189,35.8891487121582
near_singular,cold,CCD,9,True,0.10504436492919922,1.219866,177.96006774902344
near_singular,cold,CCD,9,True,0.10689616203308105,3.0005426,137.6446075439453
near_singular,cold,CCD,14,True,0.1682600975036621,4.501206,63.33528137207031
near_singular,cold,CCD,10,True,0.1251828670501709,1.8807834,165.35321044921875
near_singular,cold,CCD,12,True,0.15848398208618164,3.6309223,172.94847106933594
near_singular,cold,CCD,14,True,0.16652917861938477,4.3180885,26.034238815307617
near_singular,cold,CCD,9,True,0.1066594123840332,0.89131916,148.44569396972656
near_singular,cold,CCD,9,True,0.10622525215148926,0.9448164,140.42922973632812
near_singular,cold,CCD,10,True,0.1193382740020752,3.3301382,166.6583251953125
near_singular,cold,CCD,61,True,0.741736888885498,4.985441,67.34413146972656
near_singular,cold,CCD,9,True,0.10522603988647461,1.6949109,170.4004364013672
near_singular,cold,CCD,9,True,0.10622739791870117,1.6233113,137.36883544921875
near_singular,cold,CCD,300,False,3.6526389122009277,26.92245,113.37967681884766
near_singular,cold,CCD,9,True,0.10360193252563477,3.1842887,90.56012725830078
near_singular,cold,CCD,9,True,0.11979293823242188,3.0098572,142.23228454589844
near_singular,cold,CCD,11,True,0.1290132999420166,2.9218044,126.62616729736328
near_singular,cold,CCD,7,True,0.08193302154541016,2.1290088,163.86752319335938
near_singular,cold,CCD,6,True,0.07164168357849121,4.787977,148.9049530029297
near_singular,cold,CCD,9,True,0.10510373115539551,0.63255495,115.96283721923828
near_singular,cold,CCD,9,True,0.11588191986083984,0.8340895,158.18218994140625
near_singular,cold,CCD,4,True,0.04811811447143555,0.9742374,17.38062858581543
near_singular,cold,CCD,7,True,0.08791279792785645,2.0674758,136.5179901123047
near_singular,cold,CCD,7,True,0.10114669799804688,1.7104279,113.78230285644531
near_singular,cold,CCD,9,True,0.1092681884765625,2.805963,148.84390258789062
near_singular,cold,CCD,10,True,0.11823225021362305,2.5407648,107.06854248046875
near_singular,cold,CCD,14,True,0.16264009475708008,4.3667116,138.83042907714844
near_singular,cold,CCD,8,True,0.09276080131530762,4.8084726,131.1053009033203
near_singular,cold,CCD,13,True,0.16747522354125977,4.378096,140.71726989746094
near_singular,cold,CCD,13,True,0.1530461311340332,4.9663043,128.08853149414062
near_singular,cold,CCD,9,True,0.10310173034667969,3.025288,137.99266052246094
near_singular,cold,CCD,5,True,0.08607745170593262,3.5564957,174.55580139160156
near_singular,cold,CCD,6,True,0.07898759841918945,0.83804613,109.18567657470703
near_singular,cold,CCD,10,True,0.1326737403869629,0.89376825,105.77384948730469
near_singular,cold,CCD,12,True,0.14663457870483398,2.9863896,156.3162384033203
near_singular,cold,CCD,7,True,0.08427619934082031,3.0494745,138.36227416992188
near_singular,cold,CCD,7,True,0.08350467681884766,2.2517543,120.55615234375
near_singular,cold,CCD,16,True,0.18544769287109375,4.896763,67.00910186767578
near_singular,cold,CCD,8,True,0.10181736946105957,4.294075,102.27143859863281
near_singular,cold,CCD,8,True,0.1115109920501709,0.7610696,152.6994171142578
near_singular,cold,CCD,9,True,0.11108255386352539,3.7488716,177.87120056152344
near_singular,cold,CCD,9,True,0.10615277290344238,1.9156826,137.9563446044922
near_singular,cold,CCD,9,True,0.10424113273620605,1.8311204,112.39351654052734
near_singular,cold,CCD,9,True,0.10874819755554199,3.007683,88.36029052734375
near_singular,cold,CCD,9,True,0.1170206069946289,3.9605234,55.18549346923828
near_singular,cold,CCD,7,True,0.0859825611114502,3.7832932,138.97496032714844
near_singular,cold,CCD,12,True,0.1339273452758789,0.017079001,123.48770904541016
near_singular,cold,CCD,7,True,0.08557295799255371,2.2838278,169.40513610839844
near_singular,cold,CCD,12,True,0.15317726135253906,1.1236545,171.39537048339844
near_singular,cold,CCD,9,True,0.13550710678100586,0.27620846,71.50297546386719
near_singular,cold,CCD,10,True,0.11832737922668457,3.7691693,91.7222900390625
near_singular,cold,CCD,9,True,0.10694193840026855,0.33974075,152.53790283203125
near_singular,cold,CCD,20,True,0.25660204887390137,4.119914,126.35079193115234
near_singular,cold,CCD,8,True,0.09270191192626953,4.6798573,60.28604507446289
near_singular,cold,CCD,8,True,0.09804987907409668,3.1506827,172.1033477783203
near_singular,cold,CCD,10,True,0.12398672103881836,4.7570224,112.98902130126953
near_singular,cold,CCD,7,True,0.08994650840759277,3.4437785,113.78681182861328
near_singular,cold,CCD,7,True,0.0965731143951416,2.5179846,138.28773498535156
near_singular,cold,CCD,10,True,0.1313927173614502,2.2347276,65.2237319946289
near_singular,cold,CCD,7,True,0.08203434944152832,1.394036,130.65980529785156
near_singular,cold,CCD,9,True,0.09988284111022949,4.004032,141.718017578125
near_singular,cold,CCD,9,True,0.10054421424865723,3.9620838,69.14707946777344
near_singular,cold,CCD,9,True,0.10926985740661621,1.9669193,91.9462890625
near_singular,cold,CCD,3,True,0.03628182411193848,4.248014,145.5091094970703
near_singular,cold,CCD,8,True,0.09502482414245605,3.173541,75.35247039794922
near_singular,cold,CCD,6,True,0.07535648345947266,1.2293248,110.93511962890625
near_singular,cold,CCD,12,True,0.14923572540283203,4.1334243,131.9524688720703
near_singular,cold,CCD,10,True,0.12210226058959961,4.860005,150.7859649658203
near_singular,cold,CCD,10,True,0.11789584159851074,2.6109488,142.2526092529297
near_singular,cold,CCD,8,True,0.09557223320007324,3.5797253,162.92466735839844
near_singular,cold,CCD,10,True,0.11801266670227051,3.0331542,57.300323486328125
near_singular,cold,CCD,9,True,0.10553431510925293,0.4916232,82.25482940673828
near_singular,cold,CCD,9,True,0.10852289199829102,0.64531446,97.50262451171875
near_singular,cold,CCD,9,True,0.10438394546508789,0.47437268,125.29659271240234
near_singular,cold,CCD,9,True,0.1093285083770752,3.2437205,97.41447448730469
near_singular,cold,CCD,11,True,0.14057064056396484,3.9171739,104.80825805664062
near_singular,cold,CCD,15,True,0.1789989471435547,4.702795,77.63159942626953
near_singular,cold,CCD,9,True,0.10731148719787598,4.0069036,116.30233764648438
near_singular,cold,CCD,9,True,0.10605597496032715,3.0683496,170.92620849609375
near_singular,cold,CCD,6,True,0.0711977481842041,4.6923113,133.546630859375
near_singular,cold,CCD,9,True,0.10597443580627441,0.7581136,127.45561218261719
near_singular,cold,CCD,9,True,0.10599875450134277,0.89335024,179.79733276367188
near_singular,cold,CCD,10,True,0.1180262565612793,0.107423484,87.2869644165039
near_singular,cold,CCD,9,True,0.11496233940124512,0.7619066,172.9528045654297
near_singular,cold,CCD,13,True,0.1581566333770752,4.784899,133.0213623046875
near_singular,cold,CCD,16,True,0.18992924690246582,4.8407145,138.487548828125
near_singular,cold,CCD,18,True,0.2140216827392578,4.6088686,66.19816589355469
near_singular,cold,CCD,6,True,0.07837271690368652,4.062159,111.59485626220703
near_singular,cold,CCD,9,True,0.10659146308898926,3.8211088,144.32591247558594
near_singular,cold,CCD,8,True,0.09870338439941406,4.5565987,111.15496063232422
near_singular,cold,CCD,9,True,0.10584640502929688,1.2062877,92.47661590576172
near_singular,cold,CCD,9,True,0.11511445045471191,1.3109696,149.04025268554688
near_singular,cold,CCD,9,True,0.12314581871032715,3.293542,66.6182632446289
near_singular,cold,CCD,8,True,0.10768747329711914,2.9390435,171.6719207763672
near_singular,cold,CCD,8,True,0.09450721740722656,2.8070385,105.90403747558594
near_singular,cold,CCD,7,True,0.0825040340423584,3.8244517,127.41287994384766
near_singular,cold,CCD,9,True,0.10730266571044922,0.24920745,121.83787536621094
near_singular,cold,CCD,5,True,0.06112790107727051,1.903044,102.50306701660156
near_singular,cold,CCD,12,True,0.14358115196228027,3.9062593,86.84176635742188
near_singular,cold,CCD,10,True,0.12271571159362793,2.0259588,167.0657958984375
near_singular,cold,CCD,7,True,0.08584403991699219,3.3735085,166.3963623046875
near_singular,cold,CCD,7,True,0.09523797035217285,2.2665663,58.96950912475586
near_singular,cold,CCD,16,True,0.19474029541015625,4.742693,120.3934555053711
near_singular,cold,CCD,14,True,0.16253352165222168,4.4201064,92.57516479492188
near_singular,cold,CCD,17,True,0.19825267791748047,4.5467606,139.5186767578125
near_singular,cold,CCD,11,True,0.13103151321411133,4.8856583,53.020057678222656
near_singular,cold,CCD,11,True,0.13095617294311523,4.49007,118.79815673828125
near_singular,cold,CCD,8,True,0.09967184066772461,0.39339697,101.2759017944336
near_singular,cold,CCD,9,True,0.12201189994812012,2.4023418,173.87831115722656
near_singular,cold,CCD,26,True,0.31526684761047363,4.9293165,83.7892074584961
near_singular,cold,CCD,7,True,0.0818471908569336,1.6296554,86.45465850830078
near_singular,cold,CCD,4,True,0.04832625389099121,0.6140748,146.92454528808594
near_singular,cold,CCD,10,True,0.12093639373779297,1.1321026,119.0629653930664
near_singular,cold,CCD,28,True,0.3411366939544678,4.9101434,147.18899536132812
near_singular,cold,CCD,29,True,0.3570854663848877,4.9643173,108.33922576904297
near_singular,cold,CCD,19,True,0.22324776649475098,4.315124,59.150787353515625
near_singular,cold,CCD,12,True,0.14188575744628906,1.7294422,114.89451599121094
near_singular,cold,CCD,69,True,0.8394689559936523,4.92777,119.05360412597656
near_singular,cold,CCD,7,True,0.07822966575622559,1.7589567,151.29974365234375
near_singular,cold,CCD,11,True,0.1305551528930664,2.8161864,151.5068817138672
near_singular,cold,CCD,7,True,0.0844886302947998,2.0894349,145.52748107910156
near_singular,cold,CCD,9,True,0.11107110977172852,0.40446022,115.30768585205078
near_singular,cold,CCD,43,True,0.5174124240875244,4.9613533,147.53761291503906
near_singular,cold,CCD,8,True,0.10036683082580566,1.7751243,166.0342254638672
near_singular,cold,CCD,10,True,0.11636137962341309,2.1772766,30.074291229248047
near_singular,cold,CCD,7,True,0.08345961570739746,1.9094446,47.36903762817383
near_singular,cold,CCD,50,True,0.6046643257141113,4.7321634,71.48546600341797
near_singular,cold,CCD,7,True,0.08177375793457031,4.7358937,84.18112182617188
near_singular,cold,CCD,9,True,0.10454440116882324,3.2456403,126.03030395507812
near_singular,cold,CCD,44,True,0.5268459320068359,4.793022,64.69047546386719
near_singular,cold,CCD,45,True,0.5942871570587158,4.9879346,60.80135726928711
near_singular,cold,CCD,15,True,0.18001890182495117,1.0182334,140.62722778320312
near_singular,cold,CCD,7,True,0.08433890342712402,2.375346,33.0936393737793
near_singular,cold,CCD,8,True,0.10233163833618164,2.481474,156.17593383789062
near_singular,cold,CCD,4,True,0.06155085563659668,1.0486188,117.74775695800781
near_singular,cold,CCD,10,True,0.12160682678222656,1.3106735,137.60922241210938
near_singular,cold,CCD,10,True,0.12012767791748047,0.37780884,146.47900390625
near_singular,cold,CCD,9,True,0.10771965980529785,4.1842465,50.96139907836914
near_singular,cold,CCD,6,True,0.08017873764038086,4.5414777,114.11592102050781
near_singular,pinn,DLS,300,False,0.8684210777282715,164.09961,0.4154813885688782
near_singular,pinn,DLS,6,True,0.021368741989135742,4.28018,0.08999945223331451
near_singular,pinn,DLS,188,True,0.5121724605560303,4.898504,0.1476239562034607
near_singular,pinn,DLS,300,False,0.8579809665679932,37.028797,0.6932196021080017
near_singular,pinn,DLS,300,False,0.8629331588745117,20.242813,0.14145873486995697
near_singular,pinn,DLS,300,False,0.848799467086792,60.062042,4.876814365386963
near_singular,pinn,DLS,300,False,0.8557436466217041,51.659122,1.1055985689163208
near_singular,pinn,DLS,190,True,0.5561962127685547,4.948275,0.0
near_singular,pinn,DLS,300,False,0.8655681610107422,16.269304,0.058938413858413696
near_singular,pinn,DLS,300,False,0.8594255447387695,5.141544,0.0
near_singular,pinn,DLS,19,True,0.05409741401672363,4.9603157,0.3933018743991852
near_singular,pinn,DLS,3,True,0.009273290634155273,4.913577,0.09262138605117798
near_singular,pinn,DLS,135,True,0.39839768409729004,4.980535,0.0
near_singular,pinn,DLS,300,False,0.8456118106842041,179.3499,0.6483781337738037
near_singular,pinn,DLS,25,True,0.07314896583557129,4.9429703,0.047569070011377335
near_singular,pinn,DLS,300,False,0.8459916114807129,8.897341,0.06373920291662216
near_singular,pinn,DLS,48,True,0.1292285919189453,4.9568458,0.015476737171411514
near_singular,pinn,DLS,15,True,0.04316973686218262,4.904086,0.0
near_singular,pinn,DLS,170,True,0.501481294631958,4.96593,0.1285146176815033
near_singular,pinn,DLS,76,True,0.2124643325805664,4.9343514,0.09788056463003159
near_singular,pinn,DLS,68,True,0.20281696319580078,4.9988627,0.03791097551584244
near_singular,pinn,DLS,202,True,0.5727415084838867,4.9933734,0.0
near_singular,pinn,DLS,300,False,0.8506779670715332,2.5295522,20.052644729614258
near_singular,pinn,DLS,163,True,0.48184752464294434,4.951397,0.05768702179193497
near_singular,pinn,DLS,10,True,0.028475522994995117,4.632556,0.09919381141662598
near_singular,pinn,DLS,10,True,0.032457590103149414,4.7928057,0.10402395576238632
near_singular,pinn,DLS,300,False,0.8501546382904053,85.46935,0.6752309203147888
near_singular,pinn,DLS,300,False,0.8519394397735596,323.63702,27.740325927734375
near_singular,pinn,DLS,34,True,0.09833693504333496,4.368146,0.0856376364827156
near_singular,pinn,DLS,241,True,0.6857261657714844,4.941167,0.0
near_singular,pinn,DLS,45,True,0.12617850303649902,4.913852,0.0
near_singular,pinn,DLS,300,False,0.8369290828704834,36.50898,2.1666364669799805
near_singular,pinn,DLS,300,False,0.8571412563323975,24.865574,0.22423896193504333
near_singular,pinn,DLS,78,True,0.22579646110534668,4.6247663,0.036048524081707
near_singular,pinn,DLS,41,True,0.11580491065979004,4.9864674,0.031129615381360054
near_singular,pinn,DLS,51,True,0.14324522018432617,4.9783015,0.2522748112678528
near_singular,pinn,DLS,50,True,0.14841175079345703,4.8075666,0.0
near_singular,pinn,DLS,35,True,0.10524964332580566,4.6395993,0.08024200797080994
near_singular,pinn,DLS,11,True,0.03380775451660156,4.9046245,0.048500292003154755
near_singular,pinn,DLS,29,True,0.08678436279296875,4.975564,0.0
near_singular,pinn,DLS,300,False,0.8909339904785156,137.28108,0.9935196042060852
near_singular,pinn,DLS,28,True,0.07975578308105469,4.682157,0.03723062202334404
near_singular,pinn,DLS,52,True,0.1553666591644287,4.9965167,0.03452900052070618
near_singular,pinn,DLS,207,True,0.6163444519042969,4.9961014,0.030697884038090706
near_singular,pinn,DLS,62,True,0.1776735782623291,4.9454784,0.04328867420554161
near_singular,pinn,DLS,300,False,0.8988618850708008,113.14728,3.322172164916992
near_singular,pinn,DLS,2,True,0.007797718048095703,3.438077,0.08648664504289627
near_singular,pinn,DLS,300,False,0.8654634952545166,47.750893,1.0334099531173706
near_singular,pinn,DLS,300,False,0.9025123119354248,20.87855,0.5212327241897583
near_singular,pinn,DLS,300,False,0.8893663883209229,8.107507,0.0688469260931015
near_singular,pinn,DLS,70,True,0.19633865356445312,4.99891,0.0
near_singular,pinn,DLS,88,True,0.25529003143310547,4.973374,0.0
near_singular,pinn,DLS,1,True,0.005101919174194336,2.7781918,0.138661190867424
near_singular,pinn,DLS,300,False,0.8429136276245117,19.766132,3.2374107837677
near_singular,pinn,DLS,60,True,0.17962956428527832,4.9972515,0.0
near_singular,pinn,DLS,229,True,0.6428043842315674,4.9613595,0.03884866461157799
near_singular,pinn,DLS,181,True,0.5362789630889893,4.9682603,0.04435909166932106
near_singular,pinn,DLS,25,True,0.07121801376342773,3.986473,0.11622710525989532
near_singular,pinn,DLS,12,True,0.03331613540649414,4.4557457,0.06354949623346329
near_singular,pinn,DLS,11,True,0.03074812889099121,4.6564837,0.04681621864438057
near_singular,pinn,DLS,52,True,0.14892935752868652,4.962403,0.03450164943933487
near_singular,pinn,DLS,2,True,0.006695747375488281,2.3723822,0.06850583106279373
near_singular,pinn,DLS,77,True,0.2185056209564209,4.932181,0.0
near_singular,pinn,DLS,76,True,0.22013354301452637,4.978146,0.048758525401353836
near_singular,pinn,DLS,246,True,0.696284294128418,4.95885,0.051119688898324966
near_singular,pinn,DLS,70,True,0.20088481903076172,4.88324,0.3067564070224762
near_singular,pinn,DLS,121,True,0.35071349143981934,4.931959,0.07323377579450607
near_singular,pinn,DLS,43,True,0.12297391891479492,4.904988,0.0
near_singular,pinn,DLS,300,False,0.8623483180999756,28.269272,18.535415649414062
near_singular,pinn,DLS,300,False,0.8761968612670898,74.21067,1.2325377464294434
near_singular,pinn,DLS,300,False,0.8500385284423828,163.68185,0.26227545738220215
near_singular,pinn,DLS,4,True,0.014585494995117188,3.8291278,0.051797784864902496
near_singular,pinn,DLS,17,True,0.049962520599365234,4.7446303,0.03368455916643143
near_singular,pinn,DLS,5,True,0.018359899520874023,4.15851,0.22034922242164612
near_singular,pinn,DLS,1,True,0.003972053527832031,4.033896,0.13798314332962036
near_singular,pinn,DLS,135,True,0.3880128860473633,4.9605474,0.08765147626399994
near_singular,pinn,DLS,39,True,0.11092877388000488,4.9703074,0.0399077869951725
near_singular,pinn,DLS,40,True,0.11217331886291504,4.936802,0.09482274204492569
near_singular,pinn,DLS,300,False,0.8595402240753174,65.56956,15.247980117797852
near_singular,pinn,DLS,149,True,0.424088716506958,4.970177,0.0
near_singular,pinn,DLS,4,True,0.01453089714050293,4.6662226,0.2884434163570404
near_singular,pinn,DLS,51,True,0.17069602012634277,4.9464197,0.05801966413855553
near_singular,pinn,DLS,290,True,0.9444875717163086,4.885416,0.07561245560646057
near_singular,pinn,DLS,300,False,0.8710074424743652,11.832686,0.10831422358751297
near_singular,pinn,DLS,5,True,0.026794910430908203,4.585522,0.14160242676734924
near_singular,pinn,DLS,106,True,0.30803370475769043,4.902837,0.0
near_singular,pinn,DLS,300,False,0.865666389465332,111.80554,4.875205993652344
near_singular,pinn,DLS,110,True,0.31215429306030273,4.955343,0.019794724881649017
near_singular,pinn,DLS,5,True,0.015510320663452148,3.7374268,0.0
near_singular,pinn,DLS,300,False,0.8566093444824219,10.241548,3.803044319152832
near_singular,pinn,DLS,89,True,0.2503073215484619,2.5886955,0.04338167980313301
near_singular,pinn,DLS,136,True,0.3841590881347656,4.9564214,0.03846626728773117
near_singular,pinn,DLS,152,True,0.4435253143310547,4.934765,0.05816973000764847
near_singular,pinn,DLS,117,True,0.3365170955657959,4.999642,0.011590893380343914
near_singular,pinn,DLS,21,True,0.059583425521850586,4.9365587,0.04288936406373978
near_singular,pinn,DLS,3,True,0.009805440902709961,3.3921816,0.0
near_singular,pinn,DLS,56,True,0.16428351402282715,4.929766,0.007987295277416706
near_singular,pinn,DLS,6,True,0.025478601455688477,4.7945566,0.11036888509988785
near_singular,pinn,DLS,2,True,0.010119199752807617,3.0308602,0.12749157845973969
near_singular,pinn,DLS,300,False,0.8505649566650391,5.2514153,0.50350421667099
near_singular,pinn,DLS,300,False,0.8559632301330566,178.37732,0.5581192374229431
near_singular,pinn,DLS,44,True,0.12662601470947266,4.9211493,0.0
near_singular,pinn,DLS,300,False,0.8651301860809326,20.320808,0.08100748807191849
near_singular,pinn,DLS,111,True,0.32312917709350586,4.9659524,0.057303015142679214
near_singular,pinn,DLS,8,True,0.025228261947631836,4.797633,0.024534670636057854
near_singular,pinn,DLS,300,False,0.8430967330932617,143.48878,0.834119975566864
near_singular,pinn,DLS,49,True,0.1543729305267334,4.9460907,0.019032100215554237
near_singular,pinn,DLS,300,False,0.8699226379394531,25.816431,0.09399988502264023
near_singular,pinn,DLS,300,False,0.8669953346252441,32.234875,0.22268453240394592
near_singular,pinn,DLS,159,True,0.46482419967651367,4.9550633,0.052794620394706726
near_singular,pinn,DLS,2,True,0.0067539215087890625,4.2474093,0.15116678178310394
near_singular,pinn,DLS,300,False,0.8510656356811523,172.89813,0.3915487825870514
near_singular,pinn,DLS,62,True,0.17478275299072266,4.9051642,0.052005965262651443
near_singular,pinn,DLS,300,False,0.8381540775299072,126.75278,0.3828732967376709
near_singular,pinn,DLS,86,True,0.2444016933441162,4.9949474,0.08605808019638062
near_singular,pinn,DLS,65,True,0.18483924865722656,4.953667,0.025820862501859665
near_singular,pinn,DLS,143,True,0.4074108600616455,4.9952607,0.036080386489629745
near_singular,pinn,DLS,17,True,0.050141334533691406,4.77736,0.19178253412246704
near_singular,pinn,DLS,300,False,0.913468599319458,9.341912,0.32728543877601624
near_singular,pinn,DLS,300,False,0.8569245338439941,58.09773,0.4642551839351654
near_singular,pinn,DLS,17,True,0.04825568199157715,4.884092,0.0
near_singular,pinn,DLS,300,False,0.853874921798706,37.45008,7.312215805053711
near_singular,pinn,DLS,2,True,0.006641387939453125,4.067353,0.009835178032517433
near_singular,pinn,DLS,300,False,0.8455486297607422,45.25516,4.8339643478393555
near_singular,pinn,DLS,37,True,0.10911273956298828,3.3964875,0.05805107578635216
near_singular,pinn,DLS,47,True,0.13223695755004883,4.953625,0.050765492022037506
near_singular,pinn,DLS,25,True,0.07563900947570801,4.987391,0.08115915209054947
near_singular,pinn,DLS,3,True,0.009537458419799805,3.3893642,0.07823793590068817
near_singular,pinn,DLS,58,True,0.1682441234588623,2.7502246,0.07162044942378998
near_singular,pinn,DLS,300,False,0.8498611450195312,37.982094,1.9663360118865967
near_singular,pinn,DLS,43,True,0.12447261810302734,4.991425,0.0
near_singular,pinn,DLS,6,True,0.017799854278564453,4.7151003,0.11253277957439423
near_singular,pinn,DLS,20,True,0.061722755432128906,4.458362,0.07122507691383362
near_singular,pinn,DLS,85,True,0.2474076747894287,4.9350643,0.0
near_singular,pinn,DLS,17,True,0.048252105712890625,4.905921,1.3183554410934448
near_singular,pinn,DLS,50,True,0.14259696006774902,4.9270453,0.04114856570959091
near_singular,pinn,DLS,59,True,0.1649000644683838,4.938126,0.06357676535844803
near_singular,pinn,DLS,0,True,0.0013628005981445312,4.73756,1.4515231847763062
near_singular,pinn,DLS,88,True,0.2604804039001465,4.9957213,0.12105192989110947
near_singular,pinn,DLS,44,True,0.1289994716644287,4.8761597,0.025526350364089012
near_singular,pinn,DLS,178,True,0.5064899921417236,4.9810266,0.0
near_singular,pinn,DLS,3,True,0.009258508682250977,4.234861,0.06903070211410522
near_singular,pinn,DLS,2,True,0.0074808597564697266,2.3581154,0.07437486201524734
near_singular,pinn,DLS,8,True,0.02919149398803711,4.9074163,0.0
near_singular,pinn,DLS,8,True,0.03130149841308594,4.473198,0.037254802882671356
near_singular,pinn,DLS,193,True,0.5460505485534668,4.9835577,0.09973348677158356
near_singular,pinn,DLS,300,False,0.8391711711883545,28.22786,2.007011651992798
near_singular,pinn,DLS,11,True,0.03303790092468262,4.911178,0.0
near_singular,pinn,DLS,300,False,0.8525362014770508,596.3216,2.2978336811065674
near_singular,pinn,DLS,300,False,0.8494384288787842,10.238136,0.07781090587377548
near_singular,pinn,DLS,2,True,0.0066623687744140625,2.7747362,0.03859724476933479
near_singular,pinn,DLS,39,True,0.11888861656188965,4.9781203,0.03979009389877319
near_singular,pinn,DLS,40,True,0.12533950805664062,4.989688,0.0
near_singular,pinn,DLS,0,True,0.0014562606811523438,1.9989482,0.905156135559082
near_singular,pinn,DLS,300,False,0.8484480381011963,5.1020713,0.1208169013261795
near_singular,pinn,DLS,214,True,0.6120085716247559,4.817172,0.30596256256103516
near_singular,pinn,DLS,42,True,0.10929465293884277,4.3283014,0.0
near_singular,pinn,DLS,163,True,0.46250367164611816,4.9881897,0.0
near_singular,pinn,DLS,45,True,0.12697768211364746,4.952926,0.05953795462846756
near_singular,pinn,DLS,51,True,0.14667558670043945,4.9034796,0.04436257854104042
near_singular,pinn,DLS,40,True,0.11273956298828125,4.9112387,0.0
near_singular,pinn,DLS,300,False,0.8468761444091797,97.225136,1.714232087135315
near_singular,pinn,DLS,3,True,0.009105443954467773,3.5483177,0.0
near_singular,pinn,DLS,27,True,0.07588934898376465,4.5756054,0.037781305611133575
near_singular,pinn,DLS,241,True,0.6854536533355713,4.9957385,0.01766664907336235
near_singular,pinn,DLS,195,True,0.5517499446868896,4.913358,0.0
near_singular,pinn,DLS,300,False,0.8768351078033447,11.06729,0.04471941664814949
near_singular,pinn,DLS,55,True,0.15576601028442383,4.962323,0.14258472621440887
near_singular,pinn,DLS,5,True,0.015097618103027344,4.5266857,0.046556953340768814
near_singular,pinn,DLS,1,True,0.003979921340942383,4.9045343,0.768620491027832
near_singular,pinn,DLS,58,True,0.16301488876342773,4.921413,0.03012119233608246
near_singular,pinn,DLS,300,False,0.8501439094543457,178.43858,1.8691304922103882
near_singular,pinn,DLS,50,True,0.13929247856140137,4.93172,0.0400959812104702
near_singular,pinn,DLS,111,True,0.3207731246948242,4.852434,0.07738882303237915
near_singular,pinn,DLS,1,True,0.004526376724243164,4.7782416,0.17633675038814545
near_singular,pinn,DLS,130,True,0.3653600215911865,4.969894,0.0
near_singular,pinn,DLS,4,True,0.01203298568725586,4.6909904,0.1043284460902214
near_singular,pinn,DLS,300,False,0.8541996479034424,237.90271,0.3942611813545227
near_singular,pinn,DLS,0,True,0.0013914108276367188,4.5943727,1.5022848844528198
near_singular,pinn,DLS,10,True,0.028355836868286133,4.871667,0.0
near_singular,pinn,DLS,14,True,0.04118061065673828,4.7684073,0.0
near_singular,pinn,DLS,123,True,0.34919142723083496,4.965414,0.0
near_singular,pinn,DLS,300,False,0.8466548919677734,7.6589394,0.059128742665052414
near_singular,pinn,DLS,33,True,0.09493851661682129,4.5834274,0.049874648451805115
near_singular,pinn,DLS,146,True,0.4290635585784912,4.9110303,0.09061472862958908
near_singular,pinn,DLS,107,True,0.309967041015625,3.901878,0.0
near_singular,pinn,DLS,300,False,0.8620438575744629,5.940977,0.0753389522433281
near_singular,pinn,DLS,300,False,0.8593833446502686,310.09998,157.69287109375
near_singular,pinn,DLS,6,True,0.01842021942138672,4.4967237,0.05785699561238289
near_singular,pinn,DLS,300,False,0.8716332912445068,15.097886,0.07168841361999512
near_singular,pinn,DLS,300,False,0.8467223644256592,137.26047,1.5661165714263916
near_singular,pinn,DLS,71,True,0.20483183860778809,4.995148,0.04616132751107216
near_singular,pinn,DLS,4,True,0.01254129409790039,4.675732,0.04044176638126373
near_singular,pinn,DLS,10,True,0.03014826774597168,4.321491,0.07051094621419907
near_singular,pinn,DLS,63,True,0.17792415618896484,4.9493284,0.01065639965236187
near_singular,pinn,DLS,300,False,0.9107465744018555,9.523328,0.05176815390586853
near_singular,pinn,DLS,68,True,0.21590065956115723,4.045118,0.04274481534957886
near_singular,pinn,DLS,300,False,0.8658242225646973,8.021224,0.0
near_singular,pinn,DLS,300,False,0.8808472156524658,182.64778,0.8035743236541748
near_singular,pinn,DLS,5,True,0.015577554702758789,4.965901,0.0453280471265316
near_singular,pinn,DLS,300,False,0.8504297733306885,18.323614,0.13775263726711273
near_singular,pinn,DLS,134,True,0.37354063987731934,4.8970423,0.0
near_singular,pinn,DLS,246,True,0.6969931125640869,4.935598,0.03083581104874611
near_singular,pinn,DLS,7,True,0.021029233932495117,4.6228867,0.0
near_singular,pinn,DLS,300,False,0.8398504257202148,85.404106,3.424715280532837
near_singular,pinn,DLS,300,False,0.8502397537231445,72.149666,0.9361511468887329
near_singular,pinn,DLS,35,True,0.10260772705078125,4.8698926,0.21281445026397705
near_singular,pinn,DLS,300,False,0.8752541542053223,22.54166,0.04172896593809128
near_singular,pinn,DLS,4,True,0.012220621109008789,4.1038938,0.2780103087425232
near_singular,pinn,DLS,300,False,0.8637344837188721,26.189102,1.1885000467300415
near_singular,pinn,DLS,178,True,0.5110683441162109,4.969692,0.033927518874406815
near_singular,pinn,DLS,11,True,0.031815290451049805,4.1967964,0.0
near_singular,pinn,DLS,62,True,0.17532563209533691,4.9246945,0.16169488430023193
near_singular,pinn,DLS,300,False,0.865870475769043,176.1918,32.882469177246094
near_singular,pinn,DLS,300,False,0.8627560138702393,114.71248,0.22992469370365143
near_singular,pinn,DLS,300,False,0.860374927520752,14.714034,0.5812408924102783
near_singular,pinn,DLS,45,True,0.12738728523254395,4.9353848,0.06210625171661377
near_singular,pinn,DLS,87,True,0.25428271293640137,4.5348954,0.07214092463254929
near_singular,pinn,DLS,3,True,0.009367704391479492,3.5310948,0.0
near_singular,pinn,DLS,36,True,0.09961557388305664,4.9023066,0.01810327172279358
near_singular,pinn,DLS,2,True,0.006565093994140625,4.835499,0.07717303186655045
near_singular,pinn,DLS,211,True,0.6047661304473877,4.9714994,0.027097374200820923
near_singular,pinn,DLS,240,True,0.669438362121582,4.98697,0.08423976600170135
near_singular,pinn,DLS,2,True,0.0066585540771484375,4.1398525,0.0773610919713974
near_singular,pinn,DLS,40,True,0.12230300903320312,4.946269,0.05017443001270294
near_singular,pinn,DLS,300,False,0.8562984466552734,20.584555,0.5462854504585266
near_singular,pinn,DLS,281,True,0.8045191764831543,4.7110286,0.0494389608502388
near_singular,pinn,DLS,30,True,0.08416390419006348,4.985803,0.029166623950004578
near_singular,pinn,DLS,135,True,0.3880770206451416,3.6544552,0.06136505678296089
near_singular,pinn,DLS,300,False,0.8601446151733398,43.53086,0.23645155131816864
near_singular,pinn,DLS,90,True,0.2621142864227295,3.9948215,0.023903056979179382
near_singular,pinn,DLS,147,True,0.41511988639831543,4.9620442,0.0
near_singular,pinn,DLS,6,True,0.01762986183166504,4.990965,0.0
near_singular,pinn,DLS,300,False,0.8538591861724854,18.1362,0.0
near_singular,pinn,DLS,300,False,0.8946139812469482,36.928883,0.09167294949293137
near_singular,pinn,DLS,120,True,0.3808739185333252,4.892995,0.0
near_singular,pinn,DLS,129,True,0.3787655830383301,4.977795,0.0
near_singular,pinn,DLS,148,True,0.418994665145874,4.9850955,0.0
near_singular,pinn,DLS,116,True,0.3327012062072754,4.9877896,0.18212641775608063
near_singular,pinn,DLS,170,True,0.4845762252807617,4.961158,0.04381738230586052
near_singular,pinn,DLS,32,True,0.0916147232055664,4.927527,0.024940408766269684
near_singular,pinn,DLS,15,True,0.04390358924865723,4.948762,0.07244682312011719
near_singular,pinn,DLS,42,True,0.11728787422180176,4.974525,0.09094885736703873
near_singular,pinn,DLS,259,True,0.7539877891540527,4.986662,0.04222654178738594
near_singular,pinn,DLS,110,True,0.31008172035217285,4.997521,0.09904765337705612
near_singular,pinn,DLS,80,True,0.23552441596984863,4.9349947,0.031116241589188576
near_singular,pinn,DLS,40,True,0.11677002906799316,4.943954,0.033040329813957214
near_singular,pinn,DLS,6,True,0.020868778228759766,4.512567,0.07263539731502533
near_singular,pinn,DLS,5,True,0.015892744064331055,4.7024145,0.06201235204935074
near_singular,pinn,DLS,63,True,0.1833803653717041,4.928954,0.05297308787703514
near_singular,pinn,DLS,300,False,0.8566880226135254,66.51902,0.49203404784202576
near_singular,pinn,DLS,42,True,0.12008070945739746,4.9427137,0.0841437578201294
near_singular,pinn,DLS,1,True,0.003965616226196289,2.744955,0.08468984812498093
near_singular,pinn,DLS,72,True,0.2028207778930664,4.9645824,0.0
near_singular,pinn,DLS,2,True,0.007512092590332031,4.867536,0.07748644798994064
near_singular,pinn,DLS,300,False,0.869767427444458,11.186127,0.03978778049349785
near_singular,pinn,DLS,300,False,0.8634891510009766,9.380558,0.020663203671574593
near_singular,pinn,DLS,300,False,0.8547842502593994,37.384277,0.1528722196817398
near_singular,pinn,DLS,13,True,0.04000067710876465,4.554809,0.08169190585613251
near_singular,pinn,DLS,92,True,0.26640939712524414,4.87563,1.8547922372817993
near_singular,pinn,DLS,193,True,0.562371015548706,4.969125,0.05883411318063736
near_singular,pinn,DLS,51,True,0.1533968448638916,4.805407,0.02384939044713974
near_singular,pinn,DLS,4,True,0.016331911087036133,4.130684,0.035578787326812744
near_singular,pinn,DLS,300,False,0.8532178401947021,12.770741,0.018990300595760345
near_singular,pinn,DLS,0,True,0.0013878345489501953,3.7692542,0.9918684959411621
near_singular,pinn,DLS,300,False,0.8561365604400635,5.081798,0.03490699082612991
near_singular,pinn,DLS,142,True,0.4213128089904785,4.9824114,0.0
near_singular,pinn,DLS,300,False,0.8708229064941406,16.633749,0.16527818143367767
near_singular,pinn,DLS,4,True,0.012544393539428711,3.81742,0.0642075315117836
near_singular,pinn,DLS,36,True,0.10531377792358398,4.99002,0.043130695819854736
near_singular,pinn,DLS,300,False,0.9566977024078369,5.8131595,0.0
near_singular,pinn,DLS,6,True,0.01782679557800293,4.1360383,0.03306315466761589
near_singular,pinn,DLS,9,True,0.025509119033813477,3.9657276,0.060910895466804504
near_singular,pinn,DLS,300,False,0.8503859043121338,26.303802,2.6666688919067383
near_singular,pinn,DLS,70,True,0.20305180549621582,4.9485188,0.247273251414299
near_singular,pinn,DLS,46,True,0.13094568252563477,4.9984612,0.06195094808936119
near_singular,pinn,DLS,43,True,0.12224483489990234,4.875352,0.07613737881183624
near_singular,pinn,DLS,67,True,0.18903803825378418,4.8340435,0.4542774558067322
near_singular,pinn,DLS,300,False,0.8723156452178955,180.90338,1.0461615324020386
near_singular,pinn,DLS,41,True,0.16203618049621582,4.9443674,0.04351276531815529
near_singular,pinn,DLS,174,True,0.5685155391693115,4.965563,0.055478744208812714
near_singular,pinn,DLS,6,True,0.01797938346862793,3.3948627,0.2510606646537781
near_singular,pinn,DLS,300,False,0.9455857276916504,9.314583,0.06606505066156387
near_singular,pinn,DLS,22,True,0.07413673400878906,4.9708147,0.05032157152891159
near_singular,pinn,DLS,51,True,0.15317440032958984,4.955689,0.0
near_singular,pinn,DLS,80,True,0.2362232208251953,4.708241,0.0
near_singular,pinn,DLS,10,True,0.029645204544067383,4.938906,0.0
near_singular,pinn,DLS,300,False,0.9065332412719727,126.40986,0.9051622152328491
near_singular,pinn,DLS,300,False,0.8967156410217285,184.51297,0.982818603515625
near_singular,pinn,DLS,44,True,0.12711000442504883,4.9684014,0.012589685618877411
near_singular,pinn,DLS,8,True,0.02420830726623535,4.9470067,0.0
near_singular,pinn,DLS,300,False,0.8888771533966064,5.474898,0.0
near_singular,pinn,DLS,300,False,0.8725523948669434,14.4890995,0.8895963430404663
near_singular,pinn,DLS,37,True,0.10489964485168457,4.428901,0.07208717614412308
near_singular,pinn,DLS,42,True,0.12108373641967773,4.9763684,0.04131956771016121
near_singular,pinn,DLS,6,True,0.01772451400756836,3.839401,0.0
near_singular,pinn,DLS,95,True,0.28362059593200684,4.9735165,0.03586065396666527
near_singular,pinn,DLS,249,True,0.7480418682098389,4.9942493,0.0
near_singular,pinn,DLS,300,False,0.8558549880981445,12.004615,0.22354672849178314
near_singular,pinn,DLS,196,True,0.5974860191345215,4.8629117,0.100809745490551
near_singular,pinn,CCD,8,True,0.09670615196228027,2.7332425,141.04531860351562
near_singular,pinn,CCD,1,True,0.016504526138305664,1.9717764,25.85033416748047
near_singular,pinn,CCD,300,False,3.6617281436920166,24.46072,91.16753387451172
near_singular,pinn,CCD,1,True,0.014217138290405273,3.6542253,30.514965057373047
near_singular,pinn,CCD,5,True,0.07837915420532227,3.3490865,54.295719146728516
near_singular,pinn,CCD,16,True,0.21753287315368652,4.86558,48.60029220581055
near_singular,pinn,CCD,3,True,0.043174028396606445,4.887681,30.820356369018555
near_singular,pinn,CCD,2,True,0.024170875549316406,3.0608792,44.9556884765625
near_singular,pinn,CCD,9,True,0.11083316802978516,4.072458,27.737552642822266
near_singular,pinn,CCD,300,False,3.8012115955352783,25.92769,147.05857849121094
near_singular,pinn,CCD,2,True,0.035085439682006836,0.5284967,19.35293960571289
near_singular,pinn,CCD,1,True,0.012690067291259766,0.62778246,16.391653060913086
near_singular,pinn,CCD,3,True,0.036370277404785156,2.4584126,69.87151336669922
near_singular,pinn,CCD,7,True,0.08655023574829102,2.4374647,98.75018310546875
near_singular,pinn,CCD,2,True,0.027909517288208008,2.2359982,33.35041427612305
near_singular,pinn,CCD,2,True,0.024233102798461914,3.1970928,14.524898529052734
near_singular,pinn,CCD,2,True,0.025187969207763672,3.5731,35.713077545166016
near_singular,pinn,CCD,1,True,0.012668132781982422,0.53639615,22.27495765686035
near_singular,pinn,CCD,1,True,0.021619081497192383,1.9889791,19.225643157958984
near_singular,pinn,CCD,2,True,0.03656911849975586,1.8336554,28.804426193237305
near_singular,pinn,CCD,3,True,0.05107474327087402,2.562484,20.112356185913086
near_singular,pinn,CCD,7,True,0.08782792091369629,4.7695932,97.12818908691406
near_singular,pinn,CCD,2,True,0.023807764053344727,3.6173246,33.43877410888672
near_singular,pinn,CCD,24,True,0.2901887893676758,4.995941,78.21680450439453
near_singular,pinn,CCD,1,True,0.013751745223999023,0.320575,19.288578033447266
near_singular,pinn,CCD,1,True,0.014649152755737305,0.73170596,17.637910842895508
near_singular,pinn,CCD,4,True,0.06141209602355957,4.889689,79.42577362060547
near_singular,pinn,CCD,9,True,0.13040685653686523,4.7982807,75.9307632446289
near_singular,pinn,CCD,6,True,0.07762813568115234,1.8772614,42.519325256347656
near_singular,pinn,CCD,18,True,0.2221205234527588,4.669144,69.63597869873047
near_singular,pinn,CCD,2,True,0.02475142478942871,1.7709293,18.514923095703125
near_singular,pinn,CCD,10,True,0.1239326000213623,4.821175,49.088584899902344
near_singular,pinn,CCD,31,True,0.37432050704956055,4.906963,49.954139709472656
near_singular,pinn,CCD,1,True,0.012825965881347656,4.998863,23.099817276000977
near_singular,pinn,CCD,8,True,0.09347295761108398,4.392554,11.977457046508789
near_singular,pinn,CCD,2,True,0.03005528450012207,1.3585474,21.685592651367188
near_singular,pinn,CCD,9,True,0.1360020637512207,4.8452644,30.527286529541016
near_singular,pinn,CCD,2,True,0.024891138076782227,3.7406776,34.304100036621094
near_singular,pinn,CCD,1,True,0.013992786407470703,1.1028626,20.626522064208984
near_singular,pinn,CCD,2,True,0.024188518524169922,4.001382,18.040552139282227
near_singular,pinn,CCD,5,True,0.05933809280395508,3.1361454,96.87054443359375
near_singular,pinn,CCD,8,True,0.14916729927062988,4.250275,47.01266860961914
near_singular,pinn,CCD,4,True,0.07054638862609863,3.8933334,45.35261154174805
near_singular,pinn,CCD,5,True,0.08416438102722168,4.4544926,81.96373748779297
near_singular,pinn,CCD,300,False,3.894763946533203,8.777987,81.98835754394531
near_singular,pinn,CCD,3,True,0.03863954544067383,2.435735,70.57615661621094
near_singular,pinn,CCD,7,True,0.11159896850585938,4.343251,75.22339630126953
near_singular,pinn,CCD,4,True,0.055085182189941406,2.6061182,60.01073455810547
near_singular,pinn,CCD,1,True,0.013553142547607422,3.5815632,18.928720474243164
near_singular,pinn,CCD,5,True,0.0594789981842041,3.8888042,72.85482025146484
near_singular,pinn,CCD,1,True,0.013821840286254883,1.7924,22.600902557373047
near_singular,pinn,CCD,2,True,0.02758026123046875,1.863545,33.15884017944336
near_singular,pinn,CCD,1,True,0.013282299041748047,3.9951317,15.279108047485352
near_singular,pinn,CCD,3,True,0.04143810272216797,1.4197606,31.997966766357422
near_singular,pinn,CCD,8,True,0.10351252555847168,4.942384,33.585594177246094
near_singular,pinn,CCD,7,True,0.08574342727661133,3.402627,37.203617095947266
near_singular,pinn,CCD,2,True,0.024501562118530273,3.2177389,43.13550567626953
near_singular,pinn,CCD,1,True,0.013587236404418945,1.1246659,26.1787052154541
near_singular,pinn,CCD,1,True,0.013167858123779297,3.2122638,24.750165939331055
near_singular,pinn,CCD,3,True,0.035411834716796875,4.5489097,29.090377807617188
near_singular,pinn,CCD,3,True,0.04427742958068848,1.7819324,21.41751480102539
near_singular,pinn,CCD,2,True,0.0279085636138916,3.4072275,25.472440719604492
near_singular,pinn,CCD,3,True,0.03567671775817871,1.0408465,19.129024505615234
near_singular,pinn,CCD,1,True,0.013151168823242188,4.787666,21.19794464111328
near_singular,pinn,CCD,5,True,0.06223034858703613,3.221458,65.3699722290039
near_singular,pinn,CCD,10,True,0.12138724327087402,4.086831,33.75831985473633
near_singular,pinn,CCD,5,True,0.059062957763671875,3.9895117,21.30181884765625
near_singular,pinn,CCD,3,True,0.039681196212768555,4.9574337,39.760379791259766
near_singular,pinn,CCD,3,True,0.03635072708129883,1.9124932,55.88751220703125
near_singular,pinn,CCD,4,True,0.05011391639709473,3.5550563,64.92059326171875
near_singular,pinn,CCD,6,True,0.07432746887207031,1.9894792,96.4725112915039
near_singular,pinn,CCD,1,True,0.012807846069335938,1.2449179,14.739084243774414
near_singular,pinn,CCD,7,True,0.08994126319885254,4.308232,29.712495803833008
near_singular,pinn,CCD,4,True,0.051607370376586914,2.8233612,23.032495498657227
near_singular,pinn,CCD,1,True,0.014074563980102539,1.2197802,18.647432327270508
near_singular,pinn,CCD,3,True,0.037543535232543945,0.8993136,83.15162658691406
near_singular,pinn,CCD,3,True,0.03629136085510254,2.474389,39.9215202331543
near_singular,pinn,CCD,1,True,0.01406097412109375,2.8199174,30.548044204711914
near_singular,pinn,CCD,8,True,0.09652304649353027,4.172351,88.01102447509766
near_singular,pinn,CCD,2,True,0.02372884750366211,2.0619116,23.235111236572266
near_singular,pinn,CCD,2,True,0.025191545486450195,1.8814124,38.02732849121094
near_singular,pinn,CCD,1,True,0.012722492218017578,3.8631773,15.520710945129395
near_singular,pinn,CCD,3,True,0.03574180603027344,3.2000415,26.74716567993164
near_singular,pinn,CCD,2,True,0.024191617965698242,4.7092967,34.93464279174805
near_singular,pinn,CCD,1,True,0.012598276138305664,3.3758852,19.20848274230957
near_singular,pinn,CCD,6,True,0.07033753395080566,3.9398518,14.597134590148926
near_singular,pinn,CCD,22,True,0.2977437973022461,4.8971763,23.569950103759766
near_singular,pinn,CCD,8,True,0.10213041305541992,4.712874,85.56932830810547
near_singular,pinn,CCD,4,True,0.05310940742492676,3.3453536,23.811031341552734
near_singular,pinn,CCD,300,False,3.755488634109497,7.3953476,121.61577606201172
near_singular,pinn,CCD,4,True,0.0476689338684082,4.7076473,95.48616027832031
near_singular,pinn,CCD,4,True,0.05319356918334961,1.092174,68.54306030273438
near_singular,pinn,CCD,3,True,0.036928653717041016,4.9329267,39.701045989990234
near_singular,pinn,CCD,1,True,0.01309657096862793,1.2902497,32.11777114868164
near_singular,pinn,CCD,1,True,0.013654708862304688,4.2213144,20.272743225097656
near_singular,pinn,CCD,1,True,0.013741493225097656,1.1906189,16.729530334472656
near_singular,pinn,CCD,6,True,0.07279300689697266,3.6433568,29.7888240814209
near_singular,pinn,CCD,2,True,0.024407625198364258,0.34448603,5.1219072341918945
near_singular,pinn,CCD,1,True,0.014731645584106445,3.9723456,20.49172592163086
near_singular,pinn,CCD,8,True,0.09736466407775879,4.1956763,66.0916519165039
near_singular,pinn,CCD,6,True,0.10457658767700195,3.8902705,100.79574584960938
near_singular,pinn,CCD,42,True,0.594780683517456,4.954138,8.021099090576172
near_singular,pinn,CCD,11,True,0.14988303184509277,4.8247743,70.81874084472656
near_singular,pinn,CCD,3,True,0.04006314277648926,1.2237118,70.56427001953125
near_singular,pinn,CCD,1,True,0.015163660049438477,2.3253372,6.204716682434082
near_singular,pinn,CCD,5,True,0.08393311500549316,2.210123,70.92432403564453
near_singular,pinn,CCD,1,True,0.01682758331298828,0.48550242,19.703222274780273
near_singular,pinn,CCD,4,True,0.05773806571960449,4.4437947,38.04194259643555
near_singular,pinn,CCD,3,True,0.039499759674072266,2.8135138,63.29606246948242
near_singular,pinn,CCD,1,True,0.015322208404541016,2.171413,4.796071529388428
near_singular,pinn,CCD,1,True,0.013429880142211914,3.491115,18.052730560302734
near_singular,pinn,CCD,6,True,0.07357025146484375,2.9706817,102.01216888427734
near_singular,pinn,CCD,21,True,0.2703115940093994,4.8984156,104.23468780517578
near_singular,pinn,CCD,4,True,0.06221938133239746,0.33814773,75.852783203125
near_singular,pinn,CCD,1,True,0.013212203979492188,4.4645033,15.521163940429688
near_singular,pinn,CCD,4,True,0.04782390594482422,2.6686404,56.906497955322266
near_singular,pinn,CCD,1,True,0.012126922607421875,3.5997462,22.804872512817383
near_singular,pinn,CCD,2,True,0.02646636962890625,2.7231183,53.637630462646484
near_singular,pinn,CCD,1,True,0.013440370559692383,0.25497064,16.02290916442871
near_singular,pinn,CCD,4,True,0.04886221885681152,2.664741,110.97801971435547
near_singular,pinn,CCD,2,True,0.037998199462890625,1.7276348,11.030863761901855
near_singular,pinn,CCD,3,True,0.037538766860961914,3.9729323,30.791887283325195
near_singular,pinn,CCD,1,True,0.01615142822265625,2.3682742,16.484516143798828
near_singular,pinn,CCD,93,True,1.2459232807159424,4.9984174,133.43577575683594
near_singular,pinn,CCD,6,True,0.09821057319641113,2.8973618,39.841697692871094
near_singular,pinn,CCD,17,True,0.21291184425354004,4.9339647,39.0426139831543
near_singular,pinn,CCD,2,True,0.025250673294067383,1.9947774,43.06940841674805
near_singular,pinn,CCD,1,True,0.013531208038330078,4.655305,17.283367156982422
near_singular,pinn,CCD,4,True,0.04939889907836914,1.3145493,57.375511169433594
near_singular,pinn,CCD,4,True,0.04817771911621094,3.0883071,73.73777770996094
near_singular,pinn,CCD,1,True,0.01313328742980957,1.4263661,18.84012222290039
near_singular,pinn,CCD,4,True,0.060597896575927734,2.7058885,52.486045837402344
near_singular,pinn,CCD,2,True,0.02697157859802246,2.7425945,16.92980194091797
near_singular,pinn,CCD,5,True,0.0608515739440918,4.256283,49.150779724121094
near_singular,pinn,CCD,3,True,0.03592729568481445,4.254776,45.35699462890625
near_singular,pinn,CCD,3,True,0.03931856155395508,3.627638,67.70797729492188
near_singular,pinn,CCD,2,True,0.027535676956176758,2.1128573,4.184202194213867
near_singular,pinn,CCD,0,True,0.0013964176177978516,4.73756,1.4515231847763062
near_singular,pinn,CCD,6,True,0.08004212379455566,4.651762,38.91119384765625
near_singular,pinn,CCD,2,True,0.024305105209350586,3.4571147,25.30101203918457
near_singular,pinn,CCD,6,True,0.07085490226745605,4.0303907,50.47398376464844
near_singular,pinn,CCD,6,True,0.0767669677734375,4.4382777,38.508480072021484
near_singular,pinn,CCD,3,True,0.038814544677734375,4.1108027,13.276251792907715
near_singular,pinn,CCD,25,True,0.3407597541809082,4.9819856,34.40321350097656
near_singular,pinn,CCD,2,True,0.024115800857543945,2.1131606,33.36656951904297
near_singular,pinn,CCD,4,True,0.04685235023498535,3.1897357,59.86268997192383
near_singular,pinn,CCD,6,True,0.07244992256164551,4.9560056,43.879722595214844
near_singular,pinn,CCD,2,True,0.025124073028564453,2.6444688,29.075437545776367
near_singular,pinn,CCD,4,True,0.04816150665283203,4.0486712,19.443603515625
near_singular,pinn,CCD,9,True,0.10679769515991211,4.78967,26.19205093383789
near_singular,pinn,CCD,1,True,0.013684511184692383,1.0224303,17.433244705200195
near_singular,pinn,CCD,1,True,0.012826919555664062,1.1847047,23.12628936767578
near_singular,pinn,CCD,2,True,0.026245832443237305,0.8184085,16.57921028137207
near_singular,pinn,CCD,0,True,0.0013265609741210938,1.9989482,0.905156135559082
near_singular,pinn,CCD,7,True,0.09580826759338379,3.0268242,135.7486572265625
near_singular,pinn,CCD,3,True,0.03793478012084961,0.73395556,44.58655548095703
near_singular,pinn,CCD,1,True,0.013423919677734375,2.2480893,26.7867374420166
near_singular,pinn,CCD,1,True,0.013355255126953125,0.5083732,25.161283493041992
near_singular,pinn,CCD,1,True,0.013544082641601562,0.74148804,20.478872299194336
near_singular,pinn,CCD,1,True,0.012951135635375977,0.9124065,22.68114471435547
near_singular,pinn,CCD,5,True,0.06168031692504883,4.3971076,46.987491607666016
near_singular,pinn,CCD,3,True,0.038880109786987305,0.8205564,57.25309753417969
near_singular,pinn,CCD,2,True,0.025135278701782227,2.153346,7.342160224914551
near_singular,pinn,CCD,2,True,0.025285005569458008,2.5226908,37.64236068725586
near_singular,pinn,CCD,7,True,0.0844273567199707,4.3533916,32.67568588256836
near_singular,pinn,CCD,4,True,0.049422502517700195,2.3547869,41.36630630493164
near_singular,pinn,CCD,6,True,0.11162424087524414,3.620308,54.15738296508789
near_singular,pinn,CCD,8,True,0.10803484916687012,4.951929,28.727691650390625
near_singular,pinn,CCD,2,True,0.03423428535461426,0.9378667,14.394773483276367
near_singular,pinn,CCD,1,True,0.016594648361206055,1.946633,16.99748992919922
near_singular,pinn,CCD,2,True,0.0345003604888916,3.5916693,39.82846450805664
near_singular,pinn,CCD,7,True,0.08293843269348145,4.6317115,97.33948516845703
near_singular,pinn,CCD,1,True,0.013186931610107422,2.9820085,24.23940658569336
near_singular,pinn,CCD,5,True,0.0687706470489502,1.8575821,76.05823516845703
near_singular,pinn,CCD,1,True,0.016463279724121094,3.447405,24.545534133911133
near_singular,pinn,CCD,5,True,0.11210346221923828,3.9209216,73.96014404296875
near_singular,pinn,CCD,2,True,0.02436542510986328,1.6249752,9.329851150512695
near_singular,pinn,CCD,8,True,0.09785342216491699,2.4509883,153.06869506835938
near_singular,pinn,CCD,0,True,0.0014052391052246094,4.5943727,1.5022848844528198
near_singular,pinn,CCD,1,True,0.0131072998046875,0.920725,22.934404373168945
near_singular,pinn,CCD,1,True,0.016011953353881836,0.7105709,19.537696838378906
near_singular,pinn,CCD,4,True,0.05732011795043945,3.0919995,50.778934478759766
near_singular,pinn,CCD,1,True,0.013453245162963867,2.599228,24.626853942871094
near_singular,pinn,CCD,4,True,0.05319404602050781,1.7186283,43.673885345458984
near_singular,pinn,CCD,5,True,0.060004234313964844,2.358675,61.17604064941406
near_singular,pinn,CCD,300,False,3.8536128997802734,23.08613,112.28181457519531
near_singular,pinn,CCD,2,True,0.02775430679321289,1.4567113,26.450035095214844
near_singular,pinn,CCD,74,True,0.9261794090270996,4.9507904,85.68079376220703
near_singular,pinn,CCD,1,True,0.016518115997314453,4.925019,18.863855361938477
near_singular,pinn,CCD,6,True,0.07473111152648926,4.816084,72.71736907958984
near_singular,pinn,CCD,6,True,0.07251167297363281,4.6163664,65.43817138671875
near_singular,pinn,CCD,1,True,0.01429605484008789,0.756034,6.655639171600342
near_singular,pinn,CCD,1,True,0.013847112655639648,1.8128715,17.62648582458496
near_singular,pinn,CCD,1,True,0.01442408561706543,1.3318828,19.064645767211914
near_singular,pinn,CCD,2,True,0.024362802505493164,3.352893,61.37010192871094
near_singular,pinn,CCD,6,True,0.08491134643554688,4.188376,43.123294830322266
near_singular,pinn,CCD,2,True,0.026555776596069336,3.4926085,24.9722843170166
near_singular,pinn,CCD,7,True,0.08483672142028809,4.503085,44.481666564941406
near_singular,pinn,CCD,300,False,3.711101531982422,5.1335745,170.2151336669922
near_singular,pinn,CCD,1,True,0.011923551559448242,2.5819323,2.786360740661621
near_singular,pinn,CCD,3,True,0.03606581687927246,3.894443,35.88500213623047
near_singular,pinn,CCD,3,True,0.03923988342285156,0.44367924,56.05473709106445
near_singular,pinn,CCD,5,True,0.06170153617858887,3.3491685,43.91084671020508
near_singular,pinn,CCD,5,True,0.05909156799316406,3.7949865,26.372207641601562
near_singular,pinn,CCD,300,False,3.6849639415740967,78.626785,25.57439613342285
near_singular,pinn,CCD,3,True,0.04367184638977051,3.0406513,35.985450744628906
near_singular,pinn,CCD,65,True,0.7705094814300537,4.9733825,39.95344924926758
near_singular,pinn,CCD,5,True,0.060601234436035156,2.957254,45.38949203491211
near_singular,pinn,CCD,5,True,0.06128096580505371,4.2990804,52.53593826293945
near_singular,pinn,CCD,4,True,0.06007051467895508,2.496024,115.01527404785156
near_singular,pinn,CCD,1,True,0.014302253723144531,1.3083192,22.62679100036621
near_singular,pinn,CCD,2,True,0.025013446807861328,4.895126,47.04323196411133
near_singular,pinn,CCD,2,True,0.02933502197265625,4.4607153,13.966899871826172
near_singular,pinn,CCD,5,True,0.07932758331298828,0.8643255,150.7251434326172
near_singular,pinn,CCD,4,True,0.048720598220825195,2.6016397,87.63081359863281
near_singular,pinn,CCD,1,True,0.01275181770324707,3.971651,16.595901489257812
near_singular,pinn,CCD,2,True,0.02487921714782715,3.523797,14.043084144592285
near_singular,pinn,CCD,4,True,0.04706525802612305,2.236547,41.703887939453125
near_singular,pinn,CCD,3,True,0.03602266311645508,4.4533396,29.395668029785156
near_singular,pinn,CCD,1,True,0.013363361358642578,1.0013582,17.20969581604004
near_singular,pinn,CCD,1,True,0.013055562973022461,4.5998263,20.203426361083984
near_singular,pinn,CCD,4,True,0.048535823822021484,3.3732033,64.6684799194336
near_singular,pinn,CCD,18,True,0.2126321792602539,4.824484,46.282997131347656
near_singular,pinn,CCD,1,True,0.013753175735473633,2.3216212,5.83743953704834
near_singular,pinn,CCD,2,True,0.025322914123535156,4.0815077,18.845260620117188
near_singular,pinn,CCD,2,True,0.02434825897216797,2.158935,43.41098403930664
near_singular,pinn,CCD,12,True,0.14411163330078125,4.057577,140.69935607910156
near_singular,pinn,CCD,1,True,0.012358903884887695,2.1595929,20.85413360595703
near_singular,pinn,CCD,2,True,0.024797677993774414,2.1445036,6.279107093811035
near_singular,pinn,CCD,300,False,3.586613893508911,13.817193,20.432262420654297
near_singular,pinn,CCD,4,True,0.048069000244140625,4.6526313,108.75282287597656
near_singular,pinn,CCD,1,True,0.013360261917114258,3.383463,16.626882553100586
near_singular,pinn,CCD,1,True,0.012757062911987305,0.41875184,18.894939422607422
near_singular,pinn,CCD,14,True,0.16236352920532227,2.9478521,82.9358901977539
near_singular,pinn,CCD,8,True,0.09411811828613281,4.241224,52.3316535949707
near_singular,pinn,CCD,1,True,0.016508817672729492,3.2547596,14.140166282653809
near_singular,pinn,CCD,4,True,0.049207210540771484,3.001802,38.80253982543945
near_singular,pinn,CCD,9,True,0.11113405227661133,4.715908,19.566539764404297
near_singular,pinn,CCD,2,True,0.024338960647583008,1.0569186,33.965293884277344
near_singular,pinn,CCD,7,True,0.09398436546325684,4.916517,21.71123695373535
near_singular,pinn,CCD,3,True,0.03601264953613281,4.5436997,22.58437728881836
near_singular,pinn,CCD,1,True,0.013041973114013672,4.793361,18.421092987060547
near_singular,pinn,CCD,3,True,0.042259931564331055,2.8339279,43.979549407958984
near_singular,pinn,CCD,1,True,0.013021469116210938,1.022855,28.72193145751953
near_singular,pinn,CCD,1,True,0.013416051864624023,1.7438191,17.972427368164062
near_singular,pinn,CCD,8,True,0.09522342681884766,4.582041,100.97880554199219
near_singular,pinn,CCD,2,True,0.026844024658203125,3.7811372,25.70169448852539
near_singular,pinn,CCD,4,True,0.048192501068115234,4.7004404,28.275089263916016
near_singular,pinn,CCD,1,True,0.01385807991027832,3.4272969,19.718122482299805
near_singular,pinn,CCD,3,True,0.036691904067993164,4.040111,12.1865234375
near_singular,pinn,CCD,4,True,0.04752349853515625,1.5636793,52.44589614868164
near_singular,pinn,CCD,2,True,0.024796724319458008,2.5245116,33.74567413330078
near_singular,pinn,CCD,1,True,0.014705181121826172,1.7282938,17.31774139404297
near_singular,pinn,CCD,4,True,0.048430442810058594,3.2693837,45.073814392089844
near_singular,pinn,CCD,1,True,0.012991905212402344,1.2163141,15.577343940734863
near_singular,pinn,CCD,3,True,0.03605055809020996,3.807228,46.011505126953125
near_singular,pinn,CCD,4,True,0.04911184310913086,1.2549781,72.62998962402344
near_singular,pinn,CCD,2,True,0.02451467514038086,3.55516,31.249711990356445
near_singular,pinn,CCD,1,True,0.01346135139465332,0.15538976,20.064437866210938
near_singular,pinn,CCD,9,True,0.10808467864990234,4.465728,18.23006820678711
near_singular,pinn,CCD,2,True,0.024965763092041016,0.081712395,31.82697296142578
near_singular,pinn,CCD,3,True,0.04218411445617676,1.0299175,30.104814529418945
near_singular,pinn,CCD,3,True,0.03773951530456543,3.6663072,36.47590255737305
near_singular,pinn,CCD,6,True,0.07748746871948242,4.702404,34.7076301574707
near_singular,pinn,CCD,0,True,0.0014050006866455078,3.7692542,0.9918684959411621
near_singular,pinn,CCD,1,True,0.015441417694091797,0.746512,24.016603469848633
near_singular,pinn,CCD,8,True,0.0989992618560791,4.8813267,57.815711975097656
near_singular,pinn,CCD,2,True,0.024309873580932617,3.0146546,37.92963409423828
near_singular,pinn,CCD,2,True,0.025895357131958008,1.4489164,25.398765563964844
near_singular,pinn,CCD,2,True,0.025574207305908203,2.826513,38.73038864135742
near_singular,pinn,CCD,300,False,3.626945734024048,28.338675,72.01463317871094
near_singular,pinn,CCD,2,True,0.02462601661682129,0.4212423,29.71428871154785
near_singular,pinn,CCD,2,True,0.027919530868530273,3.6294117,42.266929626464844
near_singular,pinn,CCD,20,True,0.24329018592834473,4.86505,34.9693603515625
near_singular,pinn,CCD,3,True,0.04584002494812012,3.2503204,11.258354187011719
near_singular,pinn,CCD,2,True,0.0331418514251709,4.595166,14.719273567199707
near_singular,pinn,CCD,2,True,0.02654719352722168,0.9329872,9.539815902709961
near_singular,pinn,CCD,3,True,0.03598356246948242,1.5233136,21.67535400390625
near_singular,pinn,CCD,300,False,3.652285099029541,23.588911,89.50348663330078
near_singular,pinn,CCD,1,True,0.017742156982421875,4.106507,23.416465759277344
near_singular,pinn,CCD,1,True,0.013632059097290039,3.4424815,23.330215454101562
near_singular,pinn,CCD,1,True,0.014516592025756836,4.23083,23.4448184967041
near_singular,pinn,CCD,5,True,0.0633702278137207,3.5806684,35.24042510986328
near_singular,pinn,CCD,24,True,0.2857553958892822,4.7694054,23.37600326538086
near_singular,pinn,CCD,3,True,0.03653979301452637,4.9404626,33.56544876098633
near_singular,pinn,CCD,3,True,0.04001569747924805,3.3457768,59.7714958190918
near_singular,pinn,CCD,2,True,0.025821685791015625,1.6046019,35.87967300415039
near_singular,pinn,CCD,300,False,3.5090293884277344,32.227585,141.8597869873047
near_singular,pinn,CCD,300,False,3.66963267326355,11.766225,129.2155303955078
near_singular,pinn,CCD,2,True,0.0243985652923584,1.9340073,41.48887634277344
near_singular,pinn,CCD,1,True,0.013864517211914062,4.216644,26.51534080505371
near_singular,pinn,CCD,9,True,0.10834217071533203,4.865485,55.378414154052734
near_singular,pinn,CCD,4,True,0.0550847053527832,4.841708,20.304685592651367
near_singular,pinn,CCD,4,True,0.0494997501373291,2.4235568,34.487911224365234
near_singular,pinn,CCD,1,True,0.013405084609985352,2.8708558,28.574005126953125
near_singular,pinn,CCD,2,True,0.02577066421508789,1.8550047,41.70072555541992
near_singular,pinn,CCD,2,True,0.02508401870727539,0.12504837,42.464237213134766
near_singular,pinn,CCD,2,True,0.027632951736450195,3.487676,17.99701690673828
near_singular,pinn,CCD,3,True,0.04043292999267578,0.8396647,46.181602478027344
near_singular,pinn,CCD,1,True,0.013486862182617188,0.9438083,21.22031593322754
near_singular,gated,DLS,300,False,0.8579974174499512,164.09961,0.4154813885688782
near_singular,gated,DLS,6,True,0.018898725509643555,4.28018,0.08999945223331451
near_singular,gated,DLS,188,True,0.607863187789917,4.898504,0.1476239562034607
near_singular,gated,DLS,300,False,0.8641221523284912,37.028797,0.6932196021080017
near_singular,gated,DLS,300,False,0.8944449424743652,20.242813,0.14145873486995697
near_singular,gated,DLS,300,False,0.931955099105835,60.062042,4.876814365386963
near_singular,gated,DLS,300,False,0.8500514030456543,51.659122,1.1055985689163208
near_singular,gated,DLS,190,True,0.54180908203125,4.948275,0.0
near_singular,gated,DLS,300,False,0.8765237331390381,16.269304,0.058938413858413696
near_singular,gated,DLS,300,False,0.8943045139312744,5.141544,0.0
near_singular,gated,DLS,19,True,0.054270029067993164,4.9603157,0.3933018743991852
near_singular,gated,DLS,3,True,0.009914875030517578,4.913577,0.09262138605117798
near_singular,gated,DLS,135,True,0.3860280513763428,4.980535,0.0
near_singular,gated,DLS,300,False,0.8669071197509766,179.3499,0.6483781337738037
near_singular,gated,DLS,25,True,0.07378411293029785,4.9429703,0.047569070011377335
near_singular,gated,DLS,300,False,0.8792431354522705,8.897341,0.06373920291662216
near_singular,gated,DLS,48,True,0.13864850997924805,4.9568458,0.015476737171411514
near_singular,gated,DLS,15,True,0.044469356536865234,4.904086,0.0
near_singular,gated,DLS,170,True,0.49805307388305664,4.96593,0.1285146176815033
near_singular,gated,DLS,76,True,0.2116401195526123,4.9343514,0.09788056463003159
near_singular,gated,DLS,68,True,0.1854093074798584,4.9988627,0.03791097551584244
near_singular,gated,DLS,202,True,0.6413140296936035,4.9933734,0.0
near_singular,gated,DLS,300,False,0.8672029972076416,2.5295522,20.052644729614258
near_singular,gated,DLS,163,True,0.5171399116516113,4.951397,0.05768702179193497
near_singular,gated,DLS,10,True,0.02880692481994629,4.632556,0.09919381141662598
near_singular,gated,DLS,10,True,0.03251028060913086,4.7928057,0.10402395576238632
near_singular,gated,DLS,300,False,0.8665831089019775,85.46935,0.6752309203147888
near_singular,gated,DLS,300,False,0.8624143600463867,323.63702,27.740325927734375
near_singular,gated,DLS,34,True,0.09502720832824707,4.368146,0.0856376364827156
near_singular,gated,DLS,241,True,0.7151086330413818,4.941167,0.0
near_singular,gated,DLS,45,True,0.1266953945159912,4.913852,0.0
near_singular,gated,DLS,300,False,0.8944008350372314,36.50898,2.1666364669799805
near_singular,gated,DLS,300,False,0.9104154109954834,24.865574,0.22423896193504333
near_singular,gated,DLS,78,True,0.21853399276733398,4.6247663,0.036048524081707
near_singular,gated,DLS,41,True,0.11431074142456055,4.9864674,0.031129615381360054
near_singular,gated,DLS,51,True,0.14633440971374512,4.9783015,0.2522748112678528
near_singular,gated,DLS,50,True,0.14548897743225098,4.8075666,0.0
near_singular,gated,DLS,35,True,0.10202622413635254,4.6395993,0.08024200797080994
near_singular,gated,DLS,11,True,0.03268933296203613,4.9046245,0.048500292003154755
near_singular,gated,DLS,29,True,0.08882808685302734,4.975564,0.0
near_singular,gated,DLS,300,False,0.8706977367401123,137.28108,0.9935196042060852
near_singular,gated,DLS,28,True,0.08284163475036621,4.682157,0.03723062202334404
near_singular,gated,DLS,52,True,0.15051770210266113,4.9965167,0.03452900052070618
near_singular,gated,DLS,207,True,0.5822882652282715,4.9961014,0.030697884038090706
near_singular,gated,DLS,62,True,0.17870068550109863,4.9454784,0.04328867420554161
near_singular,gated,DLS,300,False,0.8772263526916504,113.14728,3.322172164916992
near_singular,gated,DLS,2,True,0.010931253433227539,3.438077,0.08648664504289627
near_singular,gated,DLS,300,False,0.8771371841430664,47.750893,1.0334099531173706
near_singular,gated,DLS,300,False,0.895742654800415,20.87855,0.5212327241897583
near_singular,gated,DLS,300,False,0.858752965927124,8.107507,0.0688469260931015
near_singular,gated,DLS,70,True,0.19457793235778809,4.99891,0.0
near_singular,gated,DLS,88,True,0.2547914981842041,4.973374,0.0
near_singular,gated,DLS,1,True,0.004042863845825195,2.7781918,0.138661190867424
near_singular,gated,DLS,300,False,0.8661034107208252,19.766132,3.2374107837677
near_singular,gated,DLS,60,True,0.17603087425231934,4.9972515,0.0
near_singular,gated,DLS,229,True,0.6570885181427002,4.9613595,0.03884866461157799
near_singular,gated,DLS,181,True,0.5450658798217773,4.9682603,0.04435909166932106
near_singular,gated,DLS,25,True,0.06398677825927734,3.986473,0.11622710525989532
near_singular,gated,DLS,12,True,0.03457927703857422,4.4557457,0.06354949623346329
near_singular,gated,DLS,11,True,0.030023813247680664,4.6564837,0.04681621864438057
near_singular,gated,DLS,52,True,0.14415740966796875,4.962403,0.03450164943933487
near_singular,gated,DLS,2,True,0.007374763488769531,2.3723822,0.06850583106279373
near_singular,gated,DLS,77,True,0.2184431552886963,4.932181,0.0
near_singular,gated,DLS,76,True,0.21636724472045898,4.978146,0.048758525401353836
near_singular,gated,DLS,246,True,0.7295994758605957,4.95885,0.051119688898324966
near_singular,gated,DLS,70,True,0.20054244995117188,4.88324,0.3067564070224762
near_singular,gated,DLS,121,True,0.3704524040222168,4.931959,0.07323377579450607
near_singular,gated,DLS,43,True,0.1228179931640625,4.904988,0.0
near_singular,gated,DLS,300,False,0.8605966567993164,28.269272,18.535415649414062
near_singular,gated,DLS,300,False,0.8454842567443848,74.21067,1.2325377464294434
near_singular,gated,DLS,300,False,0.887688398361206,163.68185,0.26227545738220215
near_singular,gated,DLS,4,True,0.014154434204101562,3.8291278,0.051797784864902496
near_singular,gated,DLS,17,True,0.05054473876953125,4.7446303,0.03368455916643143
near_singular,gated,DLS,5,True,0.015960693359375,4.15851,0.22034922242164612
near_singular,gated,DLS,1,True,0.003900289535522461,4.033896,0.13798314332962036
near_singular,gated,DLS,135,True,0.39932894706726074,4.9605474,0.08765147626399994
near_singular,gated,DLS,39,True,0.11391234397888184,4.9703074,0.0399077869951725
near_singular,gated,DLS,40,True,0.11440348625183105,4.936802,0.09482274204492569
near_singular,gated,DLS,300,False,0.8477239608764648,65.56956,15.247980117797852
near_singular,gated,DLS,149,True,0.42663025856018066,4.970177,0.0
near_singular,gated,DLS,4,True,0.012743711471557617,4.6662226,0.2884434163570404
near_singular,gated,DLS,51,True,0.15071582794189453,4.9464197,0.05801966413855553
near_singular,gated,DLS,290,True,0.8714513778686523,4.885416,0.07561245560646057
near_singular,gated,DLS,300,False,0.8670563697814941,11.832686,0.10831422358751297
near_singular,gated,DLS,5,True,0.015653133392333984,4.585522,0.14160242676734924
near_singular,gated,DLS,106,True,0.30971217155456543,4.902837,0.0
near_singular,gated,DLS,300,False,0.8523151874542236,111.80554,4.875205993652344
near_singular,gated,DLS,110,True,0.3177971839904785,4.955343,0.019794724881649017
near_singular,gated,DLS,5,True,0.01540231704711914,3.7374268,0.0
near_singular,gated,DLS,300,False,0.8722453117370605,10.241548,3.803044319152832
near_singular,gated,DLS,89,True,0.27398204803466797,2.5886955,0.04338167980313301
near_singular,gated,DLS,136,True,0.3958475589752197,4.9564214,0.03846626728773117
near_singular,gated,DLS,152,True,0.44658374786376953,4.934765,0.05816973000764847
near_singular,gated,DLS,117,True,0.3280351161956787,4.999642,0.011590893380343914
near_singular,gated,DLS,21,True,0.05992889404296875,4.9365587,0.04288936406373978
near_singular,gated,DLS,3,True,0.00979924201965332,3.3921816,0.0
near_singular,gated,DLS,56,True,0.16279911994934082,4.929766,0.007987295277416706
near_singular,gated,DLS,6,True,0.023864269256591797,4.7945566,0.11036888509988785
near_singular,gated,DLS,162,True,0.4582960605621338,4.9417367,0.0
near_singular,gated,DLS,300,False,0.8813204765319824,5.2514153,0.50350421667099
near_singular,gated,DLS,300,False,0.8557846546173096,178.37732,0.5581192374229431
near_singular,gated,DLS,44,True,0.13024330139160156,4.9211493,0.0
near_singular,gated,DLS,300,False,0.8502159118652344,20.320808,0.08100748807191849
near_singular,gated,DLS,111,True,0.32300257682800293,4.9659524,0.057303015142679214
near_singular,gated,DLS,8,True,0.025275230407714844,4.797633,0.024534670636057854
near_singular,gated,DLS,300,False,0.8744673728942871,143.48878,0.834119975566864
near_singular,gated,DLS,49,True,0.14119291305541992,4.9460907,0.019032100215554237
near_singular,gated,DLS,300,False,0.8794240951538086,25.816431,0.09399988502264023
near_singular,gated,DLS,300,False,0.8507320880889893,32.234875,0.22268453240394592
near_singular,gated,DLS,159,True,0.43561768531799316,4.9550633,0.052794620394706726
near_singular,gated,DLS,2,True,0.006586313247680664,4.2474093,0.15116678178310394
near_singular,gated,DLS,300,False,0.8706746101379395,172.89813,0.3915487825870514
near_singular,gated,DLS,62,True,0.17411208152770996,4.9051642,0.052005965262651443
near_singular,gated,DLS,300,False,0.8995378017425537,126.75278,0.3828732967376709
near_singular,gated,DLS,86,True,0.23856210708618164,4.9949474,0.08605808019638062
near_singular,gated,DLS,65,True,0.18803071975708008,4.953667,0.025820862501859665
near_singular,gated,DLS,143,True,0.4314885139465332,4.9952607,0.036080386489629745
near_singular,gated,DLS,17,True,0.06028151512145996,4.77736,0.19178253412246704
near_singular,gated,DLS,300,False,0.8309745788574219,9.341912,0.32728543877601624
near_singular,gated,DLS,300,False,0.8573126792907715,58.09773,0.4642551839351654
near_singular,gated,DLS,17,True,0.05773639678955078,4.884092,0.0
near_singular,gated,DLS,300,False,0.8536865711212158,37.45008,7.312215805053711
near_singular,gated,DLS,2,True,0.008060216903686523,4.067353,0.009835178032517433
near_singular,gated,DLS,300,False,0.8421900272369385,45.25516,4.8339643478393555
near_singular,gated,DLS,37,True,0.10711526870727539,3.3964875,0.05805107578635216
near_singular,gated,DLS,300,False,0.8730952739715576,176.261,1.047768473625183
near_singular,gated,DLS,25,True,0.07574272155761719,4.987391,0.08115915209054947
near_singular,gated,DLS,3,True,0.012645959854125977,3.3893642,0.07823793590068817
near_singular,gated,DLS,58,True,0.17056035995483398,2.7502246,0.07162044942378998
near_singular,gated,DLS,300,False,0.8482658863067627,37.982094,1.9663360118865967
near_singular,gated,DLS,43,True,0.12664031982421875,4.991425,0.0
near_singular,gated,DLS,6,True,0.01788330078125,4.7151003,0.11253277957439423
near_singular,gated,DLS,20,True,0.06227922439575195,4.458362,0.07122507691383362
near_singular,gated,DLS,85,True,0.24456143379211426,4.9350643,0.0
near_singular,gated,DLS,17,True,0.06817388534545898,4.905921,1.3183554410934448
near_singular,gated,DLS,50,True,0.14241361618041992,4.9270453,0.04114856570959091
near_singular,gated,DLS,59,True,0.16846299171447754,4.938126,0.06357676535844803
near_singular,gated,DLS,0,True,0.001371145248413086,4.73756,1.4515231847763062
near_singular,gated,DLS,88,True,0.26108622550964355,4.9957213,0.12105192989110947
near_singular,gated,DLS,44,True,0.12688446044921875,4.8761597,0.025526350364089012
near_singular,gated,DLS,178,True,0.5167117118835449,4.9810266,0.0
near_singular,gated,DLS,3,True,0.010098457336425781,4.234861,0.06903070211410522
near_singular,gated,DLS,2,True,0.006563663482666016,2.3581154,0.07437486201524734
near_singular,gated,DLS,48,True,0.13818097114562988,4.914597,0.0
near_singular,gated,DLS,8,True,0.02348041534423828,4.473198,0.037254802882671356
near_singular,gated,DLS,193,True,0.5538647174835205,4.9835577,0.09973348677158356
near_singular,gated,DLS,300,False,0.8685493469238281,28.22786,2.007011651992798
near_singular,gated,DLS,11,True,0.03260684013366699,4.911178,0.0
near_singular,gated,DLS,300,False,0.8892147541046143,596.3216,2.2978336811065674
near_singular,gated,DLS,300,False,0.8703899383544922,10.238136,0.07781090587377548
near_singular,gated,DLS,2,True,0.010266304016113281,2.7747362,0.03859724476933479
near_singular,gated,DLS,39,True,0.11330342292785645,4.9781203,0.03979009389877319
near_singular,gated,DLS,40,True,0.11332273483276367,4.989688,0.0
near_singular,gated,DLS,0,True,0.0014197826385498047,1.9989482,0.905156135559082
near_singular,gated,DLS,300,False,0.8631906509399414,5.1020713,0.1208169013261795
near_singular,gated,DLS,214,True,0.618152379989624,4.817172,0.30596256256103516
near_singular,gated,DLS,42,True,0.11089491844177246,4.3283014,0.0
near_singular,gated,DLS,163,True,0.47221851348876953,4.9881897,0.0
near_singular,gated,DLS,45,True,0.12735414505004883,4.952926,0.05953795462846756
near_singular,gated,DLS,51,True,0.14856338500976562,4.9034796,0.04436257854104042
near_singular,gated,DLS,40,True,0.11193680763244629,4.9112387,0.0
near_singular,gated,DLS,300,False,0.8546328544616699,97.225136,1.714232087135315
near_singular,gated,DLS,3,True,0.009460687637329102,3.5483177,0.0
near_singular,gated,DLS,27,True,0.07681822776794434,4.5756054,0.037781305611133575
near_singular,gated,DLS,241,True,0.6861724853515625,4.9957385,0.01766664907336235
near_singular,gated,DLS,195,True,0.5502629280090332,4.913358,0.0
near_singular,gated,DLS,300,False,0.8541698455810547,11.06729,0.04471941664814949
near_singular,gated,DLS,55,True,0.15760064125061035,4.962323,0.14258472621440887
near_singular,gated,DLS,5,True,0.015216827392578125,4.5266857,0.046556953340768814
near_singular,gated,DLS,1,True,0.004470348358154297,4.9045343,0.768620491027832
near_singular,gated,DLS,58,True,0.16901922225952148,4.921413,0.03012119233608246
near_singular,gated,DLS,300,False,0.9183378219604492,178.43858,1.8691304922103882
near_singular,gated,DLS,50,True,0.1429274082183838,4.93172,0.0400959812104702
near_singular,gated,DLS,111,True,0.3187825679779053,4.852434,0.07738882303237915
near_singular,gated,DLS,4,True,0.012308597564697266,2.4295828,0.058010973036289215
near_singular,gated,DLS,130,True,0.3675827980041504,4.969894,0.0
near_singular,gated,DLS,4,True,0.012335538864135742,4.6909904,0.1043284460902214
near_singular,gated,DLS,300,False,0.8776905536651611,237.90271,0.3942611813545227
near_singular,gated,DLS,0,True,0.0018067359924316406,4.5943727,1.5022848844528198
near_singular,gated,DLS,10,True,0.03300189971923828,4.871667,0.0
near_singular,gated,DLS,14,True,0.03931593894958496,4.7684073,0.0
near_singular,gated,DLS,123,True,0.3644089698791504,4.965414,0.0
near_singular,gated,DLS,300,False,0.8521554470062256,7.6589394,0.059128742665052414
near_singular,gated,DLS,33,True,0.09351253509521484,4.5834274,0.049874648451805115
near_singular,gated,DLS,146,True,0.4127485752105713,4.9110303,0.09061472862958908
near_singular,gated,DLS,107,True,0.3025360107421875,3.901878,0.0
near_singular,gated,DLS,300,False,0.8441958427429199,5.940977,0.0753389522433281
near_singular,gated,DLS,300,False,0.8459281921386719,310.09998,157.69287109375
near_singular,gated,DLS,6,True,0.01795816421508789,4.4967237,0.05785699561238289
near_singular,gated,DLS,300,False,0.8761425018310547,15.097886,0.07168841361999512
near_singular,gated,DLS,300,False,0.8900120258331299,137.26047,1.5661165714263916
near_singular,gated,DLS,71,True,0.20258188247680664,4.995148,0.04616132751107216
near_singular,gated,DLS,4,True,0.01193380355834961,4.675732,0.04044176638126373
near_singular,gated,DLS,10,True,0.029149293899536133,4.321491,0.07051094621419907
near_singular,gated,DLS,63,True,0.17439007759094238,4.9493284,0.01065639965236187
near_singular,gated,DLS,300,False,0.8905882835388184,9.523328,0.05176815390586853
near_singular,gated,DLS,68,True,0.20304322242736816,4.045118,0.04274481534957886
near_singular,gated,DLS,300,False,0.8579609394073486,8.021224,0.0
near_singular,gated,DLS,300,False,0.8600401878356934,182.64778,0.8035743236541748
near_singular,gated,DLS,5,True,0.015086889266967773,4.965901,0.0453280471265316
near_singular,gated,DLS,300,False,0.8684582710266113,18.323614,0.13775263726711273
near_singular,gated,DLS,134,True,0.37464475631713867,4.8970423,0.0
near_singular,gated,DLS,246,True,0.7012765407562256,4.935598,0.03083581104874611
near_singular,gated,DLS,7,True,0.020524263381958008,4.6228867,0.0
near_singular,gated,DLS,300,False,0.8286209106445312,85.404106,3.424715280532837
near_singular,gated,DLS,300,False,0.853173017501831,72.149666,0.9361511468887329
near_singular,gated,DLS,35,True,0.11798334121704102,4.8698926,0.21281445026397705
near_singular,gated,DLS,300,False,0.9296474456787109,22.54166,0.04172896593809128
near_singular,gated,DLS,4,True,0.013094663619995117,4.1038938,0.2780103087425232
near_singular,gated,DLS,300,False,0.8751451969146729,26.189102,1.1885000467300415
near_singular,gated,DLS,178,True,0.509706974029541,4.969692,0.033927518874406815
near_singular,gated,DLS,11,True,0.0324704647064209,4.1967964,0.0
near_singular,gated,DLS,62,True,0.17702913284301758,4.9246945,0.16169488430023193
near_singular,gated,DLS,300,False,0.8471016883850098,176.19186,32.882469177246094
near_singular,gated,DLS,300,False,0.856273889541626,114.71248,0.22992469370365143
near_singular,gated,DLS,300,False,0.852330207824707,14.714034,0.5812408924102783
near_singular,gated,DLS,45,True,0.12659645080566406,4.9353848,0.06210625171661377
near_singular,gated,DLS,87,True,0.24672317504882812,4.5348954,0.07214092463254929
near_singular,gated,DLS,3,True,0.00994729995727539,3.5310948,0.0
near_singular,gated,DLS,36,True,0.10253429412841797,4.9023066,0.01810327172279358
near_singular,gated,DLS,2,True,0.006723642349243164,4.835499,0.07717303186655045
near_singular,gated,DLS,211,True,0.596935510635376,4.9714994,0.027097374200820923
near_singular,gated,DLS,240,True,0.6807458400726318,4.98697,0.08423976600170135
near_singular,gated,DLS,2,True,0.007527589797973633,4.1398525,0.0773610919713974
near_singular,gated,DLS,40,True,0.11380624771118164,4.946269,0.05017443001270294
near_singular,gated,DLS,300,False,0.8582923412322998,20.584555,0.5462854504585266
near_singular,gated,DLS,281,True,0.8281774520874023,4.7110286,0.0494389608502388
near_singular,gated,DLS,30,True,0.08960580825805664,4.985803,0.029166623950004578
near_singular,gated,DLS,135,True,0.3874504566192627,3.6544552,0.06136505678296089
near_singular,gated,DLS,300,False,0.875119686126709,43.53086,0.23645155131816864
near_singular,gated,DLS,90,True,0.25093889236450195,3.9948215,0.023903056979179382
near_singular,gated,DLS,147,True,0.4213430881500244,4.9620442,0.0
near_singular,gated,DLS,6,True,0.01825261116027832,4.990965,0.0
near_singular,gated,DLS,300,False,0.8548064231872559,18.1362,0.0
near_singular,gated,DLS,300,False,0.8468396663665771,36.928883,0.09167294949293137
near_singular,gated,DLS,120,True,0.34607505798339844,4.892995,0.0
near_singular,gated,DLS,129,True,0.3723735809326172,4.977795,0.0
near_singular,gated,DLS,148,True,0.49748897552490234,4.9850955,0.0
near_singular,gated,DLS,116,True,0.3318910598754883,4.9877896,0.18212641775608063
near_singular,gated,DLS,170,True,0.48790621757507324,4.961158,0.04381738230586052
near_singular,gated,DLS,32,True,0.09740257263183594,4.927527,0.024940408766269684
near_singular,gated,DLS,15,True,0.05920720100402832,4.948762,0.07244682312011719
near_singular,gated,DLS,42,True,0.1305379867553711,4.974525,0.09094885736703873
near_singular,gated,DLS,259,True,0.7873942852020264,4.986662,0.04222654178738594
near_singular,gated,DLS,110,True,0.3231468200683594,4.997521,0.09904765337705612
near_singular,gated,DLS,80,True,0.23444771766662598,4.9349947,0.031116241589188576
near_singular,gated,DLS,40,True,0.1319875717163086,4.943954,0.033040329813957214
near_singular,gated,DLS,6,True,0.02048349380493164,4.512567,0.07263539731502533
near_singular,gated,DLS,5,True,0.014124870300292969,4.7024145,0.06201235204935074
near_singular,gated,DLS,63,True,0.185577392578125,4.928954,0.05297308787703514
near_singular,gated,DLS,300,False,0.8602230548858643,66.51902,0.49203404784202576
near_singular,gated,DLS,42,True,0.12427520751953125,4.9427137,0.0841437578201294
near_singular,gated,DLS,1,True,0.003952741622924805,2.744955,0.08468984812498093
near_singular,gated,DLS,72,True,0.22099924087524414,4.9645824,0.0
near_singular,gated,DLS,2,True,0.0065326690673828125,4.867536,0.07748644798994064
near_singular,gated,DLS,300,False,0.8596529960632324,11.186127,0.03978778049349785
near_singular,gated,DLS,300,False,0.8568365573883057,9.380558,0.020663203671574593
near_singular,gated,DLS,300,False,0.8694813251495361,37.384277,0.1528722196817398
near_singular,gated,DLS,13,True,0.03916740417480469,4.554809,0.08169190585613251
near_singular,gated,DLS,92,True,0.2633991241455078,4.87563,1.8547922372817993
near_singular,gated,DLS,193,True,0.5542490482330322,4.969125,0.05883411318063736
near_singular,gated,DLS,51,True,0.1438446044921875,4.805407,0.02384939044713974
near_singular,gated,DLS,4,True,0.0124053955078125,4.130684,0.035578787326812744
near_singular,gated,DLS,300,False,0.8563709259033203,12.770741,0.018990300595760345
near_singular,gated,DLS,0,True,0.002111673355102539,3.7692542,0.9918684959411621
near_singular,gated,DLS,300,False,0.8788654804229736,5.081798,0.03490699082612991
near_singular,gated,DLS,142,True,0.42298078536987305,4.9824114,0.0
near_singular,gated,DLS,300,False,0.862614631652832,16.633749,0.16527818143367767
near_singular,gated,DLS,4,True,0.01211404800415039,3.81742,0.0642075315117836
near_singular,gated,DLS,36,True,0.10172295570373535,4.99002,0.043130695819854736
near_singular,gated,DLS,300,False,0.9115064144134521,5.8131595,0.0
near_singular,gated,DLS,6,True,0.01770496368408203,4.1360383,0.03306315466761589
near_singular,gated,DLS,9,True,0.02967691421508789,3.9657276,0.060910895466804504
near_singular,gated,DLS,300,False,0.859722375869751,26.303802,2.6666688919067383
near_singular,gated,DLS,70,True,0.2304384708404541,4.9485188,0.247273251414299
near_singular,gated,DLS,46,True,0.13053464889526367,4.9984612,0.06195094808936119
near_singular,gated,DLS,43,True,0.1249551773071289,4.875352,0.07613737881183624
near_singular,gated,DLS,67,True,0.19051337242126465,4.8340435,0.4542774558067322
near_singular,gated,DLS,300,False,0.8739011287689209,180.90338,1.0461615324020386
near_singular,gated,DLS,41,True,0.11845231056213379,4.9443674,0.04351276531815529
near_singular,gated,DLS,174,True,0.4928927421569824,4.965563,0.055478744208812714
near_singular,gated,DLS,6,True,0.01774454116821289,3.3948627,0.2510606646537781
near_singular,gated,DLS,300,False,0.8547935485839844,9.314583,0.06606505066156387
near_singular,gated,DLS,22,True,0.06118130683898926,4.9708147,0.05032157152891159
near_singular,gated,DLS,51,True,0.15061736106872559,4.955689,0.0
near_singular,gated,DLS,80,True,0.22840523719787598,4.708241,0.0
near_singular,gated,DLS,10,True,0.03441333770751953,4.938906,0.0
near_singular,gated,DLS,4,True,0.013693809509277344,2.0030227,0.05181858316063881
near_singular,gated,DLS,300,False,0.8763902187347412,184.51297,0.982818603515625
near_singular,gated,DLS,44,True,0.129378080368042,4.9684014,0.012589685618877411
near_singular,gated,DLS,8,True,0.02319025993347168,4.9470067,0.0
near_singular,gated,DLS,300,False,0.8903014659881592,5.474898,0.0
near_singular,gated,DLS,300,False,0.8517417907714844,14.4890995,0.8895963430404663
near_singular,gated,DLS,37,True,0.10460186004638672,4.428901,0.07208717614412308
near_singular,gated,DLS,42,True,0.11799812316894531,4.9763684,0.04131956771016121
near_singular,gated,DLS,6,True,0.01813220977783203,3.839401,0.0
near_singular,gated,DLS,95,True,0.2729074954986572,4.9735165,0.03586065396666527
near_singular,gated,DLS,249,True,0.7180032730102539,4.9942493,0.0
near_singular,gated,DLS,300,False,0.8534336090087891,12.004615,0.22354672849178314
near_singular,gated,DLS,196,True,0.6168460845947266,4.8629117,0.100809745490551
near_singular,gated,CCD,8,True,0.09956240653991699,2.7332425,141.04531860351562
near_singular,gated,CCD,1,True,0.013786554336547852,1.9717764,25.85033416748047
near_singular,gated,CCD,300,False,3.615504264831543,24.46072,91.16753387451172
near_singular,gated,CCD,1,True,0.013580560684204102,3.6542253,30.514965057373047
near_singular,gated,CCD,5,True,0.07049393653869629,3.3490865,54.295719146728516
near_singular,gated,CCD,16,True,0.18942499160766602,4.86558,48.60029220581055
near_singular,gated,CCD,3,True,0.03710007667541504,4.887681,30.820356369018555
near_singular,gated,CCD,2,True,0.024367332458496094,3.0608792,44.9556884765625
near_singular,gated,CCD,9,True,0.1083364486694336,4.072458,27.737552642822266
near_singular,gated,CCD,300,False,3.5829803943634033,25.92769,147.05857849121094
near_singular,gated,CCD,2,True,0.02456808090209961,0.5284967,19.35293960571289
near_singular,gated,CCD,1,True,0.013306856155395508,0.62778246,16.391653060913086
near_singular,gated,CCD,3,True,0.03643608093261719,2.4584126,69.87151336669922
near_singular,gated,CCD,7,True,0.08391976356506348,2.4374647,98.75018310546875
near_singular,gated,CCD,2,True,0.024465560913085938,2.2359982,33.35041427612305
near_singular,gated,CCD,2,True,0.025374412536621094,3.1970928,14.524898529052734
near_singular,gated,CCD,2,True,0.02422618865966797,3.5731,35.713077545166016
near_singular,gated,CCD,1,True,0.013325691223144531,0.53639615,22.27495765686035
near_singular,gated,CCD,1,True,0.012905359268188477,1.9889791,19.225643157958984
near_singular,gated,CCD,2,True,0.024662494659423828,1.8336554,28.804426193237305
near_singular,gated,CCD,3,True,0.03742694854736328,2.562484,20.112356185913086
near_singular,gated,CCD,7,True,0.08220839500427246,4.7695932,97.12818908691406
near_singular,gated,CCD,2,True,0.02530193328857422,3.6173246,33.43877410888672
near_singular,gated,CCD,24,True,0.30408143997192383,4.995941,78.21680450439453
near_singular,gated,CCD,1,True,0.01292276382446289,0.320575,19.288578033447266
near_singular,gated,CCD,1,True,0.012959718704223633,0.73170596,17.637910842895508
near_singular,gated,CCD,4,True,0.05038022994995117,4.889689,79.42577362060547
near_singular,gated,CCD,9,True,0.10600018501281738,4.7982807,75.9307632446289
near_singular,gated,CCD,6,True,0.07254838943481445,1.8772614,42.519325256347656
near_singular,gated,CCD,18,True,0.21147584915161133,4.669144,69.63597869873047
near_singular,gated,CCD,2,True,0.02458643913269043,1.7709293,18.514923095703125
near_singular,gated,CCD,10,True,0.11811304092407227,4.821175,49.088584899902344
near_singular,gated,CCD,31,True,0.3775813579559326,4.906963,49.954139709472656
near_singular,gated,CCD,1,True,0.012290239334106445,4.998863,23.099817276000977
near_singular,gated,CCD,8,True,0.09645891189575195,4.392554,11.977457046508789
near_singular,gated,CCD,2,True,0.025842905044555664,1.3585474,21.685592651367188
near_singular,gated,CCD,9,True,0.10615205764770508,4.8452644,30.527286529541016
near_singular,gated,CCD,2,True,0.024341821670532227,3.7406776,34.304100036621094
near_singular,gated,CCD,1,True,0.012428760528564453,1.1028626,20.626522064208984
near_singular,gated,CCD,2,True,0.024634838104248047,4.001382,18.040552139282227
near_singular,gated,CCD,5,True,0.05952882766723633,3.1361454,96.87054443359375
near_singular,gated,CCD,8,True,0.0966942310333252,4.250275,47.01266860961914
near_singular,gated,CCD,4,True,0.04878568649291992,3.8933334,45.35261154174805
near_singular,gated,CCD,5,True,0.0600740909576416,4.4544926,81.96373748779297
near_singular,gated,CCD,300,False,3.6105103492736816,8.777987,81.98835754394531
near_singular,gated,CCD,3,True,0.03574419021606445,2.435735,70.57615661621094
near_singular,gated,CCD,7,True,0.08476638793945312,4.343251,75.22339630126953
near_singular,gated,CCD,4,True,0.047646522521972656,2.6061182,60.01073455810547
near_singular,gated,CCD,1,True,0.013488531112670898,3.5815632,18.928720474243164
near_singular,gated,CCD,5,True,0.05796337127685547,3.8888042,72.85482025146484
near_singular,gated,CCD,1,True,0.0164639949798584,1.7924,22.600902557373047
near_singular,gated,CCD,2,True,0.024399757385253906,1.863545,33.15884017944336
near_singular,gated,CCD,1,True,0.013590812683105469,3.9951317,15.279108047485352
near_singular,gated,CCD,3,True,0.03699183464050293,1.4197606,31.997966766357422
near_singular,gated,CCD,8,True,0.09511780738830566,4.942384,33.585594177246094
near_singular,gated,CCD,7,True,0.08493995666503906,3.402627,37.203617095947266
near_singular,gated,CCD,2,True,0.02383112907409668,3.2177389,43.13550567626953
near_singular,gated,CCD,1,True,0.013451099395751953,1.1246659,26.1787052154541
near_singular,gated,CCD,1,True,0.015593528747558594,3.2122638,24.750165939331055
near_singular,gated,CCD,3,True,0.03686022758483887,4.5489097,29.090377807617188
near_singular,gated,CCD,3,True,0.039897918701171875,1.7819324,21.41751480102539
near_singular,gated,CCD,2,True,0.02532339096069336,3.4072275,25.472440719604492
near_singular,gated,CCD,3,True,0.04047083854675293,1.0408465,19.129024505615234
near_singular,gated,CCD,1,True,0.012243509292602539,4.787666,21.19794464111328
near_singular,gated,CCD,5,True,0.06230306625366211,3.221458,65.3699722290039
near_singular,gated,CCD,10,True,0.12243008613586426,4.086831,33.75831985473633
near_singular,gated,CCD,5,True,0.06077742576599121,3.9895117,21.30181884765625
near_singular,gated,CCD,3,True,0.03557157516479492,4.9574337,39.760379791259766
near_singular,gated,CCD,3,True,0.035662174224853516,1.9124932,55.88751220703125
near_singular,gated,CCD,4,True,0.04711413383483887,3.5550563,64.92059326171875
near_singular,gated,CCD,6,True,0.07279205322265625,1.9894792,96.4725112915039
near_singular,gated,CCD,1,True,0.012630939483642578,1.2449179,14.739084243774414
near_singular,gated,CCD,7,True,0.0825188159942627,4.308232,29.712495803833008
near_singular,gated,CCD,4,True,0.053717851638793945,2.8233612,23.032495498657227
near_singular,gated,CCD,1,True,0.013156652450561523,1.2197802,18.647432327270508
near_singular,gated,CCD,3,True,0.03827643394470215,0.8993136,83.15162658691406
near_singular,gated,CCD,3,True,0.035871028900146484,2.474389,39.9215202331543
near_singular,gated,CCD,1,True,0.012908935546875,2.8199174,30.548044204711914
near_singular,gated,CCD,8,True,0.09594368934631348,4.172351,88.01102447509766
near_singular,gated,CCD,2,True,0.025896310806274414,2.0619116,23.235111236572266
near_singular,gated,CCD,2,True,0.024718284606933594,1.8814124,38.02732849121094
near_singular,gated,CCD,1,True,0.013831615447998047,3.8631773,15.520710945129395
near_singular,gated,CCD,3,True,0.03906607627868652,3.2000415,26.74716567993164
near_singular,gated,CCD,2,True,0.02434539794921875,4.7092967,34.93464279174805
near_singular,gated,CCD,1,True,0.013269662857055664,3.3758852,19.20848274230957
near_singular,gated,CCD,6,True,0.07633852958679199,3.9398518,14.597134590148926
near_singular,gated,CCD,22,True,0.2643756866455078,4.8971763,23.569950103759766
near_singular,gated,CCD,8,True,0.09476304054260254,4.712874,85.56932830810547
near_singular,gated,CCD,4,True,0.04870462417602539,3.3453536,23.811031341552734
near_singular,gated,CCD,300,False,3.592556953430176,7.3953476,121.61577606201172
near_singular,gated,CCD,4,True,0.05647587776184082,4.7076473,95.48616027832031
near_singular,gated,CCD,4,True,0.04903721809387207,1.092174,68.54306030273438
near_singular,gated,CCD,3,True,0.03591489791870117,4.9329267,39.701045989990234
near_singular,gated,CCD,1,True,0.01325368881225586,1.2902497,32.11777114868164
near_singular,gated,CCD,1,True,0.012708425521850586,4.2213144,20.272743225097656
near_singular,gated,CCD,1,True,0.012961626052856445,1.1906189,16.729530334472656
near_singular,gated,CCD,6,True,0.07300090789794922,3.6433568,29.7888240814209
near_singular,gated,CCD,2,True,0.025120973587036133,0.34448603,5.1219072341918945
near_singular,gated,CCD,7,True,0.08452844619750977,4.2965765,91.5799331665039
near_singular,gated,CCD,8,True,0.09564208984375,4.1956763,66.0916519165039
near_singular,gated,CCD,6,True,0.0707235336303711,3.8902705,100.79574584960938
near_singular,gated,CCD,42,True,0.5159025192260742,4.954138,8.021099090576172
near_singular,gated,CCD,11,True,0.14087891578674316,4.8247743,70.81874084472656
near_singular,gated,CCD,3,True,0.03608083724975586,1.2237118,70.56427001953125
near_singular,gated,CCD,1,True,0.013000965118408203,2.3253372,6.204716682434082
near_singular,gated,CCD,5,True,0.06074953079223633,2.210123,70.92432403564453
near_singular,gated,CCD,1,True,0.013422489166259766,0.48550242,19.703222274780273
near_singular,gated,CCD,4,True,0.048319339752197266,4.4437947,38.04194259643555
near_singular,gated,CCD,3,True,0.03563213348388672,2.8135138,63.29606246948242
near_singular,gated,CCD,1,True,0.01322484016418457,2.171413,4.796071529388428
near_singular,gated,CCD,1,True,0.013208389282226562,3.491115,18.052730560302734
near_singular,gated,CCD,6,True,0.0696406364440918,2.9706817,102.01216888427734
near_singular,gated,CCD,21,True,0.2509768009185791,4.8984156,104.23468780517578
near_singular,gated,CCD,4,True,0.04716086387634277,0.33814773,75.852783203125
near_singular,gated,CCD,1,True,0.013578653335571289,4.4645033,15.521163940429688
near_singular,gated,CCD,4,True,0.04871797561645508,2.6686404,56.906497955322266
near_singular,gated,CCD,1,True,0.013589859008789062,3.5997462,22.804872512817383
near_singular,gated,CCD,2,True,0.026349306106567383,2.7231183,53.637630462646484
near_singular,gated,CCD,1,True,0.013298749923706055,0.25497064,16.02290916442871
near_singular,gated,CCD,4,True,0.049854278564453125,2.664741,110.97801971435547
near_singular,gated,CCD,2,True,0.024376392364501953,1.7276348,11.030863761901855
near_singular,gated,CCD,3,True,0.03605389595031738,3.9729323,30.791887283325195
near_singular,gated,CCD,1,True,0.013117790222167969,2.3682742,16.484516143798828
near_singular,gated,CCD,93,True,1.1242997646331787,4.9984174,133.43577575683594
near_singular,gated,CCD,6,True,0.07462000846862793,2.8973618,39.841697692871094
near_singular,gated,CCD,6,True,0.07388186454772949,4.6185355,136.37278747558594
near_singular,gated,CCD,2,True,0.025363683700561523,1.9947774,43.06940841674805
near_singular,gated,CCD,1,True,0.013196945190429688,4.655305,17.283367156982422
near_singular,gated,CCD,4,True,0.047724246978759766,1.3145493,57.375511169433594
near_singular,gated,CCD,4,True,0.0475306510925293,3.0883071,73.73777770996094
near_singular,gated,CCD,1,True,0.012985467910766602,1.4263661,18.84012222290039
near_singular,gated,CCD,4,True,0.04794955253601074,2.7058885,52.486045837402344
near_singular,gated,CCD,2,True,0.02510523796081543,2.7425945,16.92980194091797
near_singular,gated,CCD,5,True,0.059201717376708984,4.256283,49.150779724121094
near_singular,gated,CCD,3,True,0.036147117614746094,4.254776,45.35699462890625
near_singular,gated,CCD,3,True,0.037343502044677734,3.627638,67.70797729492188
near_singular,gated,CCD,2,True,0.024813413619995117,2.1128573,4.184202194213867
near_singular,gated,CCD,0,True,0.0014262199401855469,4.73756,1.4515231847763062
near_singular,gated,CCD,6,True,0.07420992851257324,4.651762,38.91119384765625
near_singular,gated,CCD,2,True,0.025244712829589844,3.4571147,25.30101203918457
near_singular,gated,CCD,6,True,0.07088494300842285,4.0303907,50.47398376464844
near_singular,gated,CCD,6,True,0.0723562240600586,4.4382777,38.508480072021484
near_singular,gated,CCD,3,True,0.03808712959289551,4.1108027,13.276251792907715
near_singular,gated,CCD,1,True,0.01373744010925293,3.201772,144.37228393554688
near_singular,gated,CCD,2,True,0.024428844451904297,2.1131606,33.36656951904297
near_singular,gated,CCD,4,True,0.04951953887939453,3.1897357,59.86268997192383
near_singular,gated,CCD,6,True,0.07484579086303711,4.9560056,43.879722595214844
near_singular,gated,CCD,2,True,0.02704024314880371,2.6444688,29.075437545776367
near_singular,gated,CCD,4,True,0.04758000373840332,4.0486712,19.443603515625
near_singular,gated,CCD,9,True,0.10923361778259277,4.78967,26.19205093383789
near_singular,gated,CCD,1,True,0.013398408889770508,1.0224303,17.433244705200195
near_singular,gated,CCD,1,True,0.01252603530883789,1.1847047,23.12628936767578
near_singular,gated,CCD,2,True,0.02514338493347168,0.8184085,16.57921028137207
near_singular,gated,CCD,0,True,0.0014843940734863281,1.9989482,0.905156135559082
near_singular,gated,CCD,7,True,0.08366894721984863,3.0268242,135.7486572265625
near_singular,gated,CCD,3,True,0.03680682182312012,0.73395556,44.58655548095703
near_singular,gated,CCD,1,True,0.013230562210083008,2.2480893,26.7867374420166
near_singular,gated,CCD,1,True,0.017937660217285156,0.5083732,25.161283493041992
near_singular,gated,CCD,1,True,0.012967109680175781,0.74148804,20.478872299194336
near_singular,gated,CCD,1,True,0.013123273849487305,0.9124065,22.68114471435547
near_singular,gated,CCD,5,True,0.05814337730407715,4.3971076,46.987491607666016
near_singular,gated,CCD,3,True,0.03618669509887695,0.8205564,57.25309753417969
near_singular,gated,CCD,2,True,0.025379180908203125,2.153346,7.342160224914551
near_singular,gated,CCD,2,True,0.024183273315429688,2.5226908,37.64236068725586
near_singular,gated,CCD,7,True,0.0822594165802002,4.3533916,32.67568588256836
near_singular,gated,CCD,4,True,0.05018758773803711,2.3547869,41.36630630493164
near_singular,gated,CCD,6,True,0.07382798194885254,3.620308,54.15738296508789
near_singular,gated,CCD,8,True,0.09747910499572754,4.951929,28.727691650390625
near_singular,gated,CCD,2,True,0.02546072006225586,0.9378667,14.394773483276367
near_singular,gated,CCD,1,True,0.012897491455078125,1.946633,16.99748992919922
near_singular,gated,CCD,2,True,0.025872230529785156,3.5916693,39.82846450805664
near_singular,gated,CCD,7,True,0.09243488311767578,4.6317115,97.33948516845703
near_singular,gated,CCD,1,True,0.014282941818237305,2.9820085,24.23940658569336
near_singular,gated,CCD,5,True,0.05870652198791504,1.8575821,76.05823516845703
near_singular,gated,CCD,8,True,0.0934443473815918,4.853633,72.67384338378906
near_singular,gated,CCD,5,True,0.06157636642456055,3.9209216,73.96014404296875
near_singular,gated,CCD,2,True,0.025493621826171875,1.6249752,9.329851150512695
near_singular,gated,CCD,8,True,0.09547924995422363,2.4509883,153.06869506835938
near_singular,gated,CCD,0,True,0.0013499259948730469,4.5943727,1.5022848844528198
near_singular,gated,CCD,1,True,0.013609886169433594,0.920725,22.934404373168945
near_singular,gated,CCD,1,True,0.012957572937011719,0.7105709,19.537696838378906
near_singular,gated,CCD,4,True,0.04762768745422363,3.0919995,50.778934478759766
near_singular,gated,CCD,1,True,0.012720584869384766,2.599228,24.626853942871094
near_singular,gated,CCD,4,True,0.04701590538024902,1.7186283,43.673885345458984
near_singular,gated,CCD,5,True,0.07868409156799316,2.358675,61.17604064941406
near_singular,gated,CCD,300,False,3.605555534362793,23.08613,112.28181457519531
near_singular,gated,CCD,2,True,0.02436971664428711,1.4567113,26.450035095214844
near_singular,gated,CCD,74,True,0.8720517158508301,4.9507904,85.68079376220703
near_singular,gated,CCD,1,True,0.016519784927368164,4.925019,18.863855361938477
near_singular,gated,CCD,6,True,0.07093334197998047,4.816084,72.71736907958984
near_singular,gated,CCD,6,True,0.07196688652038574,4.6163664,65.43817138671875
near_singular,gated,CCD,1,True,0.017069339752197266,0.756034,6.655639171600342
near_singular,gated,CCD,1,True,0.027429580688476562,1.8128715,17.62648582458496
near_singular,gated,CCD,1,True,0.023576021194458008,1.3318828,19.064645767211914
near_singular,gated,CCD,2,True,0.03098917007446289,3.352893,61.37010192871094
near_singular,gated,CCD,6,True,0.07378602027893066,4.188376,43.123294830322266
near_singular,gated,CCD,2,True,0.024039268493652344,3.4926085,24.9722843170166
near_singular,gated,CCD,7,True,0.08548736572265625,4.503085,44.481666564941406
near_singular,gated,CCD,300,False,3.5854763984680176,5.1335745,170.2151336669922
near_singular,gated,CCD,1,True,0.013604402542114258,2.5819323,2.786360740661621
near_singular,gated,CCD,3,True,0.040187835693359375,3.894443,35.88500213623047
near_singular,gated,CCD,3,True,0.03623199462890625,0.44367924,56.05473709106445
near_singular,gated,CCD,5,True,0.058155059814453125,3.3491685,43.91084671020508
near_singular,gated,CCD,5,True,0.07578182220458984,3.7949865,26.372207641601562
near_singular,gated,CCD,300,False,3.642169237136841,78.626785,25.57439613342285
near_singular,gated,CCD,3,True,0.03754138946533203,3.0406513,35.985450744628906
near_singular,gated,CCD,65,True,0.7735965251922607,4.9733825,39.95344924926758
near_singular,gated,CCD,5,True,0.06286954879760742,2.957254,45.38949203491211
near_singular,gated,CCD,5,True,0.0804755687713623,4.2990804,52.53593826293945
near_singular,gated,CCD,4,True,0.053125619888305664,2.496024,115.01527404785156
near_singular,gated,CCD,1,True,0.012725591659545898,1.3083192,22.62679100036621
near_singular,gated,CCD,2,True,0.02805924415588379,4.895126,47.04323196411133
near_singular,gated,CCD,2,True,0.026980876922607422,4.4607153,13.966899871826172
near_singular,gated,CCD,2,True,0.02832937240600586,0.64752656,121.46431732177734
near_singular,gated,CCD,4,True,0.05254530906677246,2.6016397,87.63081359863281
near_singular,gated,CCD,1,True,0.013378381729125977,3.971651,16.595901489257812
near_singular,gated,CCD,2,True,0.02422809600830078,3.523797,14.043084144592285
near_singular,gated,CCD,4,True,0.04741668701171875,2.236547,41.703887939453125
near_singular,gated,CCD,3,True,0.03841042518615723,4.4533396,29.395668029785156
near_singular,gated,CCD,1,True,0.013050317764282227,1.0013582,17.20969581604004
near_singular,gated,CCD,1,True,0.012716293334960938,4.5998263,20.203426361083984
near_singular,gated,CCD,4,True,0.05005598068237305,3.3732033,64.6684799194336
near_singular,gated,CCD,18,True,0.21260905265808105,4.824484,46.282997131347656
near_singular,gated,CCD,1,True,0.012989521026611328,2.3216212,5.83743953704834
near_singular,gated,CCD,2,True,0.02565145492553711,4.0815077,18.845260620117188
near_singular,gated,CCD,2,True,0.02411031723022461,2.158935,43.41098403930664
near_singular,gated,CCD,12,True,0.145371675491333,4.057577,140.69935607910156
near_singular,gated,CCD,1,True,0.013617515563964844,2.1595929,20.85413360595703
near_singular,gated,CCD,2,True,0.02467799186706543,2.1445036,6.279107093811035
near_singular,gated,CCD,300,False,3.613476276397705,13.817193,20.432262420654297
near_singular,gated,CCD,4,True,0.048148155212402344,4.6526313,108.75282287597656
near_singular,gated,CCD,1,True,0.013361215591430664,3.383463,16.626882553100586
near_singular,gated,CCD,1,True,0.012501716613769531,0.41875184,18.894939422607422
near_singular,gated,CCD,14,True,0.1659069061279297,2.9478521,82.9358901977539
near_singular,gated,CCD,8,True,0.09955310821533203,4.241224,52.3316535949707
near_singular,gated,CCD,1,True,0.013695001602172852,3.2547596,14.140166282653809
near_singular,gated,CCD,4,True,0.0489344596862793,3.001802,38.80253982543945
near_singular,gated,CCD,9,True,0.11182546615600586,4.715908,19.566539764404297
near_singular,gated,CCD,2,True,0.02483344078063965,1.0569186,33.965293884277344
near_singular,gated,CCD,7,True,0.0868690013885498,4.916517,21.71123695373535
near_singular,gated,CCD,3,True,0.03716564178466797,4.5436997,22.58437728881836
near_singular,gated,CCD,1,True,0.012679100036621094,4.793361,18.421092987060547
near_singular,gated,CCD,3,True,0.03663063049316406,2.8339279,43.979549407958984
near_singular,gated,CCD,1,True,0.013192176818847656,1.022855,28.72193145751953
near_singular,gated,CCD,1,True,0.012310266494750977,1.7438191,17.972427368164062
near_singular,gated,CCD,8,True,0.0960538387298584,4.582041,100.97880554199219
near_singular,gated,CCD,2,True,0.024649858474731445,3.7811372,25.70169448852539
near_singular,gated,CCD,4,True,0.047307491302490234,4.7004404,28.275089263916016
near_singular,gated,CCD,1,True,0.013724327087402344,3.4272969,19.718122482299805
near_singular,gated,CCD,3,True,0.04071235656738281,4.040111,12.1865234375
near_singular,gated,CCD,4,True,0.0481410026550293,1.5636793,52.44589614868164
near_singular,gated,CCD,2,True,0.024092674255371094,2.5245116,33.74567413330078
near_singular,gated,CCD,1,True,0.012928247451782227,1.7282938,17.31774139404297
near_singular,gated,CCD,4,True,0.04759860038757324,3.2693837,45.073814392089844
near_singular,gated,CCD,1,True,0.012372255325317383,1.2163141,15.577343940734863
near_singular,gated,CCD,3,True,0.03654599189758301,3.807228,46.011505126953125
near_singular,gated,CCD,4,True,0.04774022102355957,1.2549781,72.62998962402344
near_singular,gated,CCD,2,True,0.029700279235839844,3.55516,31.249711990356445
near_singular,gated,CCD,1,True,0.014213085174560547,0.15538976,20.064437866210938
near_singular,gated,CCD,9,True,0.10936760902404785,4.465728,18.23006820678711
near_singular,gated,CCD,2,True,0.025647640228271484,0.081712395,31.82697296142578
near_singular,gated,CCD,3,True,0.03677034378051758,1.0299175,30.104814529418945
near_singular,gated,CCD,3,True,0.03903651237487793,3.6663072,36.47590255737305
near_singular,gated,CCD,6,True,0.07856917381286621,4.702404,34.7076301574707
near_singular,gated,CCD,0,True,0.001953601837158203,3.7692542,0.9918684959411621
near_singular,gated,CCD,1,True,0.013506889343261719,0.746512,24.016603469848633
near_singular,gated,CCD,8,True,0.09676885604858398,4.8813267,57.815711975097656
near_singular,gated,CCD,2,True,0.024888277053833008,3.0146546,37.92963409423828
near_singular,gated,CCD,2,True,0.024538278579711914,1.4489164,25.398765563964844
near_singular,gated,CCD,2,True,0.025473356246948242,2.826513,38.73038864135742
near_singular,gated,CCD,300,False,3.5883655548095703,28.338675,72.01463317871094
near_singular,gated,CCD,2,True,0.027460575103759766,0.4212423,29.71428871154785
near_singular,gated,CCD,2,True,0.026433706283569336,3.6294117,42.266929626464844
near_singular,gated,CCD,20,True,0.28922390937805176,4.86505,34.9693603515625
near_singular,gated,CCD,3,True,0.0404660701751709,3.2503204,11.258354187011719
near_singular,gated,CCD,2,True,0.024361371994018555,4.595166,14.719273567199707
near_singular,gated,CCD,2,True,0.02489781379699707,0.9329872,9.539815902709961
near_singular,gated,CCD,3,True,0.0359494686126709,1.5233136,21.67535400390625
near_singular,gated,CCD,300,False,3.86633038520813,23.588911,89.50348663330078
near_singular,gated,CCD,1,True,0.014974117279052734,4.106507,23.416465759277344
near_singular,gated,CCD,1,True,0.012695789337158203,3.4424815,23.330215454101562
near_singular,gated,CCD,1,True,0.01730942726135254,4.23083,23.4448184967041
near_singular,gated,CCD,5,True,0.07368063926696777,3.5806684,35.24042510986328
near_singular,gated,CCD,24,True,0.35953807830810547,4.7694054,23.37600326538086
near_singular,gated,CCD,3,True,0.04131650924682617,4.9404626,33.56544876098633
near_singular,gated,CCD,3,True,0.04706597328186035,3.3457768,59.7714958190918
near_singular,gated,CCD,2,True,0.02859663963317871,1.6046019,35.87967300415039
near_singular,gated,CCD,1,True,0.013277769088745117,1.1551701,27.51589012145996
near_singular,gated,CCD,300,False,3.9081485271453857,11.766225,129.2155303955078
near_singular,gated,CCD,2,True,0.02667546272277832,1.9340073,41.48887634277344
near_singular,gated,CCD,1,True,0.01213216781616211,4.216644,26.51534080505371
near_singular,gated,CCD,9,True,0.1071329116821289,4.865485,55.378414154052734
near_singular,gated,CCD,4,True,0.04859805107116699,4.841708,20.304685592651367
near_singular,gated,CCD,4,True,0.04874253273010254,2.4235568,34.487911224365234
near_singular,gated,CCD,1,True,0.012773752212524414,2.8708558,28.574005126953125
near_singular,gated,CCD,2,True,0.025652408599853516,1.8550047,41.70072555541992
near_singular,gated,CCD,2,True,0.0249483585357666,0.12504837,42.464237213134766
near_singular,gated,CCD,2,True,0.02612590789794922,3.487676,17.99701690673828
near_singular,gated,CCD,3,True,0.039606571197509766,0.8396647,46.181602478027344
near_singular,gated,CCD,1,True,0.014261484146118164,0.9438083,21.22031593322754
ood,cold,DLS,15,True,0.05727076530456543,3.203354,0.0
ood,cold,DLS,300,False,0.9263014793395996,10.859419,0.45166662335395813
ood,cold,DLS,151,True,0.4348568916320801,4.973813,0.3240019977092743
ood,cold,DLS,300,False,0.8476221561431885,26.879557,0.19826771318912506
ood,cold,DLS,300,False,0.8612818717956543,10.217081,2.171738386154175
ood,cold,DLS,300,False,0.8463504314422607,116.168274,10.45716381072998
ood,cold,DLS,300,False,0.8469994068145752,19.046278,0.0
ood,cold,DLS,300,False,0.9101078510284424,179.9819,1.0134741067886353
ood,cold,DLS,300,False,0.8446414470672607,184.38223,1.4209054708480835
ood,cold,DLS,300,False,0.882591724395752,137.75288,18.38237762451172
ood,cold,DLS,55,True,0.15385651588439941,4.946315,0.0
ood,cold,DLS,12,True,0.03507256507873535,4.8057523,0.0
ood,cold,DLS,14,True,0.03989410400390625,3.6348555,0.0
ood,cold,DLS,300,False,0.8464529514312744,9.656126,0.027036497369408607
ood,cold,DLS,18,True,0.05189943313598633,4.4256516,0.22862088680267334
ood,cold,DLS,300,False,0.8787341117858887,97.28893,10.841968536376953
ood,cold,DLS,50,True,0.1398453712463379,4.981852,0.0
ood,cold,DLS,40,True,0.11166906356811523,4.84689,0.05537873134016991
ood,cold,DLS,17,True,0.05202674865722656,3.9541082,0.3101281523704529
ood,cold,DLS,23,True,0.06891322135925293,4.7939353,0.0
ood,cold,DLS,300,False,0.8781824111938477,41.62484,13.415699005126953
ood,cold,DLS,300,False,0.8586118221282959,105.82524,17.596317291259766
ood,cold,DLS,300,False,0.8431694507598877,50.8871,0.48254263401031494
ood,cold,DLS,300,False,0.8725953102111816,131.30168,0.4180161952972412
ood,cold,DLS,35,True,0.09806251525878906,4.9963737,0.0
ood,cold,DLS,300,False,0.8473823070526123,72.82991,13.183938026428223
ood,cold,DLS,10,True,0.02883434295654297,4.3805223,0.08137518167495728
ood,cold,DLS,7,True,0.02147650718688965,4.5532613,0.3178482949733734
ood,cold,DLS,20,True,0.05733919143676758,3.99152,0.08833393454551697
ood,cold,DLS,31,True,0.08630704879760742,3.808979,0.03034290112555027
ood,cold,DLS,11,True,0.031043529510498047,4.6531477,0.05304624140262604
ood,cold,DLS,22,True,0.06286382675170898,4.0095367,0.03088586963713169
ood,cold,DLS,181,True,0.5199496746063232,4.6712675,0.0
ood,cold,DLS,24,True,0.06891655921936035,4.620055,0.4933105409145355
ood,cold,DLS,23,True,0.06491589546203613,4.8714614,0.0459064319729805
ood,cold,DLS,20,True,0.06017446517944336,4.75272,0.05016674846410751
ood,cold,DLS,300,False,0.8886895179748535,359.15042,10.717824935913086
ood,cold,DLS,76,True,0.21106290817260742,4.953677,0.2376796007156372
ood,cold,DLS,35,True,0.09730839729309082,4.890957,0.035425037145614624
ood,cold,DLS,300,False,0.8895740509033203,25.001217,1.2008417844772339
ood,cold,DLS,300,False,0.8478472232818604,134.36421,28.444883346557617
ood,cold,DLS,300,False,0.8717153072357178,30.401005,0.09449222683906555
ood,cold,DLS,12,True,0.03831005096435547,4.332899,0.012548132799565792
ood,cold,DLS,300,False,1.0888969898223877,217.45547,16.897993087768555
ood,cold,DLS,300,False,1.0054121017456055,12.450123,0.0
ood,cold,DLS,300,False,0.8452973365783691,168.99065,0.41492128372192383
ood,cold,DLS,300,False,0.9004974365234375,35.731056,0.2727973759174347
ood,cold,DLS,23,True,0.07155656814575195,4.8857646,0.8294737935066223
ood,cold,DLS,28,True,0.08773422241210938,3.6757457,0.06499956548213959
ood,cold,DLS,48,True,0.13759398460388184,4.1799326,0.1134018748998642
ood,cold,DLS,20,True,0.05664420127868652,4.899446,0.0
ood,cold,DLS,300,False,0.8715546131134033,12.4061775,0.243739053606987
ood,cold,DLS,300,False,0.8505864143371582,104.246216,21.25188636779785
ood,cold,DLS,300,False,0.8879737854003906,84.34696,18.091501235961914
ood,cold,DLS,300,False,0.8745038509368896,51.386326,6.232120513916016
ood,cold,DLS,300,False,0.874474287033081,169.89894,0.6864888668060303
ood,cold,DLS,300,False,0.9508471488952637,62.086388,23.29644012451172
ood,cold,DLS,300,False,0.885413646697998,125.570404,35.27841567993164
ood,cold,DLS,25,True,0.0694739818572998,4.1750374,0.0746457427740097
ood,cold,DLS,300,False,0.8556239604949951,183.01083,0.514626145362854
ood,cold,DLS,36,True,0.09898614883422852,4.9533663,0.0
ood,cold,DLS,129,True,0.3605046272277832,4.9551845,0.3412185311317444
ood,cold,DLS,300,False,0.8495547771453857,98.13266,20.40475082397461
ood,cold,DLS,300,False,0.8832290172576904,9.660458,0.17524299025535583
ood,cold,DLS,300,False,0.907280445098877,185.37933,0.8227710127830505
ood,cold,DLS,67,True,0.21596574783325195,4.9147506,0.053582437336444855
ood,cold,DLS,14,True,0.04196906089782715,4.6377625,0.09925104677677155
ood,cold,DLS,168,True,0.5138967037200928,4.9988008,0.04552365466952324
ood,cold,DLS,300,False,1.1441073417663574,128.89584,0.4703430235385895
ood,cold,DLS,300,False,0.953092098236084,41.931614,0.9413611888885498
ood,cold,DLS,300,False,0.8553459644317627,31.687912,13.213898658752441
ood,cold,DLS,300,False,0.8607759475708008,84.064926,1.6339221000671387
ood,cold,DLS,300,False,0.8616795539855957,82.05235,7.78816556930542
ood,cold,DLS,300,False,0.8554155826568604,599.8049,6.346998691558838
ood,cold,DLS,25,True,0.07103419303894043,4.856834,0.13563856482505798
ood,cold,DLS,18,True,0.05350685119628906,4.814586,0.2612766623497009
ood,cold,DLS,25,True,0.0763390064239502,4.932057,0.04937245696783066
ood,cold,DLS,300,False,0.8562252521514893,125.82468,0.3419879078865051
ood,cold,DLS,300,False,0.8688759803771973,50.673393,0.058636024594306946
ood,cold,DLS,13,True,0.04054403305053711,4.301688,0.029697073623538017
ood,cold,DLS,29,True,0.08207130432128906,4.867646,0.08436931669712067
ood,cold,DLS,300,False,0.8563830852508545,151.44392,23.53032875061035
ood,cold,DLS,14,True,0.04057955741882324,4.3754215,0.05110440403223038
ood,cold,DLS,56,True,0.18103909492492676,4.8307495,0.08320841938257217
ood,cold,DLS,300,False,0.8801929950714111,95.344345,4.374954700469971
ood,cold,DLS,300,False,0.8757424354553223,579.20905,14.275028228759766
ood,cold,DLS,300,False,0.8668768405914307,40.20613,7.075071334838867
ood,cold,DLS,300,False,0.8529925346374512,14.142378,4.208219528198242
ood,cold,DLS,39,True,0.11521029472351074,4.9158187,0.0
ood,cold,DLS,40,True,0.11764073371887207,4.796876,0.23567596077919006
ood,cold,DLS,14,True,0.04668068885803223,4.5689683,0.2374817132949829
ood,cold,DLS,18,True,0.050858259201049805,4.592974,0.047181639820337296
ood,cold,DLS,300,False,0.8484742641448975,155.60599,61.15267562866211
ood,cold,DLS,26,True,0.07437682151794434,4.919173,0.0
ood,cold,DLS,300,False,0.870624303817749,124.09387,0.25769999623298645
ood,cold,DLS,300,False,0.8417079448699951,8.811462,1.6766998767852783
ood,cold,DLS,30,True,0.08437132835388184,4.156404,0.05736566707491875
ood,cold,DLS,300,False,0.8527894020080566,135.7382,5.335954666137695
ood,cold,DLS,300,False,0.8566470146179199,42.877754,5.600369453430176
ood,cold,DLS,34,True,0.09757637977600098,4.6316843,0.07695925235748291
ood,cold,DLS,64,True,0.18010473251342773,4.808532,0.11655274033546448
ood,cold,DLS,24,True,0.06693196296691895,4.9081726,1.3339650630950928
ood,cold,DLS,300,False,0.8575024604797363,211.1591,13.52933120727539
ood,cold,DLS,18,True,0.05122566223144531,4.161265,0.041765984147787094
ood,cold,DLS,148,True,0.42824387550354004,3.89061,0.04383518174290657
ood,cold,DLS,22,True,0.06848978996276855,4.073365,0.14882178604602814
ood,cold,DLS,37,True,0.1228938102722168,4.719687,0.11579712480306625
ood,cold,DLS,6,True,0.01886916160583496,4.1043043,0.04500782862305641
ood,cold,DLS,300,False,0.8883414268493652,114.03762,4.894228458404541
ood,cold,DLS,17,True,0.05214691162109375,4.4620013,0.09832633286714554
ood,cold,DLS,300,False,0.8557443618774414,32.76372,9.04349136352539
ood,cold,DLS,11,True,0.03138542175292969,4.378261,0.05609549209475517
ood,cold,DLS,300,False,0.8548226356506348,97.61698,21.39408302307129
ood,cold,DLS,15,True,0.04421424865722656,4.979539,0.04232924431562424
ood,cold,DLS,50,True,0.1443173885345459,4.992107,0.0
ood,cold,DLS,300,False,0.9083423614501953,90.88849,0.4436807632446289
ood,cold,DLS,300,False,0.8522500991821289,96.688805,12.567131996154785
ood,cold,DLS,28,True,0.08151721954345703,4.496263,0.051366765052080154
ood,cold,DLS,14,True,0.04112982749938965,3.3544302,0.056960005313158035
ood,cold,DLS,38,True,0.11129307746887207,4.5495615,0.060888465493917465
ood,cold,DLS,300,False,0.8486900329589844,105.50854,0.246115043759346
ood,cold,DLS,28,True,0.0803375244140625,4.783634,0.04321109876036644
ood,cold,DLS,48,True,0.1414940357208252,4.4597034,0.0635683611035347
ood,cold,DLS,280,True,0.7971067428588867,4.984566,0.16834679245948792
ood,cold,DLS,14,True,0.04073596000671387,3.66112,0.0
ood,cold,DLS,24,True,0.06997394561767578,4.858015,0.04906964302062988
ood,cold,DLS,15,True,0.04389691352844238,3.9157443,0.017362244427204132
ood,cold,DLS,300,False,0.8525757789611816,133.3239,3.238887071609497
ood,cold,DLS,60,True,0.1721808910369873,4.989641,0.04634328931570053
ood,cold,DLS,9,True,0.02826833724975586,4.664528,0.05990668386220932
ood,cold,DLS,15,True,0.046174049377441406,4.1278152,0.0
ood,cold,DLS,46,True,0.13853883743286133,4.829439,0.0701039507985115
ood,cold,DLS,300,False,0.8449058532714844,608.5137,24.842947006225586
ood,cold,DLS,300,False,0.8539068698883057,11.990357,0.0
ood,cold,DLS,23,True,0.06468844413757324,3.9042983,0.06605703383684158
ood,cold,DLS,300,False,0.8620710372924805,42.82648,0.4497091770172119
ood,cold,DLS,18,True,0.05167841911315918,4.6302543,0.08859500288963318
ood,cold,DLS,13,True,0.03824758529663086,3.9368477,0.07718579471111298
ood,cold,DLS,300,False,0.8729226589202881,149.57239,0.7697716355323792
ood,cold,DLS,61,True,0.17634081840515137,4.8920817,0.07134491205215454
ood,cold,DLS,24,True,0.07399916648864746,4.6212792,0.18415603041648865
ood,cold,DLS,300,False,0.8551042079925537,8.849946,0.04770386964082718
ood,cold,DLS,23,True,0.06692242622375488,4.874267,0.15728209912776947
ood,cold,DLS,36,True,0.10502386093139648,4.7629604,0.04181302711367607
ood,cold,DLS,12,True,0.03558659553527832,4.0812397,0.03958483412861824
ood,cold,DLS,300,False,0.8423483371734619,182.55904,53.89396286010742
ood,cold,DLS,300,False,0.842749834060669,29.714262,0.27931952476501465
ood,cold,DLS,138,True,0.41621994972229004,4.9783936,0.09372523427009583
ood,cold,DLS,300,False,0.8509364128112793,5.0841603,0.2671162784099579
ood,cold,DLS,85,True,0.2357027530670166,4.9373436,0.28989335894584656
ood,cold,DLS,300,False,0.8724513053894043,103.400505,29.67755889892578
ood,cold,DLS,8,True,0.022040605545043945,4.354415,0.09086662530899048
ood,cold,DLS,300,False,0.8986573219299316,153.18913,0.8837370872497559
ood,cold,DLS,300,False,0.8646838665008545,745.1745,17.721172332763672
ood,cold,DLS,300,False,0.8482236862182617,141.69258,0.10161817818880081
ood,cold,DLS,16,True,0.047835588455200195,4.580579,0.054118622094392776
ood,cold,DLS,19,True,0.055718421936035156,4.6998553,0.04455564543604851
ood,cold,DLS,31,True,0.0960381031036377,4.6849384,0.06623927503824234
ood,cold,DLS,300,False,0.8422205448150635,43.42041,0.6146414875984192
ood,cold,DLS,300,False,0.8494818210601807,55.047844,0.09629571437835693
ood,cold,DLS,32,True,0.09229898452758789,4.463901,0.043961189687252045
ood,cold,DLS,300,False,0.8607573509216309,113.962654,0.9632260799407959
ood,cold,DLS,56,True,0.15746283531188965,4.847195,0.1882128119468689
ood,cold,DLS,84,True,0.24838972091674805,4.9615006,0.14382152259349823
ood,cold,DLS,14,True,0.04258418083190918,4.0325956,0.054754264652729034
ood,cold,DLS,300,False,0.8440136909484863,6.1872272,0.2894032597541809
ood,cold,DLS,13,True,0.04117226600646973,4.775543,0.038358405232429504
ood,cold,DLS,24,True,0.0740354061126709,4.2512813,0.0708753913640976
ood,cold,DLS,11,True,0.03188037872314453,3.14018,0.029396288096904755
ood,cold,DLS,19,True,0.055199384689331055,4.6564155,0.08378185331821442
ood,cold,DLS,133,True,0.3724973201751709,4.899242,0.05626434087753296
ood,cold,DLS,29,True,0.08104729652404785,4.7459197,0.3692968487739563
ood,cold,DLS,300,False,0.8666260242462158,87.20937,13.318435668945312
ood,cold,DLS,35,True,0.12143421173095703,4.89245,0.030803203582763672
ood,cold,DLS,300,False,0.8977365493774414,87.91512,13.58919906616211
ood,cold,DLS,22,True,0.06323575973510742,4.7777386,0.04440119490027428
ood,cold,DLS,12,True,0.03457808494567871,3.3887048,0.04021510109305382
ood,cold,DLS,300,False,0.8555798530578613,324.43027,2.228410005569458
ood,cold,DLS,13,True,0.03763175010681152,2.6145077,0.03758030757308006
ood,cold,DLS,22,True,0.06476473808288574,4.3309183,0.04920533671975136
ood,cold,DLS,13,True,0.03840827941894531,4.168857,0.035092081874608994
ood,cold,DLS,16,True,0.04480886459350586,4.13546,0.08985774964094162
ood,cold,DLS,108,True,0.3108799457550049,4.498337,0.044065117835998535
ood,cold,DLS,300,False,0.8524415493011475,117.5053,0.3405629098415375
ood,cold,DLS,300,False,0.8500967025756836,99.60602,16.38799285888672
ood,cold,DLS,9,True,0.0263364315032959,4.4767146,0.0872076004743576
ood,cold,DLS,300,False,0.8789570331573486,96.04162,0.5173113942146301
ood,cold,DLS,24,True,0.0674293041229248,3.751037,0.0
ood,cold,DLS,300,False,0.8481109142303467,136.54156,11.682075500488281
ood,cold,DLS,8,True,0.02416253089904785,4.9537363,0.04361807182431221
ood,cold,DLS,300,False,0.8588058948516846,91.682076,19.83065414428711
ood,cold,DLS,300,False,0.9164273738861084,11.927953,2.04487943649292
ood,cold,DLS,27,True,0.07564282417297363,4.6856294,0.04413323476910591
ood,cold,DLS,31,True,0.08343076705932617,4.901033,0.04603874310851097
ood,cold,DLS,13,True,0.03732895851135254,4.613898,0.016555652022361755
ood,cold,DLS,300,False,0.950641393661499,49.01273,0.34810885787010193
ood,cold,DLS,300,False,0.9379181861877441,314.51715,0.9749334454536438
ood,cold,DLS,300,False,0.8579092025756836,40.610153,15.64483642578125
ood,cold,DLS,17,True,0.05372190475463867,3.6088772,0.0
ood,cold,DLS,300,False,0.8511884212493896,95.2812,12.998002052307129
ood,cold,DLS,300,False,0.844306230545044,128.02238,50.844852447509766
ood,cold,DLS,20,True,0.059650421142578125,4.3368125,0.0626777708530426
ood,cold,DLS,20,True,0.05964374542236328,4.4464626,0.0
ood,cold,DLS,41,True,0.11954164505004883,4.9614043,0.0
ood,cold,DLS,33,True,0.10058450698852539,4.9543786,0.18476532399654388
ood,cold,DLS,26,True,0.07330727577209473,3.1220274,0.0
ood,cold,DLS,16,True,0.04521465301513672,4.3430624,0.04402599856257439
ood,cold,DLS,24,True,0.06679677963256836,4.2407494,0.04936923831701279
ood,cold,DLS,300,False,0.8624029159545898,6.554851,4.5713300704956055
ood,cold,DLS,17,True,0.04847455024719238,4.349975,0.0
ood,cold,DLS,300,False,0.8591923713684082,66.3953,1.1902209520339966
ood,cold,DLS,27,True,0.0891103744506836,4.6195226,0.03578981012105942
ood,cold,DLS,19,True,0.05460405349731445,3.7280793,0.10252717137336731
ood,cold,DLS,300,False,0.8754942417144775,13.481488,0.33583101630210876
ood,cold,DLS,300,False,0.8864493370056152,7.136275,0.23512065410614014
ood,cold,DLS,13,True,0.03657126426696777,3.718081,0.02779151313006878
ood,cold,DLS,7,True,0.02017068862915039,3.4562058,0.09705699980258942
ood,cold,DLS,300,False,0.8743517398834229,148.166,8.70382308959961
ood,cold,DLS,16,True,0.04466843605041504,4.5746307,0.06808589398860931
ood,cold,DLS,17,True,0.05604243278503418,4.530824,0.05195796862244606
ood,cold,DLS,300,False,0.8867881298065186,7.4249525,0.06277246028184891
ood,cold,DLS,16,True,0.047553062438964844,4.4217587,0.0398670919239521
ood,cold,DLS,18,True,0.05771231651306152,3.689785,0.04737643897533417
ood,cold,DLS,300,False,0.8520143032073975,97.23616,8.598989486694336
ood,cold,DLS,300,False,0.8566255569458008,478.06015,2.4729084968566895
ood,cold,DLS,30,True,0.08809638023376465,4.1033587,0.0922558531165123
ood,cold,DLS,300,False,0.8556232452392578,128.34651,11.72410774230957
ood,cold,DLS,300,False,0.8557322025299072,126.036064,75.23633575439453
ood,cold,DLS,300,False,0.8569662570953369,246.12416,43.4431037902832
ood,cold,DLS,300,False,0.8511908054351807,51.751007,11.604745864868164
ood,cold,DLS,300,False,0.8519048690795898,91.3572,0.08289031684398651
ood,cold,DLS,300,False,0.879967212677002,115.245415,10.016436576843262
ood,cold,DLS,300,False,0.8645191192626953,30.135435,0.42436885833740234
ood,cold,DLS,300,False,0.8665282726287842,102.35416,4.92909574508667
ood,cold,DLS,22,True,0.06749868392944336,3.9156294,0.013998115435242653
ood,cold,DLS,300,False,0.8549935817718506,100.0699,1.2436738014221191
ood,cold,DLS,300,False,0.8526780605316162,31.258713,1.6784305572509766
ood,cold,DLS,14,True,0.04356050491333008,4.028694,0.04697271063923836
ood,cold,DLS,300,False,0.8421130180358887,51.323334,8.39311695098877
ood,cold,DLS,13,True,0.03726005554199219,4.564282,0.09005946666002274
ood,cold,DLS,300,False,0.8679335117340088,127.390236,2.5072500705718994
ood,cold,DLS,11,True,0.03200387954711914,2.8567781,0.05446435138583183
ood,cold,DLS,67,True,0.1942157745361328,3.3920279,0.10720224678516388
ood,cold,DLS,300,False,0.8578522205352783,10.280254,2.183438301086426
ood,cold,DLS,15,True,0.04339742660522461,4.262531,0.08137190341949463
ood,cold,DLS,41,True,0.12197375297546387,4.9600196,0.05031271278858185
ood,cold,DLS,300,False,0.8467810153961182,26.728981,8.120269775390625
ood,cold,DLS,13,True,0.037848472595214844,3.6956165,0.0
ood,cold,DLS,300,False,0.8570728302001953,572.83105,8.464757919311523
ood,cold,DLS,300,False,0.8600039482116699,19.585356,0.15907272696495056
ood,cold,DLS,86,True,0.24481606483459473,4.934971,0.11150777339935303
ood,cold,DLS,18,True,0.05155444145202637,4.8457484,0.1239580437541008
ood,cold,DLS,37,True,0.10578298568725586,4.718927,0.128792867064476
ood,cold,DLS,300,False,0.8491532802581787,10.186141,0.1395629495382309
ood,cold,DLS,15,True,0.042458534240722656,4.72116,0.0
ood,cold,DLS,56,True,0.1799483299255371,4.8378744,0.19977256655693054
ood,cold,DLS,300,False,0.8442113399505615,44.15989,16.69683837890625
ood,cold,DLS,87,True,0.2507638931274414,4.8302846,0.5980525016784668
ood,cold,DLS,245,True,0.7038674354553223,4.9596305,0.17153435945510864
ood,cold,DLS,300,False,0.8972616195678711,71.09453,0.08919543772935867
ood,cold,DLS,20,True,0.0664067268371582,4.775709,0.04698717221617699
ood,cold,DLS,95,True,0.26395344734191895,4.6563225,0.20198418200016022
ood,cold,DLS,300,False,0.849292516708374,388.5066,15.70702838897705
ood,cold,DLS,27,True,0.07899594306945801,4.400112,0.15134455263614655
ood,cold,DLS,33,True,0.09383845329284668,4.682072,0.32081809639930725
ood,cold,DLS,300,False,0.8564538955688477,116.52875,0.6007800102233887
ood,cold,DLS,129,True,0.3717491626739502,4.987805,0.15037484467029572
ood,cold,DLS,300,False,0.8478786945343018,103.773445,6.060191631317139
ood,cold,DLS,300,False,0.8513059616088867,111.554405,65.9282455444336
ood,cold,DLS,15,True,0.04237794876098633,4.665575,0.06467955559492111
ood,cold,DLS,300,False,0.9300329685211182,29.54926,2.2040796279907227
ood,cold,DLS,300,False,0.8654358386993408,149.71373,0.2604764401912689
ood,cold,DLS,300,False,0.875417947769165,173.50636,51.95658874511719
ood,cold,DLS,27,True,0.07863879203796387,4.14332,0.13794536888599396
ood,cold,DLS,300,False,0.8514208793640137,142.41092,24.83512306213379
ood,cold,DLS,38,True,0.10653448104858398,4.747729,0.13403134047985077
ood,cold,DLS,30,True,0.08419632911682129,4.761448,0.0
ood,cold,DLS,300,False,0.8463356494903564,328.555,5.833545207977295
ood,cold,DLS,18,True,0.05061674118041992,4.455701,0.12807293236255646
ood,cold,DLS,15,True,0.04257655143737793,4.00628,0.0
ood,cold,DLS,17,True,0.04799699783325195,4.4293303,0.12643927335739136
ood,cold,DLS,300,False,0.8685846328735352,157.68477,27.995853424072266
ood,cold,DLS,13,True,0.03755331039428711,4.2871447,0.005062585696578026
ood,cold,DLS,300,False,0.8525762557983398,5.4595027,5.855058193206787
ood,cold,DLS,24,True,0.0679023265838623,4.2172894,0.0
ood,cold,DLS,16,True,0.04520440101623535,4.1567802,0.10559093207120895
ood,cold,DLS,19,True,0.053392648696899414,4.169416,0.035517074167728424
ood,cold,DLS,14,True,0.03946733474731445,3.7659688,0.0
ood,cold,DLS,16,True,0.04637265205383301,4.6607423,0.013145585544407368
ood,cold,DLS,300,False,0.8471722602844238,97.89021,8.186347007751465
ood,cold,DLS,300,False,0.8517696857452393,211.1241,44.94063949584961
ood,cold,DLS,17,True,0.0487823486328125,4.6364684,0.09848715364933014
ood,cold,DLS,67,True,0.1845693588256836,4.7187214,0.029695363715291023
ood,cold,DLS,300,False,0.8677065372467041,251.76439,61.905818939208984
ood,cold,DLS,77,True,0.22053837776184082,4.577385,0.12033747136592865
ood,cold,DLS,14,True,0.03988313674926758,4.327193,0.06773332506418228
ood,cold,DLS,300,False,0.8518776893615723,43.32198,24.02121925354004
ood,cold,DLS,300,False,0.8480682373046875,60.111603,11.281160354614258
ood,cold,DLS,39,True,0.1078946590423584,4.67347,0.0
ood,cold,DLS,214,True,0.6037185192108154,4.953539,0.145466610789299
ood,cold,CCD,10,True,0.126600980758667,0.28224328,136.2579345703125
ood,cold,CCD,9,True,0.10637354850769043,2.6377416,171.03504943847656
ood,cold,CCD,10,True,0.11661458015441895,1.0974342,161.6617889404297
ood,cold,CCD,9,True,0.1051788330078125,4.6463,175.20620727539062
ood,cold,CCD,24,True,0.2825279235839844,4.904324,125.52515411376953
ood,cold,CCD,300,False,3.5576741695404053,5.4969115,89.09393310546875
ood,cold,CCD,11,True,0.13123464584350586,0.37836605,104.09719848632812
ood,cold,CCD,75,True,0.905437707901001,4.614609,112.81859588623047
ood,cold,CCD,9,True,0.10598635673522949,1.6414821,41.02791213989258
ood,cold,CCD,10,True,0.11693978309631348,2.7708755,126.5227279663086
ood,cold,CCD,21,True,0.2510340213775635,4.777554,151.71466064453125
ood,cold,CCD,9,True,0.10802459716796875,4.5866346,112.1888656616211
ood,cold,CCD,11,True,0.1329033374786377,1.3028283,126.74623107910156
ood,cold,CCD,10,True,0.12008857727050781,3.7038376,136.1111297607422
ood,cold,CCD,9,True,0.10949921607971191,0.43657544,155.8216094970703
ood,cold,CCD,9,True,0.10685849189758301,0.5901389,100.69163513183594
ood,cold,CCD,36,True,0.44525909423828125,4.82175,59.178245544433594
ood,cold,CCD,13,True,0.16266441345214844,4.015988,176.28099060058594
ood,cold,CCD,11,True,0.12864017486572266,4.5016418,146.51693725585938
ood,cold,CCD,12,True,0.14493846893310547,2.4006917,115.81049346923828
ood,cold,CCD,10,True,0.12014484405517578,1.7557801,98.62238311767578
ood,cold,CCD,22,True,0.25861144065856934,4.668247,118.78358459472656
ood,cold,CCD,21,True,0.25598692893981934,4.124882,158.01771545410156
ood,cold,CCD,19,True,0.22765707969665527,4.558096,96.88021850585938
ood,cold,CCD,12,True,0.14580178260803223,4.555206,110.5819320678711
ood,cold,CCD,9,True,0.10720562934875488,0.7742528,122.96992492675781
ood,cold,CCD,14,True,0.16087985038757324,4.2395053,114.75251007080078
ood,cold,CCD,8,True,0.09281516075134277,0.426004,136.81707763671875
ood,cold,CCD,9,True,0.1049199104309082,2.3487568,147.0111541748047
ood,cold,CCD,9,True,0.1373732089996338,1.5578195,84.73550415039062
ood,cold,CCD,11,True,0.14082932472229004,3.7821474,71.36943817138672
ood,cold,CCD,11,True,0.1430513858795166,4.981353,124.8872299194336
ood,cold,CCD,14,True,0.1594390869140625,3.5334115,134.9412841796875
ood,cold,CCD,9,True,0.10164690017700195,3.336788,149.3214569091797
ood,cold,CCD,9,True,0.1058645248413086,0.9118624,67.00089263916016
ood,cold,CCD,25,True,0.2933516502380371,4.635336,129.9712371826172
ood,cold,CCD,9,True,0.10777473449707031,3.8546028,156.22061157226562
ood,cold,CCD,10,True,0.12349486351013184,3.8939512,140.5367889404297
ood,cold,CCD,9,True,0.10663866996765137,1.8728853,179.9908905029297
ood,cold,CCD,14,True,0.16731595993041992,4.3640137,164.7598419189453
ood,cold,CCD,46,True,0.5372569561004639,4.9665065,137.28219604492188
ood,cold,CCD,10,True,0.11951756477355957,0.40022412,178.08041381835938
ood,cold,CCD,11,True,0.13182616233825684,4.287098,95.17950439453125
ood,cold,CCD,9,True,0.10719585418701172,0.73958254,131.8221435546875
ood,cold,CCD,10,True,0.11957859992980957,2.746801,157.75054931640625
ood,cold,CCD,11,True,0.12901663780212402,3.646825,168.3897705078125
ood,cold,CCD,12,True,0.14022278785705566,0.62683254,143.7817840576172
ood,cold,CCD,20,True,0.23618817329406738,4.352025,163.7711181640625
ood,cold,CCD,10,True,0.11990237236022949,0.6334763,102.04285430908203
ood,cold,CCD,18,True,0.21747660636901855,4.1813025,160.58343505859375
ood,cold,CCD,11,True,0.13251447677612305,3.6012347,165.9164276123047
ood,cold,CCD,10,True,0.12947368621826172,4.5984635,101.71891021728516
ood,cold,CCD,9,True,0.09880590438842773,3.610834,130.27615356445312
ood,cold,CCD,9,True,0.10227108001708984,1.626442,79.45663452148438
ood,cold,CCD,14,True,0.1620798110961914,4.3615513,68.25926971435547
ood,cold,CCD,13,True,0.15453839302062988,4.5683613,138.28152465820312
ood,cold,CCD,10,True,0.12623190879821777,2.4793005,68.68441009521484
ood,cold,CCD,69,True,0.874934196472168,4.8948693,101.19739532470703
ood,cold,CCD,10,True,0.1276397705078125,2.5720496,145.05323791503906
ood,cold,CCD,12,True,0.1565840244293213,4.2612395,113.7190933227539
ood,cold,CCD,13,True,0.16282391548156738,3.7060108,129.31332397460938
ood,cold,CCD,9,True,0.10842061042785645,4.2357225,53.178157806396484
ood,cold,CCD,9,True,0.12081480026245117,0.19745721,75.09962463378906
ood,cold,CCD,8,True,0.0928657054901123,0.93986154,123.50479888916016
ood,cold,CCD,210,True,2.5018742084503174,4.9604454,164.32521057128906
ood,cold,CCD,10,True,0.11178302764892578,2.3002176,170.86456298828125
ood,cold,CCD,14,True,0.16604018211364746,4.8601174,179.81898498535156
ood,cold,CCD,10,True,0.11733555793762207,3.4957228,157.0478973388672
ood,cold,CCD,11,True,0.13010025024414062,4.3245516,134.685546875
ood,cold,CCD,9,True,0.11056876182556152,1.8121076,115.67186737060547
ood,cold,CCD,24,True,0.2849242687225342,4.5194554,172.77244567871094
ood,cold,CCD,23,True,0.2718179225921631,4.48192,78.31226348876953
ood,cold,CCD,9,True,0.10759186744689941,0.20967974,151.25856018066406
ood,cold,CCD,22,True,0.2566046714782715,4.5167456,146.1129608154297
ood,cold,CCD,13,True,0.15528488159179688,4.133729,148.3169403076172
ood,cold,CCD,9,True,0.11031556129455566,0.44048777,157.7813720703125
ood,cold,CCD,11,True,0.1335146427154541,0.34196982,87.02027130126953
ood,cold,CCD,9,True,0.10686945915222168,0.3310994,116.1396255493164
ood,cold,CCD,10,True,0.11787843704223633,2.651962,126.01924896240234
ood,cold,CCD,9,True,0.11041474342346191,4.462447,171.39720153808594
ood,cold,CCD,10,True,0.11678576469421387,0.25252515,165.1725616455078
ood,cold,CCD,12,True,0.13901138305664062,2.5518906,147.56114196777344
ood,cold,CCD,8,True,0.09972238540649414,4.787239,137.947021484375
ood,cold,CCD,8,True,0.09989047050476074,1.5695904,110.16583251953125
ood,cold,CCD,10,True,0.11751413345336914,2.8316984,112.57127380371094
ood,cold,CCD,17,True,0.20014572143554688,4.8157673,141.36676025390625
ood,cold,CCD,17,True,0.2081904411315918,3.615033,120.08058166503906
ood,cold,CCD,10,True,0.10901045799255371,4.109019,148.5637664794922
ood,cold,CCD,14,True,0.15868377685546875,3.4056487,102.80256652832031
ood,cold,CCD,11,True,0.13506245613098145,3.6708627,136.50003051757812
ood,cold,CCD,21,True,0.26462244987487793,4.2272177,143.46701049804688
ood,cold,CCD,9,True,0.10359764099121094,2.8072948,158.75
ood,cold,CCD,27,True,0.32244133949279785,4.89961,167.61036682128906
ood,cold,CCD,11,True,0.12840914726257324,0.7953,121.67992401123047
ood,cold,CCD,11,True,0.1339402198791504,4.6850615,96.78524017333984
ood,cold,CCD,9,True,0.10976791381835938,0.42431355,104.6042251586914
ood,cold,CCD,9,True,0.1059718132019043,1.1923307,147.0611114501953
ood,cold,CCD,9,True,0.1102759838104248,3.817458,73.78675842285156
ood,cold,CCD,30,True,0.3559248447418213,4.6079817,120.79963684082031
ood,cold,CCD,11,True,0.13187408447265625,3.2367718,123.908203125
ood,cold,CCD,10,True,0.12183642387390137,3.4704661,170.03704833984375
ood,cold,CCD,10,True,0.11837649345397949,4.68437,165.18263244628906
ood,cold,CCD,8,True,0.09778237342834473,0.89162934,84.5713882446289
ood,cold,CCD,10,True,0.1266169548034668,0.34951475,173.79530334472656
ood,cold,CCD,9,True,0.10755538940429688,0.9382943,50.99877166748047
ood,cold,CCD,10,True,0.11811280250549316,2.212918,20.52040672302246
ood,cold,CCD,10,True,0.11925649642944336,1.248547,52.71487045288086
ood,cold,CCD,11,True,0.13381481170654297,3.626849,120.47372436523438
ood,cold,CCD,8,True,0.0950784683227539,0.74008864,60.358802795410156
ood,cold,CCD,10,True,0.12069082260131836,0.7835296,37.79103088378906
ood,cold,CCD,12,True,0.14460420608520508,2.9322069,173.9664764404297
ood,cold,CCD,8,True,0.09590697288513184,3.3838346,174.31906127929688
ood,cold,CCD,11,True,0.1362168788909912,1.628807,125.68318939208984
ood,cold,CCD,9,True,0.1075584888458252,4.560394,136.36228942871094
ood,cold,CCD,20,True,0.23740053176879883,4.0668087,40.114707946777344
ood,cold,CCD,8,True,0.09566283226013184,4.960995,127.29806518554688
ood,cold,CCD,10,True,0.11727643013000488,2.445921,120.75275421142578
ood,cold,CCD,10,True,0.1231539249420166,2.1636612,146.4879150390625
ood,cold,CCD,9,True,0.10784196853637695,1.7535858,66.26573181152344
ood,cold,CCD,14,True,0.16547536849975586,3.907232,168.9106903076172
ood,cold,CCD,10,True,0.11889362335205078,3.3972511,174.4362335205078
ood,cold,CCD,11,True,0.13073468208312988,4.6336765,116.16644287109375
ood,cold,CCD,9,True,0.10844922065734863,2.3029978,147.8948974609375
ood,cold,CCD,16,True,0.19352459907531738,4.9026394,33.527732849121094
ood,cold,CCD,9,True,0.10671639442443848,1.5398375,115.44684600830078
ood,cold,CCD,16,True,0.19626593589782715,4.769596,176.1846160888672
ood,cold,CCD,13,True,0.1527237892150879,3.0936153,151.8234100341797
ood,cold,CCD,9,True,0.10707759857177734,2.3811717,90.47041320800781
ood,cold,CCD,19,True,0.2283174991607666,4.0366206,161.1280059814453
ood,cold,CCD,9,True,0.1080317497253418,2.9701276,125.66473388671875
ood,cold,CCD,14,True,0.1775209903717041,4.2666645,145.03823852539062
ood,cold,CCD,9,True,0.10236001014709473,1.828749,175.45826721191406
ood,cold,CCD,18,True,0.21184039115905762,4.383112,179.66436767578125
ood,cold,CCD,10,True,0.126326322555542,0.58358645,101.77557373046875
ood,cold,CCD,10,True,0.12011575698852539,4.5708637,72.82984924316406
ood,cold,CCD,7,True,0.08455991744995117,1.4166607,131.73464965820312
ood,cold,CCD,16,True,0.19540715217590332,4.5203376,72.2429428100586
ood,cold,CCD,10,True,0.11974740028381348,2.780467,163.55801391601562
ood,cold,CCD,11,True,0.13477540016174316,2.639398,161.86512756347656
ood,cold,CCD,13,True,0.1568441390991211,4.809253,135.24298095703125
ood,cold,CCD,21,True,0.24944114685058594,4.7243137,96.39598846435547
ood,cold,CCD,10,True,0.11904740333557129,2.0598621,179.55577087402344
ood,cold,CCD,9,True,0.10912704467773438,3.747774,171.11151123046875
ood,cold,CCD,11,True,0.13314223289489746,3.9086323,84.45304107666016
ood,cold,CCD,9,True,0.10647416114807129,3.5750139,164.98678588867188
ood,cold,CCD,11,True,0.13400483131408691,2.9393945,176.41452026367188
ood,cold,CCD,11,True,0.13185477256774902,4.5208592,58.91741943359375
ood,cold,CCD,10,True,0.11876654624938965,4.008035,173.5267333984375
ood,cold,CCD,9,True,0.10755228996276855,2.404059,122.99089813232422
ood,cold,CCD,9,True,0.10752010345458984,4.5648737,132.14369201660156
ood,cold,CCD,28,True,0.33185410499572754,4.829714,87.4391860961914
ood,cold,CCD,13,True,0.1598978042602539,4.8327928,130.67523193359375
ood,cold,CCD,17,True,0.20469188690185547,4.449304,177.67572021484375
ood,cold,CCD,21,True,0.2509582042694092,4.0928383,173.803955078125
ood,cold,CCD,24,True,0.2861442565917969,4.6283216,76.64998626708984
ood,cold,CCD,10,True,0.12105274200439453,0.99929667,144.5623321533203
ood,cold,CCD,9,True,0.10846734046936035,3.5985763,97.48133850097656
ood,cold,CCD,16,True,0.20094847679138184,4.6997333,91.323486328125
ood,cold,CCD,9,True,0.1057119369506836,1.9992825,57.62477111816406
ood,cold,CCD,11,True,0.1309502124786377,0.30040088,172.35699462890625
ood,cold,CCD,11,True,0.1282050609588623,4.4453073,147.13047790527344
ood,cold,CCD,29,True,0.3466353416442871,4.902115,104.67369079589844
ood,cold,CCD,9,True,0.10800457000732422,2.6354353,140.5279541015625
ood,cold,CCD,12,True,0.15268802642822266,4.250736,142.22750854492188
ood,cold,CCD,9,True,0.10979700088500977,1.0763092,176.6453399658203
ood,cold,CCD,10,True,0.11590385437011719,0.051906377,123.80693817138672
ood,cold,CCD,12,True,0.14415717124938965,3.8715277,68.19158935546875
ood,cold,CCD,29,True,0.34464049339294434,4.9135127,169.65280151367188
ood,cold,CCD,18,True,0.21524691581726074,3.8356981,120.75183868408203
ood,cold,CCD,9,True,0.11040544509887695,1.7721318,162.62005615234375
ood,cold,CCD,9,True,0.10971474647521973,1.0404811,174.0341339111328
ood,cold,CCD,11,True,0.13002824783325195,4.3938274,160.0278778076172
ood,cold,CCD,11,True,0.1321556568145752,1.8067247,90.24028015136719
ood,cold,CCD,9,True,0.10667896270751953,1.9636217,133.30189514160156
ood,cold,CCD,9,True,0.10627222061157227,1.8543996,175.46209716796875
ood,cold,CCD,11,True,0.13570308685302734,3.571388,129.29306030273438
ood,cold,CCD,10,True,0.12013673782348633,1.2589521,138.78868103027344
ood,cold,CCD,9,True,0.11121797561645508,0.6435921,153.0841522216797
ood,cold,CCD,9,True,0.10881233215332031,0.5389298,144.89273071289062
ood,cold,CCD,11,True,0.13146281242370605,3.1081192,158.36428833007812
ood,cold,CCD,16,True,0.1923205852508545,3.827344,133.2585906982422
ood,cold,CCD,10,True,0.1212930679321289,3.0512347,111.59190368652344
ood,cold,CCD,9,True,0.10778117179870605,2.16632,63.101314544677734
ood,cold,CCD,26,True,0.31534790992736816,4.7923045,77.69476318359375
ood,cold,CCD,10,True,0.12488102912902832,4.9991465,57.84645462036133
ood,cold,CCD,10,True,0.11722803115844727,2.6096377,158.94757080078125
ood,cold,CCD,28,True,0.33007001876831055,4.775335,105.78355407714844
ood,cold,CCD,13,True,0.15125513076782227,4.578977,142.05967712402344
ood,cold,CCD,8,True,0.10207772254943848,4.659586,105.23017120361328
ood,cold,CCD,10,True,0.12492704391479492,2.5652242,164.27403259277344
ood,cold,CCD,10,True,0.1342635154724121,2.2401948,112.4369888305664
ood,cold,CCD,33,True,0.3762962818145752,4.861957,152.50205993652344
ood,cold,CCD,8,True,0.09554529190063477,2.342948,163.53355407714844
ood,cold,CCD,26,True,0.3164231777191162,4.6654816,113.84632110595703
ood,cold,CCD,8,True,0.10408639907836914,4.6848106,119.97757720947266
ood,cold,CCD,16,True,0.19140195846557617,4.70688,136.36622619628906
ood,cold,CCD,10,True,0.11710286140441895,3.762866,131.14817810058594
ood,cold,CCD,7,True,0.08305740356445312,4.570593,93.35977172851562
ood,cold,CCD,9,True,0.10734415054321289,3.622288,127.84546661376953
ood,cold,CCD,13,True,0.15545010566711426,3.043811,158.1163330078125
ood,cold,CCD,9,True,0.10579919815063477,3.3733442,115.16654205322266
ood,cold,CCD,33,True,0.40189194679260254,4.5859823,172.65707397460938
ood,cold,CCD,9,True,0.10635972023010254,3.896186,128.6884765625
ood,cold,CCD,11,True,0.12920308113098145,2.0977814,153.29930114746094
ood,cold,CCD,11,True,0.13059258460998535,0.31470323,164.9274444580078
ood,cold,CCD,8,True,0.09487271308898926,1.8575673,141.46435546875
ood,cold,CCD,10,True,0.12019705772399902,4.605061,153.5552520751953
ood,cold,CCD,10,True,0.12168526649475098,1.26783,148.19981384277344
ood,cold,CCD,8,True,0.10064840316772461,0.8511712,88.23165130615234
ood,cold,CCD,11,True,0.16335797309875488,4.7640243,69.32311248779297
ood,cold,CCD,22,True,0.25754785537719727,4.296798,169.21176147460938
ood,cold,CCD,12,True,0.1396195888519287,2.8152952,106.8807601928711
ood,cold,CCD,9,True,0.10476088523864746,0.96527857,141.64442443847656
ood,cold,CCD,9,True,0.10521268844604492,4.905465,65.3810043334961
ood,cold,CCD,8,True,0.09665250778198242,0.24501997,125.58509826660156
ood,cold,CCD,16,True,0.19646024703979492,4.9475174,141.78713989257812
ood,cold,CCD,11,True,0.13314080238342285,0.9822565,140.08441162109375
ood,cold,CCD,9,True,0.10547518730163574,2.836217,44.11357116699219
ood,cold,CCD,9,True,0.10604500770568848,3.0921652,170.21128845214844
ood,cold,CCD,9,True,0.10417723655700684,3.6850917,52.26499557495117
ood,cold,CCD,20,True,0.23070979118347168,4.021822,38.793800354003906
ood,cold,CCD,9,True,0.1043553352355957,1.2333832,81.00836181640625
ood,cold,CCD,9,True,0.11163997650146484,1.2221553,109.45669555664062
ood,cold,CCD,9,True,0.10748720169067383,1.7404785,142.83645629882812
ood,cold,CCD,11,True,0.1316826343536377,2.760928,43.58152389526367
ood,cold,CCD,11,True,0.12709808349609375,3.7329276,112.63472747802734
ood,cold,CCD,31,True,0.3594663143157959,4.9626517,42.10498809814453
ood,cold,CCD,7,True,0.0822305679321289,2.6728063,103.74744415283203
ood,cold,CCD,40,True,0.4789121150970459,4.96717,118.54318237304688
ood,cold,CCD,9,True,0.10378408432006836,2.0335739,126.9612808227539
ood,cold,CCD,9,True,0.10522246360778809,1.7783902,144.65481567382812
ood,cold,CCD,9,True,0.15786242485046387,1.6724012,132.00045776367188
ood,cold,CCD,10,True,0.17544007301330566,1.7546215,134.79141235351562
ood,cold,CCD,24,True,0.28107643127441406,4.206508,171.78550720214844
ood,cold,CCD,11,True,0.14166855812072754,3.1515434,102.77556610107422
ood,cold,CCD,13,True,0.15209126472473145,3.4519372,172.30886840820312
ood,cold,CCD,11,True,0.128204345703125,1.6090716,70.32467651367188
ood,cold,CCD,12,True,0.14380264282226562,3.0351439,109.39984893798828
ood,cold,CCD,9,True,0.10742402076721191,3.8421466,138.37625122070312
ood,cold,CCD,19,True,0.24892115592956543,4.736448,89.06448364257812
ood,cold,CCD,14,True,0.16444849967956543,4.093502,173.17445373535156
ood,cold,CCD,9,True,0.10610294342041016,3.20226,68.94305419921875
ood,cold,CCD,10,True,0.11781477928161621,1.3996445,93.61460876464844
ood,cold,CCD,26,True,0.3489720821380615,4.7543187,174.02040100097656
ood,cold,CCD,10,True,0.11754584312438965,3.442238,120.7703857421875
ood,cold,CCD,14,True,0.17194390296936035,4.6364393,122.6784439086914
ood,cold,CCD,11,True,0.1383070945739746,0.42443773,80.0792007446289
ood,cold,CCD,12,True,0.14079594612121582,3.9961567,170.9468994140625
ood,cold,CCD,22,True,0.2549924850463867,4.3236375,113.28243255615234
ood,cold,CCD,11,True,0.128326416015625,4.2514324,145.65054321289062
ood,cold,CCD,11,True,0.12736129760742188,1.8846476,115.82267761230469
ood,cold,CCD,11,True,0.13628649711608887,3.1404748,19.32500648498535
ood,cold,CCD,9,True,0.11295223236083984,1.1863168,165.834716796875
ood,cold,CCD,12,True,0.14339327812194824,4.249557,77.02476501464844
ood,cold,CCD,9,True,0.11867690086364746,0.8791054,179.17872619628906
ood,cold,CCD,10,True,0.11549901962280273,0.7958262,162.45556640625
ood,cold,CCD,9,True,0.10004758834838867,0.4980361,157.2783203125
ood,cold,CCD,9,True,0.10310816764831543,3.7476807,173.6239776611328
ood,cold,CCD,9,True,0.10523056983947754,2.6333575,61.7156867980957
ood,cold,CCD,8,True,0.09214067459106445,0.9576172,144.80419921875
ood,cold,CCD,30,True,0.3811955451965332,4.341157,165.91748046875
ood,cold,CCD,10,True,0.13616180419921875,1.9518121,130.57908630371094
ood,cold,CCD,13,True,0.15681171417236328,2.965609,69.8771743774414
ood,cold,CCD,11,True,0.1277461051940918,4.892568,165.9690399169922
ood,cold,CCD,9,True,0.10809206962585449,0.62112164,175.32833862304688
ood,cold,CCD,10,True,0.116302490234375,0.578895,139.39627075195312
ood,cold,CCD,11,True,0.1337597370147705,0.6187387,151.1201171875
ood,cold,CCD,17,True,0.207564115524292,4.796674,146.9944610595703
ood,cold,CCD,9,True,0.10786890983581543,1.8750681,104.93123626708984
ood,cold,CCD,11,True,0.142730712890625,3.6076293,129.1860809326172
ood,cold,CCD,9,True,0.11679315567016602,3.730519,140.8751983642578
ood,cold,CCD,12,True,0.14071035385131836,4.5045943,94.27333068847656
ood,cold,CCD,48,True,0.5722076892852783,4.7463417,174.7256622314453
ood,cold,CCD,18,True,0.21346116065979004,4.7394943,106.2686538696289
ood,cold,CCD,10,True,0.11622071266174316,2.4010537,68.14512634277344
ood,cold,CCD,8,True,0.09452366828918457,2.6496985,119.77257537841797
ood,cold,CCD,9,True,0.10476851463317871,0.83272827,154.0938720703125
ood,cold,CCD,24,True,0.2901031970977783,4.618157,120.7386703491211
ood,cold,CCD,35,True,0.4197573661804199,4.836266,99.68461608886719
ood,cold,CCD,10,True,0.11705827713012695,1.125076,176.8426513671875
ood,cold,CCD,8,True,0.09230613708496094,3.2709084,101.51847076416016
ood,cold,CCD,9,True,0.10894274711608887,4.7397666,153.7399139404297
ood,cold,CCD,11,True,0.13200998306274414,4.658007,159.37318420410156
ood,cold,CCD,28,True,0.33899378776550293,4.3387914,90.30848693847656
ood,cold,CCD,9,True,0.10552239418029785,1.7270058,128.75274658203125
ood,cold,CCD,9,True,0.10427260398864746,3.1983643,118.32149505615234
ood,cold,CCD,29,True,0.33885979652404785,4.564688,137.89700317382812
ood,cold,CCD,16,True,0.19566059112548828,4.70621,116.07481384277344
ood,cold,CCD,14,True,0.17008328437805176,4.681801,161.3964385986328
ood,cold,CCD,8,True,0.09353876113891602,4.647219,148.97354125976562
ood,cold,CCD,9,True,0.1046609878540039,3.8053544,93.35856628417969
ood,cold,CCD,11,True,0.1301100254058838,3.2660086,118.28680419921875
ood,cold,CCD,9,True,0.11503839492797852,2.1493483,122.38790893554688
ood,cold,CCD,9,True,0.10487174987792969,2.391372,98.09150695800781
ood,cold,CCD,14,True,0.15848946571350098,4.0036926,173.51768493652344
ood,cold,CCD,10,True,0.12337756156921387,2.5737824,83.33057403564453
ood,cold,CCD,10,True,0.12498831748962402,1.3150609,103.48890686035156
ood,cold,CCD,10,True,0.12007355690002441,1.8892165,130.9156036376953
ood,cold,CCD,11,True,0.12962102890014648,3.829641,145.76504516601562
ood,cold,CCD,83,True,0.9797704219818115,4.651036,120.0693130493164
ood,pinn,DLS,44,True,0.1249852180480957,3.203354,0.0
ood,pinn,DLS,300,False,0.8472874164581299,8.878847,0.2563422620296478
ood,pinn,DLS,10,True,0.028952598571777344,4.741332,0.2917605936527252
ood,pinn,DLS,300,False,0.8405108451843262,26.87967,0.19822166860103607
ood,pinn,DLS,300,False,0.8463945388793945,10.217096,2.1717288494110107
ood,pinn,DLS,300,False,0.8367857933044434,116.16825,10.45716381072998
ood,pinn,DLS,300,False,0.8664772510528564,19.04644,0.0
ood,pinn,DLS,300,False,0.8609671592712402,179.98189,1.013474941253662
ood,pinn,DLS,3,True,0.010570526123046875,3.2267184,0.05445067584514618
ood,pinn,DLS,300,False,0.8463687896728516,137.7529,18.382381439208984
ood,pinn,DLS,44,True,0.12135505676269531,4.9076676,0.0
ood,pinn,DLS,33,True,0.09153246879577637,4.8057523,0.0
ood,pinn,DLS,31,True,0.0852959156036377,3.6348555,0.0
ood,pinn,DLS,300,False,0.8478236198425293,8.91291,0.042516667395830154
ood,pinn,DLS,37,True,0.10160470008850098,4.4256516,0.22862088680267334
ood,pinn,DLS,300,False,0.8522822856903076,97.2888,10.841983795166016
ood,pinn,DLS,50,True,0.13979101181030273,4.992801,0.052590351551771164
ood,pinn,DLS,10,True,0.028755903244018555,4.7790103,0.053978126496076584
ood,pinn,DLS,17,True,0.05044269561767578,4.485288,0.4556754529476166
ood,pinn,DLS,54,True,0.15378308296203613,4.7939353,0.0
ood,pinn,DLS,300,False,0.837730884552002,41.62484,13.415699005126953
ood,pinn,DLS,300,False,0.8465709686279297,105.82528,17.596311569213867
ood,pinn,DLS,300,False,0.8607993125915527,50.8871,0.4825451076030731
ood,pinn,DLS,300,False,0.8306353092193604,131.3017,0.4180224537849426
ood,pinn,DLS,6,True,0.01794123649597168,4.0325336,0.04223690554499626
ood,pinn,DLS,300,False,0.8421149253845215,72.82991,13.183938026428223
ood,pinn,DLS,9,True,0.026784658432006836,4.2161407,0.06830916553735733
ood,pinn,DLS,40,True,0.11146783828735352,4.952234,0.05400633066892624
ood,pinn,DLS,39,True,0.11069369316101074,3.99152,0.08833393454551697
ood,pinn,DLS,5,True,0.015167713165283203,3.3651226,0.03039008378982544
ood,pinn,DLS,30,True,0.08305048942565918,4.6531477,0.05304624140262604
ood,pinn,DLS,6,True,0.019999027252197266,4.7631483,0.05299137532711029
ood,pinn,DLS,188,True,0.5279924869537354,4.6712675,0.0
ood,pinn,DLS,42,True,0.11607170104980469,4.620055,0.4933105409145355
ood,pinn,DLS,58,True,0.15854668617248535,4.8714614,0.0459064319729805
ood,pinn,DLS,36,True,0.10408759117126465,4.75272,0.05016674846410751
ood,pinn,DLS,300,False,0.847008228302002,359.15042,10.717836380004883
ood,pinn,DLS,118,True,0.3335297107696533,4.953677,0.2376796007156372
ood,pinn,DLS,52,True,0.1436476707458496,4.890957,0.035425037145614624
ood,pinn,DLS,300,False,0.8434598445892334,24.336456,1.1316485404968262
ood,pinn,DLS,30,True,0.08440566062927246,4.8818154,0.15073828399181366
ood,pinn,DLS,300,False,0.8343689441680908,30.400993,0.0944967120885849
ood,pinn,DLS,30,True,0.08438491821289062,4.332899,0.012548132799565792
ood,pinn,DLS,300,False,0.8372952938079834,217.45549,16.897987365722656
ood,pinn,DLS,300,False,0.8498413562774658,12.349256,0.0
ood,pinn,DLS,300,False,0.8661422729492188,168.99065,0.4149147868156433
ood,pinn,DLS,300,False,0.859642505645752,35.731075,0.27278974652290344
ood,pinn,DLS,89,True,0.2449173927307129,4.8857646,0.8294737935066223
ood,pinn,DLS,85,True,0.24843358993530273,3.6757457,0.06499956548213959
ood,pinn,DLS,66,True,0.1829967498779297,4.1799326,0.1134018748998642
ood,pinn,DLS,18,True,0.050841569900512695,4.558124,0.05583270639181137
ood,pinn,DLS,300,False,0.8418853282928467,14.142129,0.27482157945632935
ood,pinn,DLS,300,False,0.847398042678833,104.24611,21.251907348632812
ood,pinn,DLS,300,False,0.8469641208648682,84.34696,18.091501235961914
ood,pinn,DLS,300,False,0.8480527400970459,51.386326,6.232120513916016
ood,pinn,DLS,300,False,0.8448953628540039,169.89894,0.6864864826202393
ood,pinn,DLS,20,True,0.0604860782623291,4.624662,0.059363752603530884
ood,pinn,DLS,300,False,0.8288779258728027,125.570404,35.27841567993164
ood,pinn,DLS,21,True,0.060938119888305664,4.6622396,0.1151759922504425
ood,pinn,DLS,300,False,0.8504340648651123,183.01086,0.5146315097808838
ood,pinn,DLS,53,True,0.16783881187438965,4.9533663,0.0
ood,pinn,DLS,88,True,0.26301002502441406,4.9551845,0.3412185311317444
ood,pinn,DLS,7,True,0.02047276496887207,4.678241,0.0
ood,pinn,DLS,300,False,0.8519208431243896,9.70105,0.17380353808403015
ood,pinn,DLS,300,False,0.8885972499847412,185.37927,0.8227816820144653
ood,pinn,DLS,88,True,0.25064802169799805,4.9147506,0.053582437336444855
ood,pinn,DLS,7,True,0.02060246467590332,4.7200513,0.08321965485811234
ood,pinn,DLS,220,True,0.6231954097747803,4.9988008,0.04552365466952324
ood,pinn,DLS,300,False,0.8468203544616699,128.89584,0.47034019231796265
ood,pinn,DLS,119,True,0.34290170669555664,4.9673257,0.05542267486453056
ood,pinn,DLS,9,True,0.026477575302124023,4.5784726,0.03696795552968979
ood,pinn,DLS,300,False,0.8497846126556396,84.064835,1.6339375972747803
ood,pinn,DLS,300,False,0.8533720970153809,82.0524,7.788167953491211
ood,pinn,DLS,300,False,0.8556656837463379,599.8049,6.347002983093262
ood,pinn,DLS,58,True,0.1691892147064209,4.5981116,0.12194737792015076
ood,pinn,DLS,21,True,0.058272600173950195,4.5250335,0.786158561706543
ood,pinn,DLS,68,True,0.1964113712310791,4.932057,0.04937245696783066
ood,pinn,DLS,300,False,0.8529911041259766,125.82468,0.3419938087463379
ood,pinn,DLS,300,False,0.8434412479400635,50.6734,0.05864119902253151
ood,pinn,DLS,5,True,0.01616525650024414,4.2488356,0.0
ood,pinn,DLS,3,True,0.009093523025512695,4.797657,0.09387999773025513
ood,pinn,DLS,300,False,0.8592677116394043,151.44388,23.53032875061035
ood,pinn,DLS,7,True,0.021541118621826172,4.482987,0.05237116292119026
ood,pinn,DLS,89,True,0.2541232109069824,4.8307495,0.08320841938257217
ood,pinn,DLS,29,True,0.08675336837768555,4.7949553,0.10953601449728012
ood,pinn,DLS,300,False,0.8516561985015869,579.2091,14.27502155303955
ood,pinn,DLS,300,False,0.8893206119537354,40.205944,7.0750861167907715
ood,pinn,DLS,300,False,0.8513443470001221,14.14235,4.208225250244141
ood,pinn,DLS,20,True,0.05966973304748535,4.722903,0.06215718761086464
ood,pinn,DLS,9,True,0.025719404220581055,3.9308407,0.0
ood,pinn,DLS,33,True,0.10583329200744629,4.5689683,0.2374817132949829
ood,pinn,DLS,4,True,0.01418924331665039,3.5980742,0.03749702125787735
ood,pinn,DLS,300,False,0.8774147033691406,155.60599,61.15267562866211
ood,pinn,DLS,47,True,0.13514924049377441,4.919173,0.0
ood,pinn,DLS,300,False,0.8499023914337158,124.09389,0.2576880156993866
ood,pinn,DLS,300,False,0.8601312637329102,8.811468,1.6766934394836426
ood,pinn,DLS,47,True,0.13230347633361816,4.156404,0.05736566707491875
ood,pinn,DLS,300,False,0.8593082427978516,135.73819,5.335946559906006
ood,pinn,DLS,300,False,0.8907837867736816,42.87775,5.600369453430176
ood,pinn,DLS,82,True,0.2445356845855713,4.6316843,0.07695925235748291
ood,pinn,DLS,89,True,0.30350828170776367,4.0178704,0.0973842516541481
ood,pinn,DLS,13,True,0.04180145263671875,4.9563646,1.3283334970474243
ood,pinn,DLS,300,False,0.8586311340332031,211.15907,13.529339790344238
ood,pinn,DLS,37,True,0.10930633544921875,4.161265,0.041765984147787094
ood,pinn,DLS,10,True,0.03331160545349121,4.46088,0.04875137656927109
ood,pinn,DLS,41,True,0.11643171310424805,4.073365,0.14882178604602814
ood,pinn,DLS,6,True,0.017682552337646484,4.8000984,0.11871979385614395
ood,pinn,DLS,29,True,0.0848226547241211,4.516477,0.110621377825737
ood,pinn,DLS,300,False,0.8891429901123047,114.037674,4.894220352172852
ood,pinn,DLS,40,True,0.11731576919555664,4.4620013,0.09832633286714554
ood,pinn,DLS,300,False,0.8510255813598633,32.7636,9.043508529663086
ood,pinn,DLS,5,True,0.018526315689086914,3.6192923,0.049364618957042694
ood,pinn,DLS,300,False,0.8473858833312988,97.61687,21.394084930419922
ood,pinn,DLS,5,True,0.015118122100830078,4.8263392,0.0
ood,pinn,DLS,17,True,0.04979085922241211,4.9021063,0.05230415239930153
ood,pinn,DLS,300,False,0.8714251518249512,90.88848,0.4436807632446289
ood,pinn,DLS,300,False,0.8433868885040283,96.68881,12.567127227783203
ood,pinn,DLS,10,True,0.028653860092163086,4.743471,0.0666702389717102
ood,pinn,DLS,32,True,0.09030461311340332,3.3544302,0.056960005313158035
ood,pinn,DLS,28,True,0.08520936965942383,4.43968,0.059426259249448776
ood,pinn,DLS,300,False,0.8471825122833252,105.50856,0.246117502450943
ood,pinn,DLS,3,True,0.009365081787109375,3.5115492,0.038923799991607666
ood,pinn,DLS,31,True,0.09208416938781738,4.8656363,0.07590807229280472
ood,pinn,DLS,289,True,0.8274261951446533,4.984566,0.16834679245948792
ood,pinn,DLS,35,True,0.09784626960754395,3.66112,0.0
ood,pinn,DLS,3,True,0.010528087615966797,4.338825,0.06978531181812286
ood,pinn,DLS,36,True,0.10432076454162598,3.9157443,0.017362244427204132
ood,pinn,DLS,42,True,0.12181687355041504,4.3125916,0.0
ood,pinn,DLS,4,True,0.01302337646484375,4.71372,0.045376840978860855
ood,pinn,DLS,36,True,0.10729861259460449,4.664528,0.05990668386220932
ood,pinn,DLS,32,True,0.09158873558044434,4.1278152,0.0
ood,pinn,DLS,72,True,0.20395565032958984,4.829439,0.0701039507985115
ood,pinn,DLS,300,False,0.8644702434539795,608.5137,24.84295654296875
ood,pinn,DLS,9,True,0.03028416633605957,3.9060512,0.05085930600762367
ood,pinn,DLS,22,True,0.0725400447845459,4.787911,0.09912355244159698
ood,pinn,DLS,300,False,0.88584303855896,42.82648,0.44970741868019104
ood,pinn,DLS,212,True,0.5961763858795166,4.6302543,0.08859500288963318
ood,pinn,DLS,12,True,0.035068511962890625,4.9884467,0.059255942702293396
ood,pinn,DLS,300,False,0.8949899673461914,149.57239,0.7697792053222656
ood,pinn,DLS,52,True,0.15402483940124512,4.6295877,0.11296071857213974
ood,pinn,DLS,6,True,0.019747018814086914,4.576674,0.18550026416778564
ood,pinn,DLS,300,False,0.848057746887207,6.4887037,0.07737354189157486
ood,pinn,DLS,10,True,0.03108954429626465,4.389511,0.14653082191944122
ood,pinn,DLS,29,True,0.10109710693359375,4.6421084,0.07137400656938553
ood,pinn,DLS,2,True,0.009023666381835938,3.5522265,0.13054558634757996
ood,pinn,DLS,300,False,0.8780145645141602,182.55905,53.89396667480469
ood,pinn,DLS,300,False,0.8589568138122559,29.714275,0.2793301045894623
ood,pinn,DLS,172,True,0.5119667053222656,4.9783936,0.09372523427009583
ood,pinn,DLS,3,True,0.01236867904663086,3.7281668,0.051964178681373596
ood,pinn,DLS,6,True,0.01947927474975586,4.7731833,0.20757398009300232
ood,pinn,DLS,8,True,0.0236358642578125,4.3498497,0.0
ood,pinn,DLS,14,True,0.041027069091796875,4.8490825,0.08352663367986679
ood,pinn,DLS,300,False,0.8414545059204102,153.1891,0.8837487101554871
ood,pinn,DLS,300,False,0.9033746719360352,745.188,17.718883514404297
ood,pinn,DLS,300,False,0.8434703350067139,141.69258,0.10162315517663956
ood,pinn,DLS,41,True,0.11910700798034668,4.580579,0.054118622094392776
ood,pinn,DLS,76,True,0.21532893180847168,4.8129144,0.07921671122312546
ood,pinn,DLS,7,True,0.02097296714782715,4.298974,0.05008413642644882
ood,pinn,DLS,300,False,0.8582048416137695,43.19839,0.5794013142585754
ood,pinn,DLS,300,False,0.8746223449707031,55.047855,0.09629495441913605
ood,pinn,DLS,14,True,0.04174351692199707,4.8517437,0.050489284098148346
ood,pinn,DLS,300,False,0.8457715511322021,113.962654,0.9632179737091064
ood,pinn,DLS,81,True,0.23613858222961426,4.847195,0.1882128119468689
ood,pinn,DLS,19,True,0.054311513900756836,3.735372,0.04221085458993912
ood,pinn,DLS,8,True,0.02367258071899414,4.7936287,0.0553930401802063
ood,pinn,DLS,300,False,0.9106478691101074,10.311561,0.4180178940296173
ood,pinn,DLS,12,True,0.038590192794799805,4.8451114,0.04032868891954422
ood,pinn,DLS,14,True,0.04000043869018555,4.6657934,0.08484344184398651
ood,pinn,DLS,48,True,0.13642120361328125,3.14018,0.029396288096904755
ood,pinn,DLS,18,True,0.05431342124938965,4.9165397,0.08194660395383835
ood,pinn,DLS,204,True,0.5768163204193115,4.899242,0.05626434087753296
ood,pinn,DLS,19,True,0.058335304260253906,4.6691504,0.2833760678768158
ood,pinn,DLS,89,True,0.25104451179504395,4.9164686,0.0823603942990303
ood,pinn,DLS,57,True,0.1657731533050537,4.89245,0.030803203582763672
ood,pinn,DLS,20,True,0.058120012283325195,4.745836,0.0
ood,pinn,DLS,53,True,0.1503467559814453,4.92496,0.040773410350084305
ood,pinn,DLS,4,True,0.01287221908569336,3.6213489,0.05646691098809242
ood,pinn,DLS,300,False,0.8557040691375732,323.70667,1.285201072692871
ood,pinn,DLS,32,True,0.08890295028686523,2.6145077,0.03758030757308006
ood,pinn,DLS,47,True,0.13248562812805176,4.3309183,0.04920533671975136
ood,pinn,DLS,3,True,0.009876251220703125,3.165272,0.03852330520749092
ood,pinn,DLS,39,True,0.11145853996276855,4.13546,0.08985774964094162
ood,pinn,DLS,3,True,0.011953353881835938,4.437556,0.0872827023267746
ood,pinn,DLS,16,True,0.046245574951171875,4.6064453,0.04518036171793938
ood,pinn,DLS,7,True,0.020341873168945312,4.5197396,0.1355489194393158
ood,pinn,DLS,46,True,0.13596320152282715,4.9332542,0.03868411108851433
ood,pinn,DLS,300,False,0.8655722141265869,96.04162,0.5173120498657227
ood,pinn,DLS,41,True,0.11852025985717773,3.751037,0.0
ood,pinn,DLS,300,False,0.8488435745239258,136.54149,11.682082176208496
ood,pinn,DLS,183,True,0.5169100761413574,4.994341,0.04907015338540077
ood,pinn,DLS,24,True,0.07363772392272949,4.7249618,0.31730324029922485
ood,pinn,DLS,20,True,0.058359384536743164,4.685523,0.04648401215672493
ood,pinn,DLS,2,True,0.007183551788330078,2.5271442,0.07757057994604111
ood,pinn,DLS,87,True,0.2638223171234131,4.901033,0.04603874310851097
ood,pinn,DLS,9,True,0.03335928916931152,4.6717634,0.044490963220596313
ood,pinn,DLS,300,False,0.871025800704956,49.012753,0.34811142086982727
ood,pinn,DLS,300,False,0.8707506656646729,314.31836,1.0809040069580078
ood,pinn,DLS,300,False,0.8795287609100342,40.609814,15.6448392868042
ood,pinn,DLS,5,True,0.016182661056518555,4.4025197,0.05206643044948578
ood,pinn,DLS,5,True,0.014937877655029297,3.2907143,0.0816696509718895
ood,pinn,DLS,300,False,0.8520691394805908,128.01816,50.845306396484375
ood,pinn,DLS,36,True,0.10110950469970703,4.3368125,0.0626777708530426
ood,pinn,DLS,4,True,0.012242317199707031,4.4833407,0.07790472358465195
ood,pinn,DLS,36,True,0.1058804988861084,4.995552,0.0
ood,pinn,DLS,29,True,0.08133268356323242,4.678382,0.1749277412891388
ood,pinn,DLS,4,True,0.01264643669128418,3.3809502,0.07815205305814743
ood,pinn,DLS,6,True,0.01808905601501465,4.0107446,0.03826921433210373
ood,pinn,DLS,27,True,0.07840228080749512,4.1403713,0.0462738536298275
ood,pinn,DLS,300,False,0.9396898746490479,6.554842,4.571333408355713
ood,pinn,DLS,7,True,0.020777225494384766,3.8393214,0.05270513892173767
ood,pinn,DLS,300,False,0.8894572257995605,17.39344,0.7144562005996704
ood,pinn,DLS,18,True,0.05482220649719238,4.6660833,0.04132794216275215
ood,pinn,DLS,9,True,0.02541208267211914,4.7354836,0.24906617403030396
ood,pinn,DLS,300,False,0.9142715930938721,13.323365,0.3292430341243744
ood,pinn,DLS,300,False,0.9454705715179443,19.141287,0.8411915898323059
ood,pinn,DLS,5,True,0.017232656478881836,4.952992,0.04803404211997986
ood,pinn,DLS,17,True,0.04917120933532715,4.940085,0.0532076321542263
ood,pinn,DLS,3,True,0.009057760238647461,3.1772332,0.06324965506792068
ood,pinn,DLS,3,True,0.013614892959594727,2.9900444,0.04574722424149513
ood,pinn,DLS,36,True,0.12200045585632324,4.530824,0.05195796862244606
ood,pinn,DLS,300,False,0.8542132377624512,6.407726,0.055928003042936325
ood,pinn,DLS,5,True,0.015147686004638672,3.4336278,0.030802106484770775
ood,pinn,DLS,4,True,0.012310981750488281,4.4006133,0.05478602275252342
ood,pinn,DLS,300,False,0.9639976024627686,97.23615,8.59898853302002
ood,pinn,DLS,300,False,0.9112398624420166,478.06012,2.4729104042053223
ood,pinn,DLS,47,True,0.13454842567443848,4.873556,0.10762699693441391
ood,pinn,DLS,300,False,0.8581922054290771,128.36282,11.721125602722168
ood,pinn,DLS,300,False,0.8478109836578369,126.036064,75.23634338378906
ood,pinn,DLS,300,False,0.8679838180541992,246.12418,43.443092346191406
ood,pinn,DLS,300,False,0.8454971313476562,51.751003,11.604745864868164
ood,pinn,DLS,300,False,0.8510432243347168,91.357155,0.08288368582725525
ood,pinn,DLS,300,False,0.8812260627746582,115.245415,10.016436576843262
ood,pinn,DLS,300,False,0.8400757312774658,30.13561,0.4243575632572174
ood,pinn,DLS,300,False,0.8582854270935059,102.353905,4.929075241088867
ood,pinn,DLS,7,True,0.021467208862304688,4.3438463,0.03705315291881561
ood,pinn,DLS,300,False,0.8573946952819824,100.06993,1.24367356300354
ood,pinn,DLS,300,False,0.8638870716094971,31.25877,1.6788780689239502
ood,pinn,DLS,7,True,0.02156376838684082,3.5801463,0.04517620429396629
ood,pinn,DLS,85,True,0.24430346488952637,4.944276,0.04085927829146385
ood,pinn,DLS,35,True,0.10012292861938477,4.564282,0.09005946666002274
ood,pinn,DLS,300,False,0.8590104579925537,127.39025,2.5072715282440186
ood,pinn,DLS,52,True,0.14901232719421387,2.8567781,0.05446435138583183
ood,pinn,DLS,6,True,0.0180509090423584,3.8048735,0.05222143605351448
ood,pinn,DLS,300,False,0.8611860275268555,10.280225,2.1834487915039062
ood,pinn,DLS,7,True,0.020459890365600586,4.128457,0.05213360860943794
ood,pinn,DLS,52,True,0.14611029624938965,4.9738464,0.02692357264459133
ood,pinn,DLS,300,False,0.8651988506317139,26.728933,8.120277404785156
ood,pinn,DLS,31,True,0.08914327621459961,3.6956165,0.0
ood,pinn,DLS,300,False,0.863469123840332,572.83105,8.464757919311523
ood,pinn,DLS,300,False,0.8602893352508545,19.58525,0.1588495522737503
ood,pinn,DLS,135,True,0.38251757621765137,4.9587874,0.11206940561532974
ood,pinn,DLS,8,True,0.02579212188720703,3.864569,0.025179089978337288
ood,pinn,DLS,21,True,0.06285405158996582,4.8989997,0.034110914915800095
ood,pinn,DLS,300,False,0.8537907600402832,9.82884,0.13616539537906647
ood,pinn,DLS,5,True,0.015244722366333008,3.7732313,0.0
ood,pinn,DLS,74,True,0.21303677558898926,4.8378744,0.19977256655693054
ood,pinn,DLS,300,False,0.8530912399291992,44.159916,16.696834564208984
ood,pinn,DLS,153,True,0.43701863288879395,4.7026577,0.5846459865570068
ood,pinn,DLS,136,True,0.38335490226745605,4.930483,0.1705915629863739
ood,pinn,DLS,300,False,0.8582112789154053,71.09452,0.08919476717710495
ood,pinn,DLS,47,True,0.13398981094360352,4.775709,0.04698717221617699
ood,pinn,DLS,93,True,0.2664484977722168,4.6563225,0.20198418200016022
ood,pinn,DLS,300,False,0.8562815189361572,388.50656,15.707030296325684
ood,pinn,DLS,9,True,0.026636838912963867,4.7133203,0.16273021697998047
ood,pinn,DLS,57,True,0.165907621383667,4.682072,0.32081809639930725
ood,pinn,DLS,300,False,0.8567938804626465,116.52873,0.6007907390594482
ood,pinn,DLS,218,True,0.6510090827941895,4.987805,0.15037484467029572
ood,pinn,DLS,300,False,0.8565309047698975,103.773445,6.060186862945557
ood,pinn,DLS,8,True,0.026388883590698242,3.4574409,0.0
ood,pinn,DLS,12,True,0.03460359573364258,4.7066708,0.06647329032421112
ood,pinn,DLS,300,False,0.8507118225097656,29.54934,2.204089879989624
ood,pinn,DLS,300,False,0.8530740737915039,149.7137,0.26049143075942993
ood,pinn,DLS,300,False,0.8525493144989014,173.50648,51.95657730102539
ood,pinn,DLS,57,True,0.1699049472808838,4.14332,0.13794536888599396
ood,pinn,DLS,300,False,0.857172966003418,142.41055,24.835166931152344
ood,pinn,DLS,16,True,0.05078840255737305,4.7064266,0.1328475922346115
ood,pinn,DLS,25,True,0.0747079849243164,4.997128,0.0
ood,pinn,DLS,19,True,0.055167198181152344,4.6745605,0.027491241693496704
ood,pinn,DLS,36,True,0.10472369194030762,4.455701,0.12807293236255646
ood,pinn,DLS,37,True,0.1038203239440918,4.00628,0.0
ood,pinn,DLS,12,True,0.03442025184631348,4.136034,0.0
ood,pinn,DLS,8,True,0.023485422134399414,3.8553598,0.09614700824022293
ood,pinn,DLS,7,True,0.023314237594604492,4.8978,0.0
ood,pinn,DLS,300,False,0.892042875289917,5.4596024,5.855048656463623
ood,pinn,DLS,6,True,0.018343210220336914,4.219668,0.0
ood,pinn,DLS,4,True,0.013351678848266602,4.9915767,0.12888669967651367
ood,pinn,DLS,61,True,0.17110133171081543,4.169416,0.035517074167728424
ood,pinn,DLS,6,True,0.01853156089782715,4.4057856,0.07033756375312805
ood,pinn,DLS,8,True,0.023729801177978516,3.9475029,0.08817178755998611
ood,pinn,DLS,300,False,0.8527660369873047,97.89025,8.18635368347168
ood,pinn,DLS,300,False,0.8470466136932373,211.1239,44.940673828125
ood,pinn,DLS,52,True,0.14900827407836914,4.6364684,0.09848715364933014
ood,pinn,DLS,12,True,0.0359501838684082,4.927893,0.024483559653162956
ood,pinn,DLS,4,True,0.013592720031738281,4.306329,0.0
ood,pinn,DLS,79,True,0.22276878356933594,4.9955883,0.1440034657716751
ood,pinn,DLS,74,True,0.20804691314697266,4.327193,0.06773332506418228
ood,pinn,DLS,300,False,0.8455054759979248,43.322002,24.021217346191406
ood,pinn,DLS,300,False,0.8584256172180176,60.111557,11.281168937683105
ood,pinn,DLS,23,True,0.06233692169189453,4.7008734,0.0704585537314415
ood,pinn,DLS,246,True,0.7094426155090332,4.953539,0.145466610789299
ood,pinn,CCD,6,True,0.07157301902770996,2.8308005,84.32366180419922
ood,pinn,CCD,2,True,0.025324106216430664,1.6013674,21.161582946777344
ood,pinn,CCD,3,True,0.03581738471984863,2.052415,12.970314025878906
ood,pinn,CCD,5,True,0.06425189971923828,3.8028507,44.42478942871094
ood,pinn,CCD,6,True,0.07297658920288086,2.9633248,87.6671142578125
ood,pinn,CCD,300,False,3.551645517349243,206.13318,38.50728988647461
ood,pinn,CCD,9,True,0.10551095008850098,4.412994,47.04342269897461
ood,pinn,CCD,300,False,3.5565645694732666,15.263021,107.33039093017578
ood,pinn,CCD,2,True,0.024219512939453125,0.23369439,13.869475364685059
ood,pinn,CCD,3,True,0.0369722843170166,1.6856191,27.652437210083008
ood,pinn,CCD,3,True,0.04070639610290527,2.8400352,31.363237380981445
ood,pinn,CCD,3,True,0.037722110748291016,4.600174,30.567636489868164
ood,pinn,CCD,3,True,0.03853750228881836,2.559749,40.29805374145508
ood,pinn,CCD,300,False,3.5529980659484863,290.04303,115.95874786376953
ood,pinn,CCD,300,False,3.548706531524658,138.61516,52.87911605834961
ood,pinn,CCD,300,False,3.540591239929199,81.43975,142.21524047851562
ood,pinn,CCD,7,True,0.08628654479980469,3.3327084,62.06374740600586
ood,pinn,CCD,2,True,0.024797439575195312,3.4534814,26.51504135131836
ood,pinn,CCD,2,True,0.024977684020996094,1.894596,58.871337890625
ood,pinn,CCD,14,True,0.17061901092529297,3.6999254,174.88824462890625
ood,pinn,CCD,4,True,0.04915189743041992,4.098118,61.50499725341797
ood,pinn,CCD,300,False,3.5414376258850098,89.1445,58.71794509887695
ood,pinn,CCD,3,True,0.035897254943847656,3.6532958,21.482023239135742
ood,pinn,CCD,300,False,3.619706630706787,113.1462,134.42852783203125
ood,pinn,CCD,2,True,0.0244293212890625,3.0361261,39.2202033996582
ood,pinn,CCD,2,True,0.025351524353027344,4.3701596,30.35004234313965
ood,pinn,CCD,3,True,0.03616046905517578,0.55223155,45.990257263183594
ood,pinn,CCD,1,True,0.013303756713867188,0.84018266,23.427539825439453
ood,pinn,CCD,300,False,3.550877809524536,117.97974,76.99678039550781
ood,pinn,CCD,1,True,0.013548135757446289,2.1039474,19.77880859375
ood,pinn,CCD,300,False,3.5628323554992676,95.785034,117.01428985595703
ood,pinn,CCD,2,True,0.023748159408569336,4.6635,29.847152709960938
ood,pinn,CCD,4,True,0.04800081253051758,2.3049383,30.015851974487305
ood,pinn,CCD,300,False,3.5718488693237305,188.60432,40.1872673034668
ood,pinn,CCD,4,True,0.04868721961975098,4.7921247,45.3328971862793
ood,pinn,CCD,2,True,0.025716066360473633,2.6431053,42.603878021240234
ood,pinn,CCD,7,True,0.08462953567504883,4.294989,119.50855255126953
ood,pinn,CCD,5,True,0.058867454528808594,1.5627499,78.67852783203125
ood,pinn,CCD,300,False,3.5821239948272705,325.51852,96.97527313232422
ood,pinn,CCD,5,True,0.06104683876037598,4.6863337,52.53983688354492
ood,pinn,CCD,4,True,0.048920392990112305,4.8227115,11.092389106750488
ood,pinn,CCD,300,False,3.5893993377685547,246.8475,92.49108123779297
ood,pinn,CCD,300,False,3.5889296531677246,121.58364,128.4579620361328
ood,pinn,CCD,300,False,3.5635619163513184,20.772488,80.49344635009766
ood,pinn,CCD,300,False,3.5676004886627197,344.1109,75.19628143310547
ood,pinn,CCD,5,True,0.06033468246459961,4.997154,97.75840759277344
ood,pinn,CCD,300,False,3.5948832035064697,190.74849,67.15927124023438
ood,pinn,CCD,300,False,3.564896821975708,12.757972,102.11840057373047
ood,pinn,CCD,300,False,3.5603420734405518,17.063751,106.27123260498047
ood,pinn,CCD,300,False,3.560112714767456,91.82918,67.31929016113281
ood,pinn,CCD,8,True,0.09218955039978027,3.8806534,66.4242172241211
ood,pinn,CCD,300,False,3.562014579772949,8.330732,40.057525634765625
ood,pinn,CCD,6,True,0.07055854797363281,3.2113323,91.67296600341797
ood,pinn,CCD,5,True,0.06000852584838867,3.064669,69.2108383178711
ood,pinn,CCD,6,True,0.07158398628234863,4.0821157,64.02164459228516
ood,pinn,CCD,7,True,0.08313202857971191,2.9720688,122.2347640991211
ood,pinn,CCD,12,True,0.14468073844909668,4.7817063,141.4013671875
ood,pinn,CCD,53,True,0.6310243606567383,4.9135833,92.74322509765625
ood,pinn,CCD,8,True,0.09520077705383301,4.2309318,152.0384521484375
ood,pinn,CCD,24,True,0.2830953598022461,4.6544986,75.11377716064453
ood,pinn,CCD,300,False,3.5818073749542236,89.4911,87.19683074951172
ood,pinn,CCD,300,False,3.5933711528778076,30.117586,51.890785217285156
ood,pinn,CCD,2,True,0.022707700729370117,1.2770559,50.422977447509766
ood,pinn,CCD,2,True,0.024834394454956055,0.1866544,33.916690826416016
ood,pinn,CCD,8,True,0.09553718566894531,3.3861868,131.32244873046875
ood,pinn,CCD,300,False,3.7546579837799072,66.32453,44.10393524169922
ood,pinn,CCD,2,True,0.024729251861572266,0.8177993,16.798330307006836
ood,pinn,CCD,8,True,0.11540579795837402,4.167914,127.79357147216797
ood,pinn,CCD,7,True,0.0781855583190918,3.3298373,111.78024291992188
ood,pinn,CCD,7,True,0.08353185653686523,4.91483,35.869476318359375
ood,pinn,CCD,6,True,0.07061576843261719,3.5232015,42.38470458984375
ood,pinn,CCD,300,False,3.6108994483947754,122.13734,70.75999450683594
ood,pinn,CCD,15,True,0.1811504364013672,4.9454017,60.564781188964844
ood,pinn,CCD,300,False,3.575148105621338,593.9128,178.0564422607422
ood,pinn,CCD,3,True,0.034938812255859375,2.4942544,20.718669891357422
ood,pinn,CCD,2,True,0.024729251861572266,0.68221545,53.04856491088867
ood,pinn,CCD,5,True,0.059384822845458984,2.078851,77.06436157226562
ood,pinn,CCD,4,True,0.0499567985534668,0.3405008,98.127197265625
ood,pinn,CCD,4,True,0.0479283332824707,3.0833285,67.84833526611328
ood,pinn,CCD,2,True,0.024300336837768555,2.2454896,52.07780075073242
ood,pinn,CCD,1,True,0.013170480728149414,3.2285025,13.933768272399902
ood,pinn,CCD,4,True,0.05114269256591797,0.65258247,79.96288299560547
ood,pinn,CCD,7,True,0.08400201797485352,4.476047,40.49989318847656
ood,pinn,CCD,11,True,0.13599038124084473,4.4479876,51.57407760620117
ood,pinn,CCD,3,True,0.03626394271850586,0.4232299,28.721435546875
ood,pinn,CCD,300,False,3.565476894378662,21.934206,139.5865936279297
ood,pinn,CCD,2,True,0.023838043212890625,1.6154127,40.403419494628906
ood,pinn,CCD,300,False,3.6104681491851807,64.23753,171.66127014160156
ood,pinn,CCD,17,True,0.19893670082092285,4.9141326,85.47689056396484
ood,pinn,CCD,2,True,0.02531886100769043,2.322904,29.46255874633789
ood,pinn,CCD,300,False,3.551884889602661,161.85028,23.722318649291992
ood,pinn,CCD,1,True,0.012415409088134766,0.8335953,24.071670532226562
ood,pinn,CCD,300,False,3.5660457611083984,108.22518,115.13388061523438
ood,pinn,CCD,300,False,3.5893263816833496,84.58081,128.29315185546875
ood,pinn,CCD,4,True,0.046320199966430664,4.654902,28.063152313232422
ood,pinn,CCD,300,False,3.550971508026123,9.804903,138.1383056640625
ood,pinn,CCD,49,True,0.618502140045166,4.616011,175.1201934814453
ood,pinn,CCD,4,True,0.05157017707824707,4.69333,47.05966567993164
ood,pinn,CCD,300,False,3.594120979309082,118.370056,104.63581848144531
ood,pinn,CCD,6,True,0.07132983207702637,3.118999,12.188484191894531
ood,pinn,CCD,300,False,3.575958490371704,27.021498,95.85847473144531
ood,pinn,CCD,2,True,0.026155710220336914,1.1009773,26.837646484375
ood,pinn,CCD,300,False,3.605799436569214,182.54884,169.759033203125
ood,pinn,CCD,300,False,3.6324527263641357,212.14032,117.9285888671875
ood,pinn,CCD,2,True,0.024808168411254883,2.0727453,32.909725189208984
ood,pinn,CCD,300,False,3.6386516094207764,33.006237,28.98760223388672
ood,pinn,CCD,2,True,0.02473759651184082,0.09135437,6.598831653594971
ood,pinn,CCD,2,True,0.0243070125579834,2.3131523,48.66179275512695
ood,pinn,CCD,300,False,3.6069061756134033,82.59604,83.4499282836914
ood,pinn,CCD,300,False,3.5660109519958496,37.319435,83.03971099853516
ood,pinn,CCD,300,False,3.5946366786956787,37.962994,103.6682357788086
ood,pinn,CCD,1,True,0.013318777084350586,0.62927836,26.480262756347656
ood,pinn,CCD,3,True,0.036993980407714844,2.143524,35.42189025878906
ood,pinn,CCD,3,True,0.036837100982666016,2.89109,26.79301643371582
ood,pinn,CCD,2,True,0.024969816207885742,2.9716043,32.900108337402344
ood,pinn,CCD,4,True,0.048488616943359375,1.3543538,64.2535400390625
ood,pinn,CCD,300,False,3.6119418144226074,50.093567,160.72618103027344
ood,pinn,CCD,7,True,0.08562183380126953,4.2300897,73.22615051269531
ood,pinn,CCD,300,False,3.722581624984741,25.942982,136.41409301757812
ood,pinn,CCD,2,True,0.024208545684814453,1.1355922,35.52592086791992
ood,pinn,CCD,3,True,0.04016470909118652,4.588259,49.80117416381836
ood,pinn,CCD,3,True,0.03768110275268555,2.2253942,53.84318923950195
ood,pinn,CCD,2,True,0.024797439575195312,1.1079962,26.632488250732422
ood,pinn,CCD,300,False,3.5986716747283936,31.014263,4.485677719116211
ood,pinn,CCD,10,True,0.11973690986633301,4.600319,115.88378143310547
ood,pinn,CCD,1,True,0.013521671295166016,0.7925895,22.02525520324707
ood,pinn,CCD,300,False,3.722303628921509,229.13017,149.3457794189453
ood,pinn,CCD,3,True,0.03668713569641113,3.743773,58.283870697021484
ood,pinn,CCD,5,True,0.059803009033203125,4.5077863,20.76348114013672
ood,pinn,CCD,300,False,3.580685615539551,180.07845,140.65245056152344
ood,pinn,CCD,300,False,3.612377882003784,211.93047,81.0997085571289
ood,pinn,CCD,300,False,3.6022706031799316,13.440519,74.59491729736328
ood,pinn,CCD,11,True,0.1308753490447998,4.3893156,125.9848403930664
ood,pinn,CCD,3,True,0.03955078125,0.33959684,38.708919525146484
ood,pinn,CCD,1,True,0.013536930084228516,1.3611858,18.829265594482422
ood,pinn,CCD,2,True,0.02369976043701172,1.0954739,37.34027099609375
ood,pinn,CCD,9,True,0.10896944999694824,3.6364367,16.329824447631836
ood,pinn,CCD,5,True,0.06331777572631836,3.0511506,55.859954833984375
ood,pinn,CCD,6,True,0.07251667976379395,3.1662157,128.65884399414062
ood,pinn,CCD,4,True,0.05063271522521973,4.192854,63.09016799926758
ood,pinn,CCD,2,True,0.025188684463500977,0.12539779,3.9734137058258057
ood,pinn,CCD,300,False,3.592209577560425,32.11786,165.94969177246094
ood,pinn,CCD,3,True,0.036032676696777344,3.0435379,20.20547866821289
ood,pinn,CCD,2,True,0.026287317276000977,2.4943612,10.479958534240723
ood,pinn,CCD,1,True,0.01306462287902832,1.6985356,19.965898513793945
ood,pinn,CCD,6,True,0.07403397560119629,4.303777,51.08726501464844
ood,pinn,CCD,3,True,0.036519527435302734,2.81232,32.54652786254883
ood,pinn,CCD,300,False,3.6836283206939697,50.772743,33.851043701171875
ood,pinn,CCD,4,True,0.046614885330200195,3.8913317,60.9622688293457
ood,pinn,CCD,2,True,0.0239408016204834,1.9282594,11.443499565124512
ood,pinn,CCD,8,True,0.09700822830200195,4.8199706,40.48264694213867
ood,pinn,CCD,2,True,0.026720762252807617,0.6201322,29.109464645385742
ood,pinn,CCD,6,True,0.07295560836791992,4.784777,95.18779754638672
ood,pinn,CCD,300,False,3.6211130619049072,163.96088,138.21829223632812
ood,pinn,CCD,5,True,0.05967068672180176,3.5296297,108.14632415771484
ood,pinn,CCD,6,True,0.07226395606994629,3.8146093,36.21212387084961
ood,pinn,CCD,2,True,0.024884939193725586,0.53585804,17.99937629699707
ood,pinn,CCD,2,True,0.024322032928466797,0.35851437,18.235916137695312
ood,pinn,CCD,1,True,0.012815237045288086,1.8063958,21.03223991394043
ood,pinn,CCD,300,False,3.5694499015808105,60.26369,94.46841430664062
ood,pinn,CCD,2,True,0.024435758590698242,2.2986135,36.45867919921875
ood,pinn,CCD,77,True,0.9178762435913086,4.9745884,125.19322204589844
ood,pinn,CCD,300,False,3.60475492477417,155.58458,85.3807373046875
ood,pinn,CCD,7,True,0.08300089836120605,3.3869267,80.22809600830078
ood,pinn,CCD,1,True,0.014127492904663086,0.7023221,26.896549224853516
ood,pinn,CCD,2,True,0.029209375381469727,0.33464447,21.793296813964844
ood,pinn,CCD,3,True,0.03880643844604492,0.61356616,36.61039352416992
ood,pinn,CCD,11,True,0.13321948051452637,4.1594915,127.79115295410156
ood,pinn,CCD,300,False,3.6682846546173096,56.202545,161.65469360351562
ood,pinn,CCD,4,True,0.04881691932678223,0.6000155,69.36212921142578
ood,pinn,CCD,29,True,0.3890383243560791,4.982707,157.4110870361328
ood,pinn,CCD,5,True,0.05925941467285156,3.6051126,155.00437927246094
ood,pinn,CCD,8,True,0.0954427719116211,4.921761,47.2501220703125
ood,pinn,CCD,300,False,3.600541114807129,302.6717,133.4724884033203
ood,pinn,CCD,1,True,0.013647794723510742,4.631484,15.677484512329102
ood,pinn,CCD,4,True,0.04988813400268555,4.997792,44.48118209838867
ood,pinn,CCD,2,True,0.02555370330810547,1.0136774,25.252412796020508
ood,pinn,CCD,300,False,3.6050808429718018,13.708412,96.869873046875
ood,pinn,CCD,300,False,3.9895236492156982,36.864265,130.0050811767578
ood,pinn,CCD,4,True,0.04867839813232422,1.788728,66.38715362548828
ood,pinn,CCD,2,True,0.02496504783630371,3.8570194,7.122066974639893
ood,pinn,CCD,14,True,0.16773414611816406,4.268922,149.74082946777344
ood,pinn,CCD,2,True,0.02617478370666504,3.610884,37.50258255004883
ood,pinn,CCD,18,True,0.21561193466186523,4.1683354,98.79365539550781
ood,pinn,CCD,2,True,0.02661752700805664,0.14936644,15.583118438720703
ood,pinn,CCD,4,True,0.05008077621459961,0.6020886,46.18075942993164
ood,pinn,CCD,300,False,3.810774326324463,160.28804,79.08882904052734
ood,pinn,CCD,300,False,3.65545392036438,107.97709,88.99037170410156
ood,pinn,CCD,3,True,0.03709745407104492,0.35227576,34.78032302856445
ood,pinn,CCD,2,True,0.025239944458007812,0.6273061,52.146705627441406
ood,pinn,CCD,4,True,0.05006599426269531,1.0317404,53.73430252075195
ood,pinn,CCD,20,True,0.2449789047241211,4.9754443,62.85938262939453
ood,pinn,CCD,1,True,0.014767646789550781,4.440382,26.377378463745117
ood,pinn,CCD,300,False,3.6200497150421143,176.5244,77.00383758544922
ood,pinn,CCD,2,True,0.02449202537536621,1.1809474,29.500364303588867
ood,pinn,CCD,4,True,0.04720163345336914,3.2568393,34.61907958984375
ood,pinn,CCD,5,True,0.0597081184387207,3.4846654,68.21833801269531
ood,pinn,CCD,5,True,0.05802178382873535,0.08603385,104.83598327636719
ood,pinn,CCD,2,True,0.027084827423095703,2.8360133,20.203603744506836
ood,pinn,CCD,4,True,0.05047917366027832,4.359551,56.335960388183594
ood,pinn,CCD,300,False,3.5984654426574707,130.48364,73.96408081054688
ood,pinn,CCD,300,False,3.599246025085449,51.078876,108.04918670654297
ood,pinn,CCD,1,True,0.013102054595947266,4.0827165,26.675689697265625
ood,pinn,CCD,8,True,0.10111284255981445,4.9472704,55.29297637939453
ood,pinn,CCD,2,True,0.023706674575805664,3.1546323,26.687837600708008
ood,pinn,CCD,1,True,0.013308048248291016,1.6472623,19.2010555267334
ood,pinn,CCD,2,True,0.024348020553588867,4.8731847,42.01761245727539
ood,pinn,CCD,6,True,0.07123780250549316,1.8614162,74.94867706298828
ood,pinn,CCD,2,True,0.024976253509521484,3.8202868,31.065914154052734
ood,pinn,CCD,2,True,0.025571584701538086,2.9273255,15.680322647094727
ood,pinn,CCD,4,True,0.04770302772521973,4.6031933,25.17924690246582
ood,pinn,CCD,1,True,0.012133598327636719,0.12742911,14.640849113464355
ood,pinn,CCD,1,True,0.013328313827514648,0.7169063,17.767894744873047
ood,pinn,CCD,1,True,0.013184547424316406,0.9703899,20.196725845336914
ood,pinn,CCD,1,True,0.013475418090820312,0.86532545,25.82093048095703
ood,pinn,CCD,6,True,0.07395267486572266,4.7858953,55.42363357543945
ood,pinn,CCD,1,True,0.012862920761108398,1.2752953,20.93998146057129
ood,pinn,CCD,1,True,0.01304483413696289,2.3766558,26.613449096679688
ood,pinn,CCD,2,True,0.025990724563598633,0.61161774,32.54555892944336
ood,pinn,CCD,7,True,0.13776111602783203,4.0574694,47.407745361328125
ood,pinn,CCD,300,False,3.625683307647705,82.46136,60.8770637512207
ood,pinn,CCD,1,True,0.013651371002197266,0.41820702,20.196449279785156
ood,pinn,CCD,1,True,0.01475214958190918,3.1972558,15.416952133178711
ood,pinn,CCD,300,False,3.5548770427703857,70.94561,177.71563720703125
ood,pinn,CCD,2,True,0.02493572235107422,2.6715617,50.18186569213867
ood,pinn,CCD,3,True,0.037328481674194336,2.8738053,84.07923126220703
ood,pinn,CCD,45,True,0.5305957794189453,4.958531,80.08467864990234
ood,pinn,CCD,20,True,0.2361757755279541,3.764978,155.6763153076172
ood,pinn,CCD,12,True,0.14460134506225586,4.7547617,45.48493576049805
ood,pinn,CCD,13,True,0.16479063034057617,4.185207,98.6683349609375
ood,pinn,CCD,4,True,0.04881596565246582,3.3053608,77.13909149169922
ood,pinn,CCD,300,False,3.5930919647216797,103.04342,66.9387435913086
ood,pinn,CCD,3,True,0.03397035598754883,1.8296441,18.889446258544922
ood,pinn,CCD,300,False,3.5823659896850586,142.07565,148.60165405273438
ood,pinn,CCD,1,True,0.011881351470947266,4.464815,23.089616775512695
ood,pinn,CCD,4,True,0.04502463340759277,4.351925,75.37043762207031
ood,pinn,CCD,6,True,0.06954765319824219,3.4298987,78.26838684082031
ood,pinn,CCD,1,True,0.013668060302734375,2.8914337,16.763622283935547
ood,pinn,CCD,2,True,0.024691104888916016,3.6071706,24.224414825439453
ood,pinn,CCD,4,True,0.0477597713470459,0.7233928,93.12930297851562
ood,pinn,CCD,5,True,0.06018328666687012,2.0959468,89.1548843383789
ood,pinn,CCD,7,True,0.08262085914611816,2.7002194,152.54515075683594
ood,pinn,CCD,2,True,0.028020620346069336,0.14510223,30.536500930786133
ood,pinn,CCD,300,False,3.5674917697906494,38.614155,100.03790283203125
ood,pinn,CCD,3,True,0.03592181205749512,0.6187141,60.59738540649414
ood,pinn,CCD,17,True,0.19873595237731934,4.6426554,66.0104751586914
ood,pinn,CCD,300,False,3.583495616912842,62.573997,111.66567993164062
ood,pinn,CCD,300,False,3.5473899841308594,240.50462,106.96025085449219
ood,pinn,CCD,3,True,0.03673505783081055,1.5345736,67.9322280883789
ood,pinn,CCD,4,True,0.04755687713623047,4.46842,53.98321533203125
ood,pinn,CCD,2,True,0.024580717086791992,2.8192947,43.45882034301758
ood,pinn,CCD,2,True,0.0256044864654541,0.97061366,38.11068344116211
ood,pinn,CCD,3,True,0.037199974060058594,0.9315347,64.79373931884766
ood,pinn,CCD,2,True,0.02503800392150879,2.104111,25.660236358642578
ood,pinn,CCD,2,True,0.02452850341796875,0.6271364,47.541107177734375
ood,pinn,CCD,300,False,3.586902379989624,380.68643,45.899024963378906
ood,pinn,CCD,300,False,3.566025733947754,120.324135,65.90313720703125
ood,pinn,CCD,4,True,0.048642873764038086,2.9531682,39.56406784057617
ood,pinn,CCD,3,True,0.037522315979003906,2.7443702,20.94017791748047
ood,pinn,CCD,5,True,0.06141233444213867,2.1502857,119.83000946044922
ood,pinn,CCD,4,True,0.05186748504638672,3.5516443,55.4996337890625
ood,pinn,CCD,300,False,3.6565144062042236,172.39021,111.4307632446289
ood,pinn,CCD,300,False,3.6398417949676514,155.04462,17.46904182434082
ood,pinn,CCD,1,True,0.013419151306152344,1.735263,17.472400665283203
ood,pinn,CCD,300,False,3.588745355606079,19.18441,102.53671264648438
ood,pinn,CCD,3,True,0.03654813766479492,3.255061,86.43267059326172
ood,pinn,CCD,6,True,0.07440519332885742,4.9644117,38.89661407470703
ood,pinn,CCD,300,False,3.592180013656616,124.80834,52.169490814208984
ood,pinn,CCD,10,True,0.12457418441772461,4.959711,86.87533569335938
ood,pinn,CCD,3,True,0.04226112365722656,1.1145977,34.591590881347656
ood,pinn,CCD,9,True,0.10776948928833008,4.9473343,69.98197174072266
ood,pinn,CCD,6,True,0.0719916820526123,1.9669374,104.82921600341797
ood,pinn,CCD,300,False,3.5684330463409424,238.64815,148.53219604492188
ood,pinn,CCD,3,True,0.03966021537780762,1.5443349,51.66754150390625
ood,pinn,CCD,300,False,3.5633254051208496,8.968163,141.77044677734375
ood,pinn,CCD,2,True,0.024440288543701172,2.498635,30.521484375
ood,pinn,CCD,5,True,0.06364846229553223,3.5260713,31.88265609741211
ood,pinn,CCD,24,True,0.2825448513031006,4.680299,67.37102508544922
ood,pinn,CCD,1,True,0.012464284896850586,3.7853007,37.56474685668945
ood,pinn,CCD,300,False,3.627305507659912,50.07611,155.11703491210938
ood,pinn,CCD,2,True,0.02614879608154297,3.3390625,23.337949752807617
ood,pinn,CCD,3,True,0.03564000129699707,2.4275239,9.89216136932373
ood,pinn,CCD,2,True,0.024185657501220703,1.9473575,23.54277992248535
ood,pinn,CCD,19,True,0.2192087173461914,4.8760147,78.39568328857422
ood,pinn,CCD,1,True,0.014575958251953125,0.68708897,27.30640983581543
ood,pinn,CCD,1,True,0.012949705123901367,0.33296478,19.93831443786621
ood,pinn,CCD,300,False,3.5868420600891113,32.249866,90.3599624633789
ood,pinn,CCD,2,True,0.02440500259399414,4.9533424,38.448883056640625
ood,pinn,CCD,5,True,0.05893111228942871,3.225423,39.85274124145508
ood,pinn,CCD,300,False,3.517122983932495,69.47782,113.74237060546875
ood,pinn,CCD,10,True,0.12198138236999512,4.200715,105.0044174194336
ood,pinn,CCD,5,True,0.06207919120788574,2.6674006,33.96488952636719
ood,pinn,CCD,9,True,0.10821866989135742,4.516643,33.558555603027344
ood,pinn,CCD,1,True,0.01427602767944336,1.5369099,20.121780395507812
ood,pinn,CCD,2,True,0.024515390396118164,0.6934588,26.63844108581543
ood,pinn,CCD,6,True,0.07021403312683105,4.677601,98.7364501953125
ood,pinn,CCD,5,True,0.05836367607116699,0.708346,70.77565002441406
ood,pinn,CCD,300,False,3.5435950756073,10.291785,168.07763671875
ood,pinn,CCD,3,True,0.04467487335205078,2.4837615,68.04589080810547
ood,pinn,CCD,300,False,3.532179355621338,14.753682,127.54134368896484
ood,gated,DLS,31,True,0.08748245239257812,3.203354,0.0
ood,gated,DLS,300,False,0.8510451316833496,10.866967,0.4532407224178314
ood,gated,DLS,300,False,0.8433210849761963,13.335791,0.6555821299552917
ood,gated,DLS,300,False,0.8446526527404785,26.879545,0.19823671877384186
ood,gated,DLS,300,False,0.8319902420043945,10.217096,2.1717288494110107
ood,gated,DLS,300,False,0.8421249389648438,116.16822,10.457168579101562
ood,gated,DLS,300,False,0.846890926361084,19.043459,0.0
ood,gated,DLS,41,True,0.11479473114013672,4.994803,0.0
ood,gated,DLS,300,False,0.8429481983184814,184.29018,1.3418296575546265
ood,gated,DLS,300,False,0.8469624519348145,137.75293,18.382366180419922
ood,gated,DLS,71,True,0.19689559936523438,4.946315,0.0
ood,gated,DLS,7,True,0.020341157913208008,4.590876,0.09337086975574493
ood,gated,DLS,31,True,0.08466434478759766,3.6348555,0.0
ood,gated,DLS,300,False,0.853933572769165,9.723679,0.026451384648680687
ood,gated,DLS,17,True,0.04714035987854004,3.910477,0.20229092240333557
ood,gated,DLS,300,False,0.8559489250183105,97.28892,10.841973304748535
ood,gated,DLS,118,True,0.33095669746398926,4.981852,0.0
ood,gated,DLS,10,True,0.03021860122680664,4.7790103,0.053978126496076584
ood,gated,DLS,34,True,0.09538149833679199,3.9541082,0.3101281523704529
ood,gated,DLS,14,True,0.0408024787902832,4.7558227,0.0
ood,gated,DLS,300,False,0.9362790584564209,41.62485,13.4157133102417
ood,gated,DLS,26,True,0.08584713935852051,4.7049055,0.07810354232788086
ood,gated,DLS,300,False,0.8773987293243408,50.887096,0.482534795999527
ood,gated,DLS,300,False,0.8737235069274902,131.30165,0.41802525520324707
ood,gated,DLS,25,True,0.07432937622070312,4.946076,0.008617402985692024
ood,gated,DLS,10,True,0.03246760368347168,4.3089166,0.09196747839450836
ood,gated,DLS,7,True,0.020751237869262695,3.1508386,0.0
ood,gated,DLS,85,True,0.24210643768310547,4.5532613,0.3178482949733734
ood,gated,DLS,12,True,0.03474092483520508,3.8152037,0.07348349690437317
ood,gated,DLS,47,True,0.13286900520324707,3.808979,0.03034290112555027
ood,gated,DLS,54,True,0.1514906883239746,4.6531477,0.05304624140262604
ood,gated,DLS,50,True,0.13994598388671875,4.0095367,0.03088586963713169
ood,gated,DLS,211,True,0.5977990627288818,4.6712675,0.0
ood,gated,DLS,127,True,0.3530120849609375,4.6424656,0.6993366479873657
ood,gated,DLS,43,True,0.11991405487060547,4.8714614,0.0459064319729805
ood,gated,DLS,36,True,0.09889650344848633,4.75272,0.05016674846410751
ood,gated,DLS,10,True,0.029839515686035156,4.3707957,0.1006348580121994
ood,gated,DLS,128,True,0.36721205711364746,4.953677,0.2376796007156372
ood,gated,DLS,10,True,0.0297091007232666,4.4984503,0.0
ood,gated,DLS,14,True,0.03938031196594238,4.4280915,0.2331845462322235
ood,gated,DLS,300,False,0.8567404747009277,134.36412,28.44489288330078
ood,gated,DLS,300,False,0.8445339202880859,30.400913,0.09450511634349823
ood,gated,DLS,43,True,0.1240847110748291,4.332899,0.012548132799565792
ood,gated,DLS,300,False,0.8386313915252686,217.45541,16.898000717163086
ood,gated,DLS,300,False,0.8514113426208496,12.349627,0.03665391728281975
ood,gated,DLS,48,True,0.13801932334899902,4.966494,0.031052513048052788
ood,gated,DLS,15,True,0.04713106155395508,4.637286,0.08277536183595657
ood,gated,DLS,75,True,0.21480584144592285,4.8857646,0.8294737935066223
ood,gated,DLS,50,True,0.1454908847808838,3.6757457,0.06499956548213959
ood,gated,DLS,79,True,0.22146248817443848,4.1799326,0.1134018748998642
ood,gated,DLS,18,True,0.05205583572387695,4.558124,0.05583270639181137
ood,gated,DLS,300,False,0.8650505542755127,13.408451,0.261615514755249
ood,gated,DLS,300,False,0.8646535873413086,104.24611,21.251907348632812
ood,gated,DLS,20,True,0.05598902702331543,4.350298,0.0
ood,gated,DLS,25,True,0.07625031471252441,4.940462,0.03952149301767349
ood,gated,DLS,300,False,0.8595061302185059,169.89896,0.6864874958992004
ood,gated,DLS,300,False,0.8523819446563721,62.035526,23.30223846435547
ood,gated,DLS,300,False,0.8427002429962158,125.57045,35.27842330932617
ood,gated,DLS,9,True,0.029343605041503906,3.9787571,0.06550215184688568
ood,gated,DLS,75,True,0.21462154388427734,4.9845586,0.05356338620185852
ood,gated,DLS,31,True,0.08616948127746582,4.7460256,0.05598222091794014
ood,gated,DLS,100,True,0.2812068462371826,4.9551845,0.3412185311317444
ood,gated,DLS,300,False,0.8367879390716553,91.58136,20.939800262451172
ood,gated,DLS,300,False,0.8903138637542725,9.654835,0.17568477988243103
ood,gated,DLS,300,False,0.8596444129943848,185.3793,0.8227816224098206
ood,gated,DLS,140,True,0.4118654727935791,4.9147506,0.053582437336444855
ood,gated,DLS,31,True,0.09296274185180664,4.6377625,0.09925104677677155
ood,gated,DLS,184,True,0.5306036472320557,4.9988008,0.04552365466952324
ood,gated,DLS,300,False,0.9645113945007324,128.89584,0.47034767270088196
ood,gated,DLS,119,True,0.3397643566131592,4.9673257,0.05542267486453056
ood,gated,DLS,15,True,0.04322957992553711,4.850797,0.06330718845129013
ood,gated,DLS,300,False,0.8503639698028564,84.064835,1.6339375972747803
ood,gated,DLS,11,True,0.03164792060852051,4.3631797,0.046436868607997894
ood,gated,DLS,24,True,0.06954336166381836,4.6962123,0.025171726942062378
ood,gated,DLS,41,True,0.1176004409790039,4.856834,0.13563856482505798
ood,gated,DLS,12,True,0.03470158576965332,4.947677,0.7038012742996216
ood,gated,DLS,11,True,0.03271913528442383,4.52941,0.0
ood,gated,DLS,12,True,0.034223079681396484,4.9701633,0.023770170286297798
ood,gated,DLS,300,False,0.8486061096191406,50.673393,0.05862925201654434
ood,gated,DLS,7,True,0.020634174346923828,4.1946797,0.07420209795236588
ood,gated,DLS,45,True,0.1316239833831787,4.867646,0.08436931669712067
ood,gated,DLS,300,False,0.8483099937438965,151.44388,23.53032684326172
ood,gated,DLS,39,True,0.11135530471801758,4.3754215,0.05110440403223038
ood,gated,DLS,300,False,0.8564071655273438,1.9157581,5.276449680328369
ood,gated,DLS,300,False,0.8522915840148926,95.34443,4.374947547912598
ood,gated,DLS,300,False,0.8612217903137207,579.2091,14.2750244140625
ood,gated,DLS,17,True,0.0487062931060791,4.7248096,0.18749867379665375
ood,gated,DLS,300,False,0.8720409870147705,14.14235,4.20822811126709
ood,gated,DLS,20,True,0.058638811111450195,4.6131535,0.06304259598255157
ood,gated,DLS,58,True,0.18112707138061523,4.796876,0.23567596077919006
ood,gated,DLS,10,True,0.026781320571899414,4.0372415,0.3212944269180298
ood,gated,DLS,34,True,0.09455132484436035,4.592974,0.047181639820337296
ood,gated,DLS,76,True,0.2071840763092041,4.967405,0.039183974266052246
ood,gated,DLS,14,True,0.039520978927612305,3.989034,0.037997759878635406
ood,gated,DLS,300,False,0.8780245780944824,124.09389,0.2576880156993866
ood,gated,DLS,300,False,0.8595507144927979,8.811468,1.6766934394836426
ood,gated,DLS,8,True,0.02418351173400879,4.1187305,0.0
ood,gated,DLS,9,True,0.02637004852294922,3.832939,0.0948803648352623
ood,gated,DLS,300,False,0.8492920398712158,42.877796,5.600370407104492
ood,gated,DLS,26,True,0.07299566268920898,4.7157707,0.19288626313209534
ood,gated,DLS,88,True,0.24460268020629883,4.808532,0.11655274033546448
ood,gated,DLS,48,True,0.13519906997680664,4.9081726,1.3339650630950928
ood,gated,DLS,300,False,0.8360562324523926,211.15912,13.529332160949707
ood,gated,DLS,49,True,0.14255762100219727,4.161265,0.041765984147787094
ood,gated,DLS,11,True,0.0337069034576416,3.7128663,0.05052627623081207
ood,gated,DLS,250,True,0.714073657989502,4.073365,0.14882178604602814
ood,gated,DLS,53,True,0.14586377143859863,4.719687,0.11579712480306625
ood,gated,DLS,46,True,0.13499855995178223,4.522824,0.13724137842655182
ood,gated,DLS,300,False,0.8474583625793457,114.03763,4.894224643707275
ood,gated,DLS,42,True,0.12355995178222656,4.4620013,0.09832633286714554
ood,gated,DLS,36,True,0.1060633659362793,4.5484366,0.21585287153720856
ood,gated,DLS,5,True,0.015323877334594727,4.173646,0.0
ood,gated,DLS,9,True,0.026785850524902344,4.873713,0.025562379509210587
ood,gated,DLS,14,True,0.04180788993835449,4.15074,0.03976702690124512
ood,gated,DLS,67,True,0.1896827220916748,4.992107,0.0
ood,gated,DLS,300,False,0.851177453994751,90.88848,0.4436691999435425
ood,gated,DLS,300,False,0.8372960090637207,96.68878,12.56712532043457
ood,gated,DLS,45,True,0.13564515113830566,4.496263,0.051366765052080154
ood,gated,DLS,30,True,0.0875396728515625,3.3544302,0.056960005313158035
ood,gated,DLS,54,True,0.15018653869628906,4.5495615,0.060888465493917465
ood,gated,DLS,300,False,0.8513669967651367,105.50856,0.2461191564798355
ood,gated,DLS,3,True,0.009972810745239258,3.5115492,0.038923799991607666
ood,gated,DLS,64,True,0.17712140083312988,4.4597034,0.0635683611035347
ood,gated,DLS,39,True,0.1101987361907959,4.5051284,0.06674507260322571
ood,gated,DLS,7,True,0.020442724227905273,4.2959642,0.01742405816912651
ood,gated,DLS,52,True,0.1801292896270752,4.858015,0.04906964302062988
ood,gated,DLS,16,True,0.04618978500366211,3.1454744,0.0
ood,gated,DLS,42,True,0.11712098121643066,4.3125916,0.0
ood,gated,DLS,78,True,0.22906804084777832,4.989641,0.04634328931570053
ood,gated,DLS,11,True,0.03270387649536133,3.5589352,0.04883429408073425
ood,gated,DLS,34,True,0.096282958984375,4.1278152,0.0
ood,gated,DLS,62,True,0.1721489429473877,4.829439,0.0701039507985115
ood,gated,DLS,10,True,0.02816629409790039,3.3048816,0.043718401342630386
ood,gated,DLS,10,True,0.029529333114624023,3.9780672,0.012256420217454433
ood,gated,DLS,54,True,0.15281915664672852,4.9028144,0.09850823134183884
ood,gated,DLS,300,False,0.8388767242431641,42.82648,0.44970741868019104
ood,gated,DLS,19,True,0.05356240272521973,3.7754064,0.07631248980760574
ood,gated,DLS,32,True,0.08752155303955078,3.9368477,0.07718579471111298
ood,gated,DLS,300,False,0.8425416946411133,149.57239,0.7697814702987671
ood,gated,DLS,77,True,0.21063494682312012,4.8920817,0.07134491205215454
ood,gated,DLS,40,True,0.11042165756225586,4.6212792,0.18415603041648865
ood,gated,DLS,300,False,0.8522043228149414,6.5498004,0.03923463821411133
ood,gated,DLS,62,True,0.17309808731079102,4.928848,0.15351028740406036
ood,gated,DLS,300,False,0.848386287689209,8.069008,0.25257256627082825
ood,gated,DLS,28,True,0.0766286849975586,4.0812397,0.03958483412861824
ood,gated,DLS,300,False,0.847327470779419,182.55899,53.89396667480469
ood,gated,DLS,300,False,0.849480390548706,29.714235,0.27932965755462646
ood,gated,DLS,300,False,0.8491556644439697,6.1362085,0.10359208285808563
ood,gated,DLS,300,False,0.8400139808654785,5.005388,0.2674539387226105
ood,gated,DLS,173,True,0.4865701198577881,4.9373436,0.28989335894584656
ood,gated,DLS,15,True,0.042505502700805664,4.5080523,0.0495963878929615
ood,gated,DLS,33,True,0.1143038272857666,4.872475,0.0
ood,gated,DLS,300,False,0.8522818088531494,153.1891,0.8837462663650513
ood,gated,DLS,300,False,0.8368453979492188,745.1885,17.71880340576172
ood,gated,DLS,300,False,0.8610918521881104,141.69249,0.1016206294298172
ood,gated,DLS,45,True,0.12318706512451172,4.580579,0.054118622094392776
ood,gated,DLS,28,True,0.07863497734069824,4.866473,0.04302789270877838
ood,gated,DLS,12,True,0.03432416915893555,4.7561007,0.06165579333901405
ood,gated,DLS,300,False,0.847994327545166,43.213768,0.5737217664718628
ood,gated,DLS,300,False,0.8477985858917236,55.047855,0.09629495441913605
ood,gated,DLS,14,True,0.047187089920043945,4.8517437,0.050489284098148346
ood,gated,DLS,300,False,0.839191198348999,113.962654,0.9632253646850586
ood,gated,DLS,52,True,0.1534721851348877,4.9935017,0.08763604611158371
ood,gated,DLS,202,True,0.5689306259155273,4.9900737,0.11722913384437561
ood,gated,DLS,30,True,0.08425450325012207,4.0325956,0.054754264652729034
ood,gated,DLS,14,True,0.04143953323364258,4.3496323,0.03648677468299866
ood,gated,DLS,13,True,0.038922786712646484,4.2266574,0.007679856847971678
ood,gated,DLS,64,True,0.18340277671813965,4.2512813,0.0708753913640976
ood,gated,DLS,29,True,0.08742475509643555,4.7147036,0.06885623931884766
ood,gated,DLS,35,True,0.09959173202514648,4.6564155,0.08378185331821442
ood,gated,DLS,204,True,0.5723707675933838,4.899242,0.05626434087753296
ood,gated,DLS,12,True,0.03197121620178223,3.6176593,0.4282682538032532
ood,gated,DLS,300,False,0.8402371406555176,87.209404,13.318434715270996
ood,gated,DLS,138,True,0.3948853015899658,4.89245,0.030803203582763672
ood,gated,DLS,300,False,0.8502037525177002,87.915085,13.589204788208008
ood,gated,DLS,38,True,0.10764646530151367,4.7777386,0.04440119490027428
ood,gated,DLS,9,True,0.026247262954711914,2.9464035,0.03931448608636856
ood,gated,DLS,300,False,0.856165885925293,323.72784,1.2877497673034668
ood,gated,DLS,29,True,0.08366179466247559,2.6145077,0.03758030757308006
ood,gated,DLS,11,True,0.03143191337585449,4.734528,0.0
ood,gated,DLS,29,True,0.08008646965026855,4.168857,0.035092081874608994
ood,gated,DLS,51,True,0.1598656177520752,4.13546,0.08985774964094162
ood,gated,DLS,148,True,0.40277934074401855,4.498337,0.044065117835998535
ood,gated,DLS,300,False,0.8674466609954834,117.50531,0.34056100249290466
ood,gated,DLS,11,True,0.03149104118347168,4.2949433,0.06390649825334549
ood,gated,DLS,6,True,0.01811695098876953,4.785468,0.11105801165103912
ood,gated,DLS,300,False,0.8573658466339111,96.041626,0.5173158049583435
ood,gated,DLS,10,True,0.02865314483642578,3.575088,0.03870571777224541
ood,gated,DLS,300,False,0.8853495121002197,136.54149,11.682082176208496
ood,gated,DLS,34,True,0.09249067306518555,4.9537363,0.04361807182431221
ood,gated,DLS,300,False,0.8777217864990234,91.679504,19.830894470214844
ood,gated,DLS,24,True,0.0687568187713623,4.5954013,0.0
ood,gated,DLS,74,True,0.20195841789245605,4.6856294,0.04413323476910591
ood,gated,DLS,130,True,0.3742985725402832,4.901033,0.04603874310851097
ood,gated,DLS,29,True,0.08036088943481445,4.613898,0.016555652022361755
ood,gated,DLS,300,False,0.8423748016357422,49.01271,0.34810736775398254
ood,gated,DLS,300,False,0.8665006160736084,314.31836,1.0809040069580078
ood,gated,DLS,12,True,0.03622794151306152,4.0161815,0.0
ood,gated,DLS,12,True,0.03566408157348633,4.3494143,0.06656000018119812
ood,gated,DLS,300,False,0.8521943092346191,95.28123,12.998003005981445
ood,gated,DLS,300,False,0.8939764499664307,128.01816,50.845306396484375
ood,gated,DLS,36,True,0.10105180740356445,4.3368125,0.0626777708530426
ood,gated,DLS,36,True,0.10210013389587402,4.4464626,0.0
ood,gated,DLS,60,True,0.17384028434753418,4.9614043,0.0
ood,gated,DLS,26,True,0.08720850944519043,4.639613,0.4248914122581482
ood,gated,DLS,4,True,0.013471841812133789,3.3809502,0.07815205305814743
ood,gated,DLS,11,True,0.03205609321594238,3.5204253,0.0
ood,gated,DLS,6,True,0.018316984176635742,3.626353,0.03135845065116882
ood,gated,DLS,300,False,0.8495752811431885,6.554842,4.571333408355713
ood,gated,DLS,8,True,0.024086475372314453,4.080672,0.03190809488296509
ood,gated,DLS,300,False,0.8495180606842041,17.395182,0.7143428921699524
ood,gated,DLS,72,True,0.20590543746948242,4.6881733,0.0
ood,gated,DLS,35,True,0.09520411491394043,3.7280793,0.10252717137336731
ood,gated,DLS,300,False,0.8732180595397949,13.393086,0.3321363925933838
ood,gated,DLS,300,False,0.8533608913421631,19.141287,0.8411915898323059
ood,gated,DLS,29,True,0.07811379432678223,3.718081,0.02779151313006878
ood,gated,DLS,17,True,0.044585466384887695,4.940085,0.0532076321542263
ood,gated,DLS,176,True,0.4970073699951172,4.9647174,0.12309399247169495
ood,gated,DLS,32,True,0.09050154685974121,4.5746307,0.06808589398860931
ood,gated,DLS,42,True,0.11540627479553223,4.530824,0.05195796862244606
ood,gated,DLS,49,True,0.13912248611450195,4.8954244,0.03854776546359062
ood,gated,DLS,32,True,0.09157085418701172,4.4217587,0.0398670919239521
ood,gated,DLS,6,True,0.019057750701904297,3.509024,0.03672509640455246
ood,gated,DLS,15,True,0.04389595985412598,3.8773732,0.034894369542598724
ood,gated,DLS,14,True,0.04052853584289551,4.8538857,0.2163085639476776
ood,gated,DLS,46,True,0.13753390312194824,4.1033587,0.0922558531165123
ood,gated,DLS,84,True,0.23858213424682617,4.8767924,0.14151878654956818
ood,gated,DLS,300,False,0.8440320491790771,126.036064,75.23634338378906
ood,gated,DLS,22,True,0.06324338912963867,4.51239,0.06449980288743973
ood,gated,DLS,300,False,0.8845758438110352,51.751064,11.604742050170898
ood,gated,DLS,300,False,0.8481197357177734,91.35715,0.08287551254034042
ood,gated,DLS,300,False,0.8474233150482178,115.24539,10.016401290893555
ood,gated,DLS,300,False,0.8311264514923096,30.13298,0.42485684156417847
ood,gated,DLS,39,True,0.1121978759765625,4.9965863,0.12862475216388702
ood,gated,DLS,8,True,0.02583932876586914,3.6022558,0.043607309460639954
ood,gated,DLS,300,False,0.850858211517334,100.069885,1.243672490119934
ood,gated,DLS,300,False,0.918433427810669,31.25877,1.6788780689239502
ood,gated,DLS,30,True,0.0885932445526123,4.028694,0.04697271063923836
ood,gated,DLS,85,True,0.24508452415466309,4.944276,0.04085927829146385
ood,gated,DLS,33,True,0.09270501136779785,4.564282,0.09005946666002274
ood,gated,DLS,54,True,0.15271210670471191,4.9253,0.21629081666469574
ood,gated,DLS,27,True,0.0766153335571289,2.8567781,0.05446435138583183
ood,gated,DLS,9,True,0.02743387222290039,3.5175114,0.1684536635875702
ood,gated,DLS,8,True,0.023988962173461914,3.8710136,0.03757455199956894
ood,gated,DLS,36,True,0.10511159896850586,4.262531,0.08137190341949463
ood,gated,DLS,50,True,0.17310237884521484,4.920628,0.012070510536432266
ood,gated,DLS,300,False,0.8844852447509766,26.728956,8.120271682739258
ood,gated,DLS,7,True,0.022548913955688477,3.7285063,0.0
ood,gated,DLS,300,False,1.0003142356872559,572.83105,8.464760780334473
ood,gated,DLS,18,True,0.051682233810424805,4.5934844,0.0
ood,gated,DLS,14,True,0.041732072830200195,3.785726,0.09165442734956741
ood,gated,DLS,35,True,0.10435271263122559,4.7423835,0.36724594235420227
ood,gated,DLS,93,True,0.2699317932128906,4.718927,0.128792867064476
ood,gated,DLS,10,True,0.029503583908081055,4.4050603,0.03787384554743767
ood,gated,DLS,40,True,0.11147499084472656,4.72116,0.0
ood,gated,DLS,114,True,0.3251631259918213,4.8378744,0.19977256655693054
ood,gated,DLS,7,True,0.0217893123626709,4.3341084,0.06744273751974106
ood,gated,DLS,84,True,0.24748945236206055,4.8302846,0.5980525016784668
ood,gated,DLS,14,True,0.040920257568359375,3.828654,0.1960963010787964
ood,gated,DLS,300,False,0.8478574752807617,71.09453,0.08920721709728241
ood,gated,DLS,44,True,0.1291651725769043,4.775709,0.04698717221617699
ood,gated,DLS,10,True,0.03145766258239746,3.9148574,0.18957731127738953
ood,gated,DLS,9,True,0.027759552001953125,3.6603858,0.0
ood,gated,DLS,8,True,0.02435612678527832,3.393895,0.11087469756603241
ood,gated,DLS,25,True,0.07282280921936035,4.349985,0.08807940036058426
ood,gated,DLS,300,False,0.8886544704437256,116.52873,0.6007806062698364
ood,gated,DLS,147,True,0.41774463653564453,4.987805,0.15037484467029572
ood,gated,DLS,12,True,0.03347468376159668,3.6509812,0.007004579529166222
ood,gated,DLS,300,False,0.8619074821472168,111.55428,65.92825317382812
ood,gated,DLS,18,True,0.052144527435302734,4.546958,0.061624351888895035
ood,gated,DLS,300,False,0.8500502109527588,29.54934,2.204089879989624
ood,gated,DLS,300,False,0.8530194759368896,149.71375,0.2604800760746002
ood,gated,DLS,300,False,0.8798062801361084,173.50636,51.95658874511719
ood,gated,DLS,12,True,0.050679922103881836,4.995626,0.43680647015571594
ood,gated,DLS,300,False,0.9396462440490723,142.41074,24.83515739440918
ood,gated,DLS,54,True,0.15974974632263184,4.747729,0.13403134047985077
ood,gated,DLS,35,True,0.11006355285644531,4.968992,0.034955207258462906
ood,gated,DLS,22,True,0.06070685386657715,4.7921414,0.0
ood,gated,DLS,57,True,0.16070246696472168,4.455701,0.12807293236255646
ood,gated,DLS,37,True,0.10268235206604004,4.00628,0.0
ood,gated,DLS,33,True,0.0926828384399414,4.4293303,0.12643927335739136
ood,gated,DLS,10,True,0.029458284378051758,3.7900405,0.09834840148687363
ood,gated,DLS,39,True,0.10744714736938477,4.2871447,0.005062585696578026
ood,gated,DLS,300,False,0.856137752532959,5.459555,5.855064868927002
ood,gated,DLS,6,True,0.01959514617919922,4.219668,0.0
ood,gated,DLS,8,True,0.02477431297302246,3.9178753,0.1272660344839096
ood,gated,DLS,35,True,0.1004481315612793,4.169416,0.035517074167728424
ood,gated,DLS,10,True,0.029395103454589844,4.043765,0.02590252086520195
ood,gated,DLS,7,True,0.020509719848632812,3.877699,0.061765722930431366
ood,gated,DLS,12,True,0.03420591354370117,4.9122386,0.05496876314282417
ood,gated,DLS,9,True,0.02781057357788086,3.9045465,0.0
ood,gated,DLS,15,True,0.042287588119506836,4.3631616,0.06877689808607101
ood,gated,DLS,83,True,0.24179697036743164,4.7187214,0.029695363715291023
ood,gated,DLS,49,True,0.1392650604248047,4.9332824,0.0
ood,gated,DLS,93,True,0.26279354095458984,4.577385,0.12033747136592865
ood,gated,DLS,10,True,0.02959752082824707,3.4650548,0.06198088079690933
ood,gated,DLS,10,True,0.030848026275634766,4.819999,0.2503347098827362
ood,gated,DLS,7,True,0.020537137985229492,3.4441571,0.10823807865381241
ood,gated,DLS,23,True,0.06653404235839844,4.7008734,0.0704585537314415
ood,gated,DLS,300,False,0.8521616458892822,18.83891,0.837955117225647
ood,gated,CCD,2,True,0.02483391761779785,4.0931997,88.13360595703125
ood,gated,CCD,2,True,0.02613353729248047,2.891409,178.5507354736328
ood,gated,CCD,3,True,0.036708831787109375,0.4569907,156.66928100585938
ood,gated,CCD,2,True,0.025383949279785156,0.5191392,113.47179412841797
ood,gated,CCD,6,True,0.07270359992980957,2.9633248,87.6671142578125
ood,gated,CCD,31,True,0.3939955234527588,4.807017,114.354248046875
ood,gated,CCD,2,True,0.027879714965820312,3.4169364,114.97038269042969
ood,gated,CCD,66,True,0.8027899265289307,4.7156997,164.57029724121094
ood,gated,CCD,1,True,0.012436389923095703,1.0304035,158.06784057617188
ood,gated,CCD,3,True,0.038292646408081055,4.144053,125.67271423339844
ood,gated,CCD,2,True,0.024193525314331055,0.72258854,162.56690979003906
ood,gated,CCD,1,True,0.013368606567382812,4.9624257,111.70643615722656
ood,gated,CCD,3,True,0.03688502311706543,2.559749,40.29805374145508
ood,gated,CCD,9,True,0.11464190483093262,4.91551,139.31549072265625
ood,gated,CCD,1,True,0.014027833938598633,1.2255733,167.85543823242188
ood,gated,CCD,300,False,3.6196706295013428,174.44714,130.11810302734375
ood,gated,CCD,19,True,0.22357988357543945,4.7218523,105.15526580810547
ood,gated,CCD,2,True,0.028509140014648438,3.4534814,26.51504135131836
ood,gated,CCD,1,True,0.014173746109008789,3.8787663,108.69080352783203
ood,gated,CCD,2,True,0.025228261947631836,1.3678342,75.82279205322266
ood,gated,CCD,2,True,0.025300979614257812,0.500709,112.33890533447266
ood,gated,CCD,3,True,0.040723323822021484,0.43389946,172.5865936279297
ood,gated,CCD,300,False,3.602661609649658,111.38838,159.0554656982422
ood,gated,CCD,300,False,3.570478916168213,113.14622,103.67827606201172
ood,gated,CCD,3,True,0.03557610511779785,4.424539,140.33738708496094
ood,gated,CCD,3,True,0.03607296943664551,1.5583802,141.2361602783203
ood,gated,CCD,5,True,0.05872797966003418,3.0044734,92.66654205322266
ood,gated,CCD,2,True,0.02518177032470703,1.151436,162.5751190185547
ood,gated,CCD,5,True,0.06100130081176758,2.4438238,122.29662322998047
ood,gated,CCD,6,True,0.07453012466430664,4.2112374,144.19436645507812
ood,gated,CCD,4,True,0.06148195266723633,0.581166,88.09844207763672
ood,gated,CCD,2,True,0.02824687957763672,1.1008855,114.03076171875
ood,gated,CCD,4,True,0.05801963806152344,2.5536368,58.9669189453125
ood,gated,CCD,2,True,0.026624441146850586,1.5833583,119.73308563232422
ood,gated,CCD,3,True,0.04507303237915039,0.07816999,67.04042053222656
ood,gated,CCD,300,False,3.714373826980591,245.41908,164.50881958007812
ood,gated,CCD,2,True,0.024371623992919922,3.61046,64.9107437133789
ood,gated,CCD,1,True,0.013335704803466797,1.4557296,170.76608276367188
ood,gated,CCD,5,True,0.05991005897521973,1.8195745,160.59397888183594
ood,gated,CCD,10,True,0.11784768104553223,4.2656364,146.08363342285156
ood,gated,CCD,7,True,0.08217310905456543,3.590489,75.72628021240234
ood,gated,CCD,5,True,0.06692290306091309,4.9400334,156.9759521484375
ood,gated,CCD,3,True,0.03604936599731445,2.2012005,173.1596221923828
ood,gated,CCD,2,True,0.02515125274658203,0.19924296,141.71693420410156
ood,gated,CCD,5,True,0.06140780448913574,4.4961023,169.80807495117188
ood,gated,CCD,3,True,0.036263227462768555,2.501504,72.8993911743164
ood,gated,CCD,3,True,0.03639507293701172,0.6804923,109.9355697631836
ood,gated,CCD,6,True,0.07363367080688477,2.411406,160.6398468017578
ood,gated,CCD,300,False,3.559965133666992,17.063736,108.18272399902344
ood,gated,CCD,2,True,0.026725292205810547,2.8545976,169.2897491455078
ood,gated,CCD,8,True,0.09649085998535156,3.8806534,66.4242172241211
ood,gated,CCD,300,False,3.559746265411377,8.330718,54.582359313964844
ood,gated,CCD,6,True,0.0699167251586914,3.2113323,91.67296600341797
ood,gated,CCD,1,True,0.016817569732666016,0.30901593,162.5880889892578
ood,gated,CCD,4,True,0.04854130744934082,3.179337,106.66281127929688
ood,gated,CCD,1,True,0.012558937072753906,2.6076505,83.69938659667969
ood,gated,CCD,3,True,0.03594493865966797,0.066387564,97.6339111328125
ood,gated,CCD,1,True,0.013687372207641602,4.67661,75.01122283935547
ood,gated,CCD,4,True,0.04829978942871094,3.7709036,107.09442138671875
ood,gated,CCD,3,True,0.03566098213195801,4.858255,136.36154174804688
ood,gated,CCD,2,True,0.025046348571777344,0.94327533,175.16490173339844
ood,gated,CCD,300,False,3.626356363296509,30.117586,67.61957550048828
ood,gated,CCD,7,True,0.0825648307800293,3.9190855,123.23646545410156
ood,gated,CCD,1,True,0.013170480728149414,2.982345,147.24424743652344
ood,gated,CCD,10,True,0.12250661849975586,4.824459,153.4098663330078
ood,gated,CCD,2,True,0.026270151138305664,4.2572136,153.5695343017578
ood,gated,CCD,2,True,0.025116682052612305,3.3118997,32.77741241455078
ood,gated,CCD,8,True,0.09324765205383301,3.8029337,108.59843444824219
ood,gated,CCD,4,True,0.04795074462890625,4.7311306,161.15968322753906
ood,gated,CCD,7,True,0.0861823558807373,4.91483,35.869476318359375
ood,gated,CCD,3,True,0.03761863708496094,1.8971292,63.04414367675781
ood,gated,CCD,7,True,0.08390116691589355,3.9731245,142.64244079589844
ood,gated,CCD,2,True,0.026174545288085938,0.27227247,133.29478454589844
ood,gated,CCD,2,True,0.02466726303100586,0.16649973,127.56175231933594
ood,gated,CCD,300,False,3.585273265838623,38.426712,146.98643493652344
ood,gated,CCD,4,True,0.051805973052978516,0.8261704,42.463382720947266
ood,gated,CCD,1,True,0.013252735137939453,2.6940835,139.6376953125
ood,gated,CCD,2,True,0.025381088256835938,3.604308,89.44344329833984
ood,gated,CCD,1,True,0.012528181076049805,3.6087694,127.83015441894531
ood,gated,CCD,4,True,0.04717755317687988,3.9485893,153.83534240722656
ood,gated,CCD,2,True,0.026681900024414062,0.76532984,124.26263427734375
ood,gated,CCD,3,True,0.036205291748046875,3.8031955,134.39952087402344
ood,gated,CCD,4,True,0.04797935485839844,4.6152606,158.49708557128906
ood,gated,CCD,3,True,0.03759407997131348,4.4917407,162.48468017578125
ood,gated,CCD,2,True,0.02793145179748535,0.6809864,162.3960418701172
ood,gated,CCD,45,True,0.5335805416107178,4.92733,143.1141357421875
ood,gated,CCD,2,True,0.024879932403564453,1.6145885,94.20700073242188
ood,gated,CCD,2,True,0.02405095100402832,2.4175475,85.4260025024414
ood,gated,CCD,19,True,0.22751617431640625,4.917617,164.876708984375
ood,gated,CCD,2,True,0.025238990783691406,4.4150133,111.44305419921875
ood,gated,CCD,7,True,0.08621382713317871,3.5614579,62.55541229248047
ood,gated,CCD,2,True,0.024435997009277344,3.2583094,164.6500701904297
ood,gated,CCD,2,True,0.025696277618408203,3.222778,80.92816162109375
ood,gated,CCD,3,True,0.03758835792541504,2.5923483,106.3920669555664
ood,gated,CCD,3,True,0.03744816780090332,2.3964868,74.92726135253906
ood,gated,CCD,300,False,3.647324323654175,9.804903,138.1383056640625
ood,gated,CCD,1,True,0.012769222259521484,3.6656814,50.820526123046875
ood,gated,CCD,2,True,0.025137662887573242,2.4282522,148.8551025390625
ood,gated,CCD,3,True,0.03602409362792969,1.3572907,85.95574951171875
ood,gated,CCD,3,True,0.03838777542114258,4.163381,152.73416137695312
ood,gated,CCD,2,True,0.02542424201965332,3.0339968,117.5010757446289
ood,gated,CCD,2,True,0.02416205406188965,0.16589391,169.37603759765625
ood,gated,CCD,3,True,0.040596723556518555,2.5581226,67.0302963256836
ood,gated,CCD,11,True,0.13255023956298828,4.679134,84.87423706054688
ood,gated,CCD,2,True,0.024218082427978516,3.7506049,95.44123077392578
ood,gated,CCD,2,True,0.024257898330688477,1.3090831,143.09127807617188
ood,gated,CCD,1,True,0.013343334197998047,3.4091835,69.46186065673828
ood,gated,CCD,3,True,0.03828835487365723,4.635657,117.89669799804688
ood,gated,CCD,5,True,0.06011080741882324,3.444705,144.21054077148438
ood,gated,CCD,300,False,3.6588680744171143,37.319435,79.35980987548828
ood,gated,CCD,5,True,0.06548357009887695,1.2860309,171.950439453125
ood,gated,CCD,2,True,0.023784160614013672,1.7379426,75.52872467041016
ood,gated,CCD,2,True,0.028234004974365234,1.4597465,132.2747802734375
ood,gated,CCD,4,True,0.050894975662231445,4.0343018,137.99026489257812
ood,gated,CCD,2,True,0.02373981475830078,1.9185855,122.57270812988281
ood,gated,CCD,2,True,0.024816513061523438,1.288041,151.74107360839844
ood,gated,CCD,7,True,0.08487319946289062,3.3820977,128.03880310058594
ood,gated,CCD,7,True,0.0842893123626709,2.7854111,121.56611633300781
ood,gated,CCD,300,False,3.719146490097046,25.942982,134.46327209472656
ood,gated,CCD,3,True,0.04261946678161621,3.088158,179.7820281982422
ood,gated,CCD,300,False,3.606257200241089,13.413101,159.98765563964844
ood,gated,CCD,3,True,0.03699016571044922,2.2253942,53.84318923950195
ood,gated,CCD,1,True,0.013127565383911133,2.9542534,119.16063690185547
ood,gated,CCD,1,True,0.01370549201965332,1.2746544,179.5353546142578
ood,gated,CCD,1,True,0.013622760772705078,4.834496,94.08129119873047
ood,gated,CCD,10,True,0.1184837818145752,2.4843757,176.50607299804688
ood,gated,CCD,3,True,0.03626084327697754,2.5057151,129.18478393554688
ood,gated,CCD,3,True,0.0368649959564209,3.743773,58.283870697021484
ood,gated,CCD,4,True,0.05000925064086914,2.3033645,67.74700164794922
ood,gated,CCD,4,True,0.05124640464782715,3.3992975,79.9045639038086
ood,gated,CCD,2,True,0.025259971618652344,4.0003633,141.2459259033203
ood,gated,CCD,2,True,0.027954578399658203,1.2739562,117.171630859375
ood,gated,CCD,3,True,0.037934303283691406,2.372866,133.90155029296875
ood,gated,CCD,4,True,0.05394148826599121,0.978742,71.07718658447266
ood,gated,CCD,4,True,0.050333499908447266,4.402753,31.870546340942383
ood,gated,CCD,2,True,0.02531266212463379,0.049122024,124.89830780029297
ood,gated,CCD,4,True,0.04852795600891113,0.3027134,144.525634765625
ood,gated,CCD,4,True,0.04790687561035156,0.058701344,163.761474609375
ood,gated,CCD,1,True,0.01408529281616211,0.8295323,53.368099212646484
ood,gated,CCD,4,True,0.04868793487548828,4.012889,134.8344268798828
ood,gated,CCD,3,True,0.036025285720825195,2.4680858,82.34921264648438
ood,gated,CCD,5,True,0.06092476844787598,3.73048,127.0118408203125
ood,gated,CCD,2,True,0.024798154830932617,0.3885662,110.26115417480469
ood,gated,CCD,1,True,0.013028383255004883,0.6474662,46.739505767822266
ood,gated,CCD,1,True,0.013536214828491211,4.595912,140.5366668701172
ood,gated,CCD,300,False,3.6028361320495605,120.48693,84.22491455078125
ood,gated,CCD,4,True,0.04997992515563965,2.6291733,77.24925231933594
ood,gated,CCD,4,True,0.052123069763183594,3.866307,95.7429428100586
ood,gated,CCD,5,True,0.06105828285217285,4.994685,102.14488983154297
ood,gated,CCD,3,True,0.03629565238952637,3.7715328,137.08407592773438
ood,gated,CCD,2,True,0.026062488555908203,4.3349104,161.61614990234375
ood,gated,CCD,2,True,0.02438521385192871,0.24254738,108.21875
ood,gated,CCD,3,True,0.037940263748168945,2.85308,138.4495391845703
ood,gated,CCD,300,False,3.5855026245117188,163.96088,97.43647003173828
ood,gated,CCD,5,True,0.07154369354248047,4.6918635,144.98008728027344
ood,gated,CCD,3,True,0.034288644790649414,1.0842378,171.76608276367188
ood,gated,CCD,1,True,0.017263174057006836,3.7587924,90.68396759033203
ood,gated,CCD,4,True,0.046858787536621094,2.810661,101.7699966430664
ood,gated,CCD,1,True,0.012269020080566406,4.165154,130.39906311035156
ood,gated,CCD,3,True,0.03385639190673828,0.12042447,164.95956420898438
ood,gated,CCD,2,True,0.025565147399902344,2.2986135,36.45867919921875
ood,gated,CCD,7,True,0.07947778701782227,2.8470056,122.10161590576172
ood,gated,CCD,2,True,0.022917747497558594,0.66628927,70.9616928100586
ood,gated,CCD,3,True,0.038220882415771484,3.917378,133.3261260986328
ood,gated,CCD,2,True,0.026139020919799805,0.21647552,80.91818237304688
ood,gated,CCD,4,True,0.04779338836669922,4.3546233,177.5742950439453
ood,gated,CCD,3,True,0.0363922119140625,0.73143053,120.67423248291016
ood,gated,CCD,1,True,0.013016462326049805,1.5620512,179.08917236328125
ood,gated,CCD,2,True,0.02397322654724121,3.2651978,167.3968963623047
ood,gated,CCD,2,True,0.024352550506591797,2.936575,147.09686279296875
ood,gated,CCD,29,True,0.33739161491394043,4.982707,157.4110870361328
ood,gated,CCD,4,True,0.047878265380859375,1.8942868,141.60552978515625
ood,gated,CCD,300,False,3.5811023712158203,56.87249,129.0870819091797
ood,gated,CCD,5,True,0.05903363227844238,0.2948939,113.56554412841797
ood,gated,CCD,2,True,0.024394512176513672,1.482963,66.41372680664062
ood,gated,CCD,1,True,0.012463808059692383,4.535184,134.89111328125
ood,gated,CCD,4,True,0.047888994216918945,4.1956234,169.8464813232422
ood,gated,CCD,1,True,0.013087749481201172,4.577526,156.0665740966797
ood,gated,CCD,3,True,0.035539865493774414,3.8964493,156.30316162109375
ood,gated,CCD,3,True,0.03565192222595215,2.271965,159.82044982910156
ood,gated,CCD,2,True,0.025377273559570312,3.7801025,171.48587036132812
ood,gated,CCD,7,True,0.08281397819519043,3.2666197,151.69085693359375
ood,gated,CCD,1,True,0.012872695922851562,3.6253588,163.7004852294922
ood,gated,CCD,300,False,3.5932414531707764,296.2256,93.2294692993164
ood,gated,CCD,2,True,0.027042627334594727,0.989939,149.76861572265625
ood,gated,CCD,7,True,0.0821237564086914,4.7125907,61.312644958496094
ood,gated,CCD,300,False,3.534203290939331,17.77406,166.86416625976562
ood,gated,CCD,2,True,0.025966405868530273,1.0488491,162.60923767089844
ood,gated,CCD,2,True,0.025468111038208008,0.5116484,97.58026885986328
ood,gated,CCD,6,True,0.07754039764404297,4.4369307,167.91189575195312
ood,gated,CCD,9,True,0.10765504837036133,4.453727,105.70597076416016
ood,gated,CCD,2,True,0.02414870262145996,1.1951305,113.14788055419922
ood,gated,CCD,9,True,0.10850811004638672,4.142198,167.9290313720703
ood,gated,CCD,3,True,0.03712582588195801,1.412552,134.38397216796875
ood,gated,CCD,3,True,0.03689122200012207,0.67358005,151.33738708496094
ood,gated,CCD,5,True,0.06062197685241699,2.605395,138.34422302246094
ood,gated,CCD,5,True,0.05999279022216797,3.4846654,68.21833801269531
ood,gated,CCD,3,True,0.04750776290893555,2.2806928,70.66508483886719
ood,gated,CCD,3,True,0.03475379943847656,2.9227474,123.26216125488281
ood,gated,CCD,2,True,0.02278757095336914,0.46826005,110.71656799316406
ood,gated,CCD,300,False,3.5494046211242676,20.285501,89.38462829589844
ood,gated,CCD,300,False,3.7177069187164307,50.86461,109.25247955322266
ood,gated,CCD,2,True,0.03261613845825195,1.3138937,167.47000122070312
ood,gated,CCD,4,True,0.057724714279174805,4.812556,142.37425231933594
ood,gated,CCD,9,True,0.11445927619934082,4.6238213,137.35321044921875
ood,gated,CCD,1,True,0.011907577514648438,1.6472623,19.2010555267334
ood,gated,CCD,4,True,0.053049325942993164,3.3115416,120.80841827392578
ood,gated,CCD,5,True,0.06580829620361328,2.3290894,135.27027893066406
ood,gated,CCD,2,True,0.02354717254638672,3.8202868,31.065914154052734
ood,gated,CCD,2,True,0.029241561889648438,1.894933,95.65586853027344
ood,gated,CCD,300,False,3.5646471977233887,221.71074,92.79287719726562
ood,gated,CCD,8,True,0.09968137741088867,4.1376247,135.3346710205078
ood,gated,CCD,2,True,0.025693178176879883,1.5992174,179.4398193359375
ood,gated,CCD,1,True,0.012559175491333008,3.2881684,63.869895935058594
ood,gated,CCD,1,True,0.015546798706054688,0.86532545,25.82093048095703
ood,gated,CCD,300,False,3.5740244388580322,17.287523,109.545654296875
ood,gated,CCD,1,True,0.015414714813232422,1.2752953,20.93998146057129
ood,gated,CCD,6,True,0.07042503356933594,3.8405135,153.65374755859375
ood,gated,CCD,2,True,0.023111820220947266,1.7567748,120.66162109375
ood,gated,CCD,2,True,0.027913808822631836,1.9661742,89.14431762695312
ood,gated,CCD,1,True,0.014319181442260742,0.97330564,37.41611862182617
ood,gated,CCD,2,True,0.03482317924499512,3.6493914,103.83760833740234
ood,gated,CCD,2,True,0.02785778045654297,0.45702934,54.32931137084961
ood,gated,CCD,2,True,0.024257421493530273,2.4195879,87.3712387084961
ood,gated,CCD,2,True,0.023306846618652344,2.5854897,102.96617889404297
ood,gated,CCD,2,True,0.022554636001586914,2.1816688,67.86524963378906
ood,gated,CCD,10,True,0.11866211891174316,4.388956,84.98941802978516
ood,gated,CCD,1,True,0.0140838623046875,1.0835054,156.32850646972656
ood,gated,CCD,6,True,0.08245277404785156,4.778207,171.20880126953125
ood,gated,CCD,3,True,0.037970542907714844,0.60859513,79.81501007080078
ood,gated,CCD,4,True,0.048146963119506836,4.912136,133.63540649414062
ood,gated,CCD,300,False,3.59260630607605,50.364822,66.35633087158203
ood,gated,CCD,1,True,0.012978076934814453,0.5988866,137.41156005859375
ood,gated,CCD,2,True,0.02640533447265625,1.2980205,54.56459045410156
ood,gated,CCD,5,True,0.059589385986328125,4.3208613,75.72865295410156
ood,gated,CCD,3,True,0.03908276557922363,3.2889156,101.44096374511719
ood,gated,CCD,6,True,0.07124805450439453,3.4298987,78.26838684082031
ood,gated,CCD,3,True,0.037168264389038086,4.477931,177.9955291748047
ood,gated,CCD,2,True,0.02506732940673828,3.6071706,24.224414825439453
ood,gated,CCD,4,True,0.05792832374572754,4.620751,29.597267150878906
ood,gated,CCD,3,True,0.03691530227661133,3.3995347,140.50830078125
ood,gated,CCD,8,True,0.09602785110473633,4.2248397,108.26537322998047
ood,gated,CCD,4,True,0.04696011543273926,3.1813173,102.1092758178711
ood,gated,CCD,2,True,0.02648448944091797,0.8419176,115.81863403320312
ood,gated,CCD,2,True,0.0293276309967041,2.343993,75.34447479248047
ood,gated,CCD,10,True,0.13362598419189453,4.330113,139.25315856933594
ood,gated,CCD,300,False,3.5650928020477295,62.573997,112.37641906738281
ood,gated,CCD,2,True,0.028196096420288086,0.6530328,100.20831298828125
ood,gated,CCD,2,True,0.03329348564147949,0.1262195,57.56953811645508
ood,gated,CCD,2,True,0.027086973190307617,4.251362,117.9776611328125
ood,gated,CCD,3,True,0.03666210174560547,1.8267118,161.87059020996094
ood,gated,CCD,8,True,0.09824204444885254,4.5701604,89.6699447631836
ood,gated,CCD,6,True,0.07097697257995605,4.020272,137.7258758544922
ood,gated,CCD,3,True,0.035629987716674805,4.571676,57.09574508666992
ood,gated,CCD,2,True,0.025165796279907227,0.49616018,108.48980712890625
ood,gated,CCD,4,True,0.046878814697265625,1.2569038,177.73419189453125
ood,gated,CCD,2,True,0.02468085289001465,3.1684809,68.63153076171875
ood,gated,CCD,2,True,0.024132490158081055,3.4485676,170.65162658691406
ood,gated,CCD,4,True,0.046982526779174805,1.951255,159.22958374023438
ood,gated,CCD,2,True,0.024988174438476562,0.0453765,165.50643920898438
ood,gated,CCD,300,False,3.545727252960205,18.888102,135.26048278808594
ood,gated,CCD,1,True,0.020845890045166016,4.1891646,171.09161376953125
ood,gated,CCD,3,True,0.03597831726074219,2.3878467,71.92416381835938
ood,gated,CCD,2,True,0.02446722984313965,0.4230611,159.93304443359375
ood,gated,CCD,2,True,0.025539636611938477,0.54838157,175.56011962890625
ood,gated,CCD,1,True,0.013115406036376953,3.9434075,144.55563354492188
ood,gated,CCD,8,True,0.09403300285339355,4.0063615,97.99571228027344
ood,gated,CCD,2,True,0.024909257888793945,0.44902262,124.72665405273438
ood,gated,CCD,4,True,0.05307126045227051,4.566358,162.02220153808594
ood,gated,CCD,2,True,0.03057241439819336,0.8050117,166.05059814453125
ood,gated,CCD,9,True,0.10095882415771484,4.9473343,69.98197174072266
ood,gated,CCD,6,True,0.07135939598083496,2.9604871,109.84736633300781
ood,gated,CCD,300,False,3.580291271209717,238.64809,151.28475952148438
ood,gated,CCD,2,True,0.024912595748901367,0.9262317,158.67538452148438
ood,gated,CCD,8,True,0.09484028816223145,3.5137353,135.47537231445312
ood,gated,CCD,1,True,0.013693809509277344,0.7014753,130.93946838378906
ood,gated,CCD,2,True,0.024487733840942383,0.7301333,154.9100799560547
ood,gated,CCD,2,True,0.024979352951049805,4.411186,78.52227020263672
ood,gated,CCD,2,True,0.024013757705688477,2.297223,110.49156951904297
ood,gated,CCD,3,True,0.0360720157623291,3.4986675,107.46807861328125
ood,gated,CCD,3,True,0.035825252532958984,3.98585,133.31280517578125
ood,gated,CCD,2,True,0.023952484130859375,3.0632474,91.14759063720703
ood,gated,CCD,3,True,0.036569833755493164,4.5881023,142.49282836914062
ood,gated,CCD,3,True,0.03582620620727539,3.8186717,113.97172546386719
ood,gated,CCD,1,True,0.01488041877746582,0.68708897,27.30640983581543
ood,gated,CCD,2,True,0.02565312385559082,0.46546555,154.72889709472656
ood,gated,CCD,300,False,3.6884756088256836,22.177122,138.62770080566406
ood,gated,CCD,4,True,0.06306004524230957,3.7110066,121.96115112304688
ood,gated,CCD,5,True,0.08460688591003418,2.6906683,143.137939453125
ood,gated,CCD,4,True,0.05304837226867676,2.0428717,85.75723266601562
ood,gated,CCD,4,True,0.0487520694732666,0.23674455,33.826297760009766
ood,gated,CCD,4,True,0.059243202209472656,4.6894746,168.59365844726562
ood,gated,CCD,1,True,0.01574563980102539,2.146556,115.67772674560547
ood,gated,CCD,2,True,0.031954288482666016,0.07842763,44.21187210083008
ood,gated,CCD,3,True,0.037023305892944336,2.859313,134.97714233398438
ood,gated,CCD,1,True,0.011986255645751953,1.6339542,55.68170928955078
ood,gated,CCD,1,True,0.012575149536132812,1.2318864,151.79873657226562
ood,gated,CCD,3,True,0.039206504821777344,4.3153706,143.07044982910156
ood,gated,CCD,3,True,0.046094417572021484,2.4837615,68.04589080810547
ood,gated,CCD,2,True,0.025442838668823242,3.5067728,85.67829895019531
